rosbagTimestamp,data
1545133011162405418,21.6249809265
1545133011164094091,21.6249809265
1545133011164352552,21.6106948853
1545133011164475293,21.6356945038
1545133011164511482,21.6285514832
1545133011164532616,21.6249809265
1545133011164600641,21.6571235657
1545133011164627530,21.653553009
1545133011164704877,21.6249809265
1545133011164720527,21.6071243286
1545133011164738264,21.6142654419
1545133011164756469,21.6321239471
1545133011164769858,21.6249809265
1545133011164797730,21.6392669678
1545133011164871521,21.6249809265
1545133011164899711,21.649980545
1545133011164921142,21.649980545
1545133011164945594,21.6249809265
1545133011165071124,21.6249809265
1545133011165200071,21.6642665863
1545133011165236043,21.6606941223
1545133011165260137,21.6392669678
1545133011165284751,21.6249809265
1545133011165310563,21.6642665863
1545133011165342842,21.6285514832
1545133011165368172,21.6214084625
1545133011165390930,21.6321239471
1545133011165431562,21.6428375244
1545133011165466085,21.599981308
1545133011165498396,21.6392669678
1545133011165516058,21.6106948853
1545133011165531961,21.6285514832
1545133011165547004,21.599981308
1545133011165556978,21.6285514832
1545133011165575946,21.6214084625
1545133011165588528,21.6249809265
1545133011165610639,21.6142654419
1545133011165624320,21.6214084625
1545133011165665398,21.6285514832
1545133011165678139,21.6035518646
1545133011165731656,21.6142654419
1545133011165772529,21.6464099884
1545133011165814293,21.6106948853
1545133011165832988,21.6142654419
1545133011165882820,21.6214084625
1545133011165893627,21.6428375244
1545133011165925351,21.6214084625
1545133011165952961,21.596408844
1545133011165973729,21.6571235657
1545133011166006250,21.596408844
1545133011166016478,21.6142654419
1545133011166025821,21.6321239471
1545133011166084747,21.6356945038
1545133011166111450,21.6106948853
1545133011166192979,21.6249809265
1545133011166211135,21.6142654419
1545133011166254533,21.6178379059
1545133011166281533,21.6321239471
1545133011166333016,21.6285514832
1545133011166352464,21.6249809265
1545133011166388146,21.6321239471
1545133011166436196,21.6428375244
1545133011166470077,21.6249809265
1545133011166519771,21.6071243286
1545133011166555182,21.6214084625
1545133011166597709,21.6035518646
1545133011166649366,21.6356945038
1545133011166704009,21.6321239471
1545133011166816801,21.6106948853
1545133011166853573,21.6321239471
1545133011166883258,21.6142654419
1545133011166915302,21.6106948853
1545133011166959146,21.649980545
1545133011167001814,21.6464099884
1545133011167038692,21.599981308
1545133011167073569,21.6392669678
1545133011167116985,21.6249809265
1545133011167215537,21.6428375244
1545133011167269460,21.6035518646
1545133011167310659,21.6178379059
1545133011167353144,21.596408844
1545133011167435147,21.6464099884
1545133011167498772,21.6106948853
1545133011167523116,21.6285514832
1545133011167561990,21.6249809265
1545133011167578601,21.6249809265
1545133011170790792,21.6178379059
1545133011182164881,21.6071243286
1545133011182170743,21.6356945038
1545133011182175378,21.6178379059
1545133011182226380,21.599981308
1545133011182248291,21.599981308
1545133011182281127,21.6106948853
1545133011182832295,21.6214084625
1545133011182836930,21.596408844
1545133011182886844,21.6249809265
1545133011183232895,21.6285514832
1545133011183349207,21.6035518646
1545133011183543928,21.6178379059
1545133011183782605,21.6178379059
1545133011198652925,21.5821228027
1545133011250342506,21.596408844
1545133011301091632,21.6071243286
1545133011352499139,21.6106948853
1545133011403467506,21.6392669678
1545133011453470303,21.6142654419
1545133011501866539,21.6071243286
1545133011552898488,21.6178379059
1545133011605404099,21.6249809265
1545133011657361174,21.5928382874
1545133011704496119,21.6035518646
1545133011755642208,21.6071243286
1545133011805812389,21.5928382874
1545133011857921720,21.649980545
1545133011909460714,21.6214084625
1545133011956362250,21.5821228027
1545133012006026865,21.6285514832
1545133012056967421,21.6356945038
1545133012110330706,21.6321239471
1545133012159186220,21.6106948853
1545133012209147407,21.5928382874
1545133012259691071,21.5928382874
1545133012310925385,21.6249809265
1545133012359684431,21.6106948853
1545133012412717232,21.6392669678
1545133012461452607,21.6606941223
1545133012513710354,21.6071243286
1545133012560578059,21.5892658234
1545133012612552659,21.6142654419
1545133012662657058,21.6214084625
1545133012713958898,21.6071243286
1545133012764792632,21.5928382874
1545133012813771188,21.5928382874
1545133012863976586,21.6249809265
1545133012917122421,21.6106948853
1545133012968630763,21.5856952667
1545133013018749011,21.6178379059
1545133013066652297,21.6392669678
1545133013115597470,21.6071243286
1545133013168185441,21.5856952667
1545133013219469861,21.6214084625
1545133013269516601,21.6249809265
1545133013318384966,21.6214084625
1545133013368222912,21.6571235657
1545133013420912385,21.6035518646
1545133013474398865,21.6285514832
1545133013521645064,21.6428375244
1545133013571573512,21.6285514832
1545133013621858574,21.6356945038
1545133013672644181,21.6178379059
1545133013723124216,21.6392669678
1545133013774867494,21.5928382874
1545133013822673613,21.6464099884
1545133013875887161,21.6035518646
1545133013927448539,21.6321239471
1545133013977282638,21.649980545
1545133014028413631,21.5892658234
1545133014074632288,21.6071243286
1545133014126095174,21.6035518646
1545133014178922515,21.599981308
1545133014228109194,21.6285514832
1545133014278431014,21.6285514832
1545133014328529933,21.6356945038
1545133014378371008,21.6321239471
1545133014430677153,21.6464099884
1545133014479599144,21.6285514832
1545133014532272756,21.6285514832
1545133014581398358,21.6285514832
1545133014631682404,21.6178379059
1545133014682936576,21.6249809265
1545133014733887300,21.599981308
1545133014784474207,21.6285514832
1545133014830102222,21.6035518646
1545133014881484183,21.6392669678
1545133014934602693,21.6142654419
1545133014983830786,21.599981308
1545133015037476062,21.6178379059
1545133015084976551,21.6214084625
1545133015137575546,21.6214084625
1545133015186632489,21.6142654419
1545133015235361024,21.6428375244
1545133015288148959,21.6285514832
1545133015335847846,21.653553009
1545133015386868058,21.6178379059
1545133015438905670,21.6178379059
1545133015489259458,21.6142654419
1545133015540212477,21.6321239471
1545133015589803467,21.6106948853
1545133015639207084,21.596408844
1545133015688428006,21.6142654419
1545133015741342491,21.6428375244
1545133015789836815,21.5821228027
1545133015843653060,21.653553009
1545133015892671404,21.6428375244
1545133015940658263,21.6214084625
1545133015995911723,21.6106948853
1545133016043829500,21.6321239471
1545133016093347381,21.6214084625
1545133016143476680,21.6321239471
1545133016192259889,21.6142654419
1545133016246178635,21.5892658234
1545133016296417507,21.5892658234
1545133016352849804,21.6035518646
1545133016395036459,21.6428375244
1545133016446692129,21.6178379059
1545133016497574781,21.6142654419
1545133016548451378,21.6356945038
1545133016597833249,21.6285514832
1545133016647506606,21.6249809265
1545133016698729509,21.6249809265
1545133016748853205,21.6035518646
1545133016801168666,21.653553009
1545133016849455198,21.653553009
1545133016898682915,21.653553009
1545133016951484801,21.6285514832
1545133017003422936,21.6214084625
1545133017051854799,21.6321239471
1545133017104328886,21.6285514832
1545133017150737618,21.6035518646
1545133017202249541,21.6249809265
1545133017254943429,21.6392669678
1545133017304119051,21.6392669678
1545133017356339120,21.6249809265
1545133017405254624,21.649980545
1545133017456059686,21.6356945038
1545133017509015563,21.6142654419
1545133017555404599,21.6249809265
1545133017608282429,21.6142654419
1545133017658959497,21.6071243286
1545133017705434369,21.6142654419
1545133017759683055,21.6035518646
1545133017809202367,21.6106948853
1545133017860596789,21.6214084625
1545133017908441023,21.6392669678
1545133017960026912,21.5928382874
1545133018012590592,21.6071243286
1545133018062331681,21.6356945038
1545133018110346947,21.6214084625
1545133018162712079,21.5856952667
1545133018211154842,21.6356945038
1545133018262760505,21.6464099884
1545133018314900515,21.6285514832
1545133018365149550,21.649980545
1545133018414381410,21.6142654419
1545133018463185621,21.6249809265
1545133018514692864,21.6142654419
1545133018568081875,21.6142654419
1545133018616960876,21.6392669678
1545133018665632020,21.6392669678
1545133018717809059,21.6178379059
1545133018767097959,21.6392669678
1545133018818005560,21.6285514832
1545133018868117361,21.6071243286
1545133018918305135,21.6071243286
1545133018966991364,21.5928382874
1545133019018587777,21.6035518646
1545133019069164876,21.6464099884
1545133019122951230,21.6321239471
1545133019171143670,21.6428375244
1545133019218686975,21.6142654419
1545133019270791950,21.6428375244
1545133019321671184,21.6214084625
1545133019372763866,21.6142654419
1545133019423593756,21.6106948853
1545133019473112867,21.6178379059
1545133019523463199,21.6071243286
1545133019573638511,21.6035518646
1545133019624116676,21.6356945038
1545133019677328270,21.649980545
1545133019724455056,21.6214084625
1545133019774401805,21.6071243286
1545133019825406028,21.649980545
1545133019877335744,21.6249809265
1545133019926516802,21.6142654419
1545133019977094133,21.599981308
1545133020026474911,21.6214084625
1545133020078822340,21.5785522461
1545133020128594734,21.6321239471
1545133020181608747,21.6428375244
1545133020229081695,21.6285514832
1545133020279652693,21.6285514832
1545133020331376464,21.6106948853
1545133020383289704,21.6285514832
1545133020431839674,21.6071243286
1545133020482831573,21.5892658234
1545133020531979234,21.6178379059
1545133020582771629,21.6285514832
1545133020631676741,21.6106948853
1545133020684775846,21.6464099884
1545133020734364244,21.6285514832
1545133020783901211,21.599981308
1545133020835865904,21.6285514832
1545133020888197800,21.6071243286
1545133020936884834,21.6321239471
1545133020985603669,21.6142654419
1545133021038573678,21.599981308
1545133021087539723,21.6142654419
1545133021138571962,21.6106948853
1545133021186564166,21.6606941223
1545133021238777503,21.6356945038
1545133021290329738,21.596408844
1545133021340132093,21.5928382874
1545133021390937425,21.6464099884
1545133021442854307,21.6142654419
1545133021493289549,21.599981308
1545133021539289240,21.6249809265
1545133021591108494,21.6606941223
1545133021644173595,21.6035518646
1545133021692978868,21.6214084625
1545133021741673403,21.599981308
1545133021793728203,21.6071243286
1545133021842336194,21.6249809265
1545133021895704058,21.596408844
1545133021944413113,21.6214084625
1545133021997071887,21.6321239471
1545133022045411489,21.6392669678
1545133022096420672,21.6035518646
1545133022148387825,21.6035518646
1545133022198904805,21.6356945038
1545133022247100223,21.6214084625
1545133022298839108,21.6142654419
1545133022349022701,21.599981308
1545133022398244985,21.6178379059
1545133022449120852,21.6249809265
1545133022499362598,21.6249809265
1545133022549061646,21.6285514832
1545133022599292876,21.6178379059
1545133022649376614,21.6142654419
1545133022700618019,21.6678371429
1545133022753283509,21.6071243286
1545133022802326887,21.6142654419
1545133022851975781,21.6249809265
1545133022901513222,21.6428375244
1545133022953139121,21.6071243286
1545133023006414631,21.6178379059
1545133023054184282,21.6106948853
1545133023106201624,21.6249809265
1545133023154207143,21.6464099884
1545133023206722143,21.653553009
1545133023257573290,21.6428375244
1545133023307109619,21.6142654419
1545133023357285787,21.6321239471
1545133023407905095,21.653553009
1545133023457888004,21.6428375244
1545133023507974603,21.6178379059
1545133023559319479,21.6356945038
1545133023607259608,21.6249809265
1545133023659295373,21.6356945038
1545133023710412612,21.599981308
1545133023762083480,21.6428375244
1545133023812610305,21.6178379059
1545133023859905846,21.6464099884
1545133023912563082,21.6071243286
1545133023963006512,21.6321239471
1545133024015182881,21.6464099884
1545133024061489058,21.6106948853
1545133024113911995,21.6464099884
1545133024164783969,21.6285514832
1545133024216208759,21.6142654419
1545133024264956027,21.6106948853
1545133024317822544,21.6035518646
1545133024366534442,21.6642665863
1545133024417870734,21.6392669678
1545133024466342410,21.6142654419
1545133024517550762,21.6214084625
1545133024568077976,21.6464099884
1545133024616837667,21.6249809265
1545133024669561023,21.6642665863
1545133024720413760,21.649980545
1545133024770903298,21.6035518646
1545133024819349080,21.6106948853
1545133024869460482,21.6392669678
1545133024919959157,21.6106948853
1545133024973962999,21.6356945038
1545133025020896131,21.6249809265
1545133025074168361,21.6678371429
1545133025120928785,21.6428375244
1545133025173348769,21.6464099884
1545133025224320655,21.6321239471
1545133025273761235,21.649980545
1545133025326306057,21.653553009
1545133025374183355,21.6428375244
1545133025424413672,21.653553009
1545133025476664968,21.6321239471
1545133025527254016,21.6142654419
1545133025577955485,21.6428375244
1545133025627755776,21.6356945038
1545133025676570459,21.6285514832
1545133025727588020,21.6464099884
1545133025776900129,21.653553009
1545133025829882465,21.6678371429
1545133025879080522,21.653553009
1545133025931140950,21.6714096069
1545133025981947415,21.6249809265
1545133026031176213,21.6606941223
1545133026082943111,21.6678371429
1545133026130878949,21.653553009
1545133026182438401,21.6749801636
1545133026231444818,21.6142654419
1545133026282719770,21.6285514832
1545133026333196701,21.6464099884
1545133026382382347,21.6678371429
1545133026432355550,21.6571235657
1545133026483028637,21.6749801636
1545133026534344915,21.6821231842
1545133026590213887,21.6428375244
1545133026634936697,21.6428375244
1545133026686991355,21.6785526276
1545133026735167960,21.6714096069
1545133026788177310,21.649980545
1545133026837994270,21.6356945038
1545133026886294540,21.6785526276
1545133026937034676,21.7071228027
1545133026988389432,21.649980545
1545133027040544887,21.6821231842
1545133027089536633,21.6678371429
1545133027141826414,21.7071228027
1545133027190564836,21.6749801636
1545133027241260169,21.6714096069
1545133027292411730,21.6964092255
1545133027341579472,21.6821231842
1545133027393550288,21.6928386688
1545133027442489815,21.6642665863
1545133027493931008,21.6678371429
1545133027543520500,21.6678371429
1545133027595544195,21.6928386688
1545133027646638845,21.653553009
1545133027692873632,21.6571235657
1545133027744919918,21.6606941223
1545133027796056401,21.6571235657
1545133027847234339,21.6999797821
1545133027895031076,21.6571235657
1545133027952059902,21.6749801636
1545133027999626257,21.6856956482
1545133028048464736,21.6749801636
1545133028099726204,21.6928386688
1545133028150937057,21.6571235657
1545133028199490224,21.6642665863
1545133028249917986,21.6821231842
1545133028300303453,21.6714096069
1545133028351407567,21.6392669678
1545133028402450041,21.6392669678
1545133028450923036,21.6928386688
1545133028503082265,21.6678371429
1545133028553022852,21.6464099884
1545133028603908822,21.6856956482
1545133028652320322,21.6678371429
1545133028703327041,21.6821231842
1545133028752343974,21.6571235657
1545133028804098991,21.6642665863
1545133028857238204,21.6606941223
1545133028906666177,21.6785526276
1545133028957097679,21.6571235657
1545133029008076995,21.6964092255
1545133029058248284,21.649980545
1545133029108498973,21.6749801636
1545133029158095344,21.7035522461
1545133029208311080,21.6964092255
1545133029258935922,21.6785526276
1545133029307521481,21.6392669678
1545133029359372842,21.6785526276
1545133029408344666,21.6428375244
1545133029462193494,21.649980545
1545133029509997117,21.653553009
1545133029562918723,21.6356945038
1545133029612207979,21.6285514832
1545133029664547182,21.6642665863
1545133029712747295,21.6214084625
1545133029761382604,21.6106948853
1545133029812693155,21.6321239471
1545133029864790168,21.6285514832
1545133029916205843,21.6464099884
1545133029964764192,21.649980545
1545133030013436161,21.6321239471
1545133030064652305,21.6464099884
1545133030117180693,21.6464099884
1545133030166276994,21.6285514832
1545133030217440385,21.653553009
1545133030265964293,21.6249809265
1545133030316509530,21.6214084625
1545133030368037205,21.6428375244
1545133030420335466,21.6642665863
1545133030468469284,21.6392669678
1545133030517337356,21.6285514832
1545133030568710970,21.6214084625
1545133030622727393,21.6285514832
1545133030671635369,21.6392669678
1545133030720813363,21.596408844
1545133030770878725,21.6285514832
1545133030821878210,21.6214084625
1545133030874265230,21.6428375244
1545133030924332731,21.6356945038
1545133030972997760,21.6142654419
1545133031024124262,21.6392669678
1545133031074920335,21.653553009
1545133031125380340,21.6356945038
1545133031176878741,21.6356945038
1545133031227392791,21.6571235657
1545133031276580087,21.6714096069
1545133031324711043,21.6356945038
1545133031378495207,21.6428375244
1545133031428198390,21.6356945038
1545133031478640653,21.6178379059
1545133031527004572,21.6606941223
1545133031579149833,21.6428375244
1545133031630172058,21.653553009
1545133031693348101,21.6356945038
1545133031729121827,21.649980545
1545133031782261656,21.6678371429
1545133031844429084,21.6392669678
1545133031881594152,21.6714096069
1545133031934115747,21.653553009
1545133031987715871,21.6785526276
1545133032033409645,21.6714096069
1545133032084354068,21.6571235657
1545133032133474780,21.6642665863
1545133032186506938,21.6392669678
1545133032237081136,21.6571235657
1545133032284544842,21.6785526276
1545133032334301602,21.649980545
1545133032386004499,21.6714096069
1545133032436631097,21.6642665863
1545133032487245042,21.6428375244
1545133032537761864,21.6678371429
1545133032587828776,21.6749801636
1545133032637413077,21.6571235657
1545133032688048945,21.6892662048
1545133032741191279,21.649980545
1545133032792080947,21.6749801636
1545133032840099338,21.6785526276
1545133032888647155,21.6714096069
1545133032940613705,21.6856956482
1545133032992730698,21.6464099884
1545133033041964761,21.6642665863
1545133033095019676,21.6785526276
1545133033142699554,21.6678371429
1545133033192713427,21.6928386688
1545133033242929597,21.6464099884
1545133033296622553,21.653553009
1545133033343273553,21.6642665863
1545133033395053633,21.6678371429
1545133033445862196,21.6606941223
1545133033495881623,21.6928386688
1545133033544691472,21.6749801636
1545133033595876473,21.649980545
1545133033644610586,21.6856956482
1545133033698690660,21.6821231842
1545133033749524181,21.6821231842
1545133033800368027,21.6571235657
1545133033847921432,21.6285514832
1545133033897596943,21.6249809265
1545133033950576762,21.6642665863
1545133034001179027,21.6428375244
1545133034050998121,21.6821231842
1545133034101723494,21.6428375244
1545133034151353486,21.6785526276
1545133034203313408,21.6642665863
1545133034251075390,21.6856956482
1545133034303993385,21.6606941223
1545133034353600480,21.6642665863
1545133034402911137,21.6428375244
1545133034454653433,21.6606941223
1545133034506920199,21.6678371429
1545133034556547062,21.6249809265
1545133034605116601,21.6428375244
1545133034657273695,21.6571235657
1545133034706669857,21.6356945038
1545133034757188493,21.6321239471
1545133034805651360,21.6428375244
1545133034857394670,21.6606941223
1545133034909851596,21.6428375244
1545133034957759060,21.6392669678
1545133035009969816,21.6606941223
1545133035061679189,21.6428375244
1545133035108966425,21.6392669678
1545133035158999873,21.6714096069
1545133035210347502,21.599981308
1545133035263242246,21.6249809265
1545133035311835119,21.6428375244
1545133035361838348,21.6142654419
1545133035412686928,21.6321239471
1545133035461774204,21.6356945038
1545133035514492292,21.6249809265
1545133035563493629,21.6285514832
1545133035616661988,21.649980545
1545133035662572345,21.6035518646
1545133035715195390,21.6571235657
1545133035767336241,21.6214084625
1545133035817207217,21.6571235657
1545133035866317894,21.6285514832
1545133035917569654,21.6392669678
1545133035967565785,21.6356945038
1545133036016836691,21.6464099884
1545133036067762285,21.6356945038
1545133036117755486,21.6142654419
1545133036168528051,21.653553009
1545133036218705819,21.6642665863
1545133036268170067,21.6178379059
1545133036321417810,21.6321239471
1545133036372310470,21.6321239471
1545133036420946455,21.6249809265
1545133036470802424,21.6392669678
1545133036520011512,21.6428375244
1545133036572045995,21.6392669678
1545133036624013866,21.6178379059
1545133036673430292,21.6356945038
1545133036723320417,21.6142654419
1545133036774285777,21.6356945038
1545133036825703500,21.6714096069
1545133036876483439,21.6356945038
1545133036926721570,21.6392669678
1545133036974181226,21.6428375244
1545133037026370282,21.6178379059
1545133037076506370,21.6178379059
1545133037126854431,21.649980545
1545133037177857922,21.6249809265
1545133037227054902,21.6428375244
1545133037277983444,21.6106948853
1545133037329180964,21.6285514832
1545133037382889994,21.6392669678
1545133037431229963,21.6321239471
1545133037478963703,21.6428375244
1545133037530571265,21.6428375244
1545133037583728582,21.6428375244
1545133037632466304,21.649980545
1545133037681317521,21.6392669678
1545133037733375989,21.6428375244
1545133037783997969,21.6678371429
1545133037835316824,21.6678371429
1545133037884556753,21.6749801636
1545133037937557977,21.653553009
1545133037983196531,21.653553009
1545133038036606728,21.6785526276
1545133038085758674,21.6749801636
1545133038136514101,21.6892662048
1545133038187031445,21.653553009
1545133038235602225,21.6571235657
1545133038288545759,21.6571235657
1545133038339678667,21.6606941223
1545133038388361550,21.6642665863
1545133038438612438,21.6642665863
1545133038488348698,21.6642665863
1545133038538761808,21.6571235657
1545133038590948611,21.6749801636
1545133038640041387,21.6964092255
1545133038693103995,21.653553009
1545133038740465608,21.649980545
1545133038796207008,21.653553009
1545133038843080906,21.6321239471
1545133038892801807,21.6642665863
1545133038945076782,21.6571235657
1545133038993731258,21.6821231842
1545133039044313572,21.6571235657
1545133039096188353,21.653553009
1545133039146637743,21.6642665863
1545133039197146365,21.6714096069
1545133039246895045,21.649980545
1545133039295793173,21.6821231842
1545133039347214825,21.6428375244
1545133039396098423,21.6606941223
1545133039449040193,21.6428375244
1545133039497068628,21.6749801636
1545133039550870203,21.6928386688
1545133039601300848,21.6464099884
1545133039650499526,21.7071228027
1545133039701364559,21.6714096069
1545133039750518219,21.6856956482
1545133039798534748,21.6785526276
1545133039850861901,21.6678371429
1545133039902034253,21.6892662048
1545133039952952129,21.6571235657
1545133040002387932,21.6642665863
1545133040052469879,21.649980545
1545133040102948287,21.6606941223
1545133040153933249,21.6821231842
1545133040205042420,21.6821231842
1545133040254072573,21.6642665863
1545133040306490710,21.653553009
1545133040355304181,21.6928386688
1545133040405683609,21.6571235657
1545133040457057456,21.7142658234
1545133040505716595,21.6856956482
1545133040556436777,21.6642665863
1545133040608918675,21.6392669678
1545133040659866470,21.6928386688
1545133040708659876,21.6642665863
1545133040762821708,21.6749801636
1545133040809446273,21.6678371429
1545133040860643610,21.6821231842
1545133040911800228,21.6785526276
1545133040962126067,21.6856956482
1545133041011168702,21.6999797821
1545133041061464520,21.7178382874
1545133041112993469,21.6714096069
1545133041162494471,21.6856956482
1545133041212832259,21.6749801636
1545133041263348450,21.6571235657
1545133041312327642,21.6356945038
1545133041364216257,21.7071228027
1545133041415498469,21.6928386688
1545133041466773239,21.6714096069
1545133041514706592,21.6678371429
1545133041567344147,21.6892662048
1545133041617043028,21.6856956482
1545133041670545875,21.6714096069
1545133041716922672,21.6821231842
1545133041767830228,21.721408844
1545133041818253027,21.6714096069
1545133041868619346,21.6964092255
1545133041919843517,21.6642665863
1545133041971025509,21.6892662048
1545133042022521624,21.6892662048
1545133042069742715,21.6606941223
1545133042119577859,21.653553009
1545133042172256365,21.6928386688
1545133042222459845,21.721408844
1545133042273292776,21.6714096069
1545133042322870904,21.6749801636
1545133042372195120,21.6892662048
1545133042423033630,21.6428375244
1545133042482397752,21.6571235657
1545133042525459479,21.653553009
1545133042576477163,21.6571235657
1545133042624904902,21.6606941223
1545133042677104721,21.653553009
1545133042726900448,21.6392669678
1545133042777274987,21.6428375244
1545133042827259488,21.6249809265
1545133042877425291,21.6178379059
1545133042926971700,21.6392669678
1545133042978398160,21.6392669678
1545133043028993590,21.6178379059
1545133043082300791,21.6285514832
1545133043128412807,21.6285514832
1545133043182241537,21.6106948853
1545133043230930447,21.6356945038
1545133043281081311,21.6321239471
1545133043331522880,21.6428375244
1545133043380660725,21.6571235657
1545133043431296856,21.6285514832
1545133043483528141,21.6214084625
1545133043535315169,21.6178379059
1545133043583491812,21.6321239471
1545133043632177558,21.6142654419
1545133043683280593,21.6071243286
1545133043736527335,21.6178379059
1545133043787738370,21.6214084625
1545133043836197600,21.6821231842
1545133043885409450,21.6071243286
1545133043935272393,21.6321239471
1545133043986611790,21.6142654419
1545133044038233129,21.6071243286
1545133044090006803,21.6214084625
1545133044139570625,21.6642665863
1545133044187481616,21.6249809265
1545133044238783646,21.6356945038
1545133044288938463,21.6249809265
1545133044341969056,21.6321239471
1545133044390353083,21.6392669678
1545133044440581797,21.6321239471
1545133044492259389,21.649980545
1545133044543871499,21.6392669678
1545133044590646583,21.6428375244
1545133044643355842,21.6249809265
1545133044693630047,21.6035518646
1545133044745074470,21.6249809265
1545133044796143642,21.6214084625
1545133044845925733,21.6035518646
1545133044896013569,21.6214084625
1545133044943087514,21.5928382874
1545133044997584179,21.6035518646
1545133045046608495,21.6106948853
1545133045097916693,21.649980545
1545133045147812390,21.6178379059
1545133045198419885,21.6035518646
1545133045248968534,21.6249809265
1545133045301696264,21.6285514832
1545133045348303629,21.6142654419
1545133045400996879,21.653553009
1545133045449512749,21.6321239471
1545133045500146981,21.6035518646
1545133045552960333,21.649980545
1545133045602156858,21.599981308
1545133045654972648,21.6249809265
1545133045703386689,21.6356945038
1545133045753112504,21.6035518646
1545133045805388997,21.596408844
1545133045856341624,21.6178379059
1545133045903602751,21.6321239471
1545133045953398185,21.6106948853
1545133046004894682,21.5928382874
1545133046057382419,21.6142654419
1545133046106593679,21.6106948853
1545133046157068378,21.6178379059
1545133046206270755,21.6214084625
1545133046256147278,21.6392669678
1545133046309886830,21.6428375244
1545133046360430752,21.6178379059
1545133046410853693,21.6178379059
1545133046459052224,21.6356945038
1545133046507489589,21.6356945038
1545133046559968311,21.6321239471
1545133046612022953,21.6321239471
1545133046662989579,21.6321239471
1545133046711535153,21.649980545
1545133046760530201,21.6142654419
1545133046814169465,21.6071243286
1545133046862554445,21.6321239471
1545133046912088865,21.6356945038
1545133046960799433,21.6285514832
1545133047012294123,21.653553009
1545133047065078712,21.6464099884
1545133047114782862,21.6178379059
1545133047163487486,21.6142654419
1545133047215022298,21.6214084625
1545133047265770807,21.649980545
1545133047317726956,21.6428375244
1545133047367577086,21.6714096069
1545133047421177875,21.653553009
1545133047466850077,21.6214084625
1545133047518617126,21.6249809265
1545133047568916087,21.6392669678
1545133047620377627,21.6571235657
1545133047670120223,21.6249809265
1545133047721259676,21.6606941223
1545133047771020914,21.6249809265
1545133047820251676,21.6321239471
1545133047871428191,21.6428375244
1545133047922574986,21.6356945038
1545133047972402850,21.6356945038
1545133048021398859,21.6392669678
1545133048073561796,21.6249809265
1545133048125494642,21.649980545
1545133048177706039,21.6571235657
1545133048222427360,21.6392669678
1545133048273641849,21.6285514832
1545133048325412307,21.6356945038
1545133048376183883,21.6321239471
1545133048426747087,21.653553009
1545133048476939666,21.6428375244
1545133048525532233,21.6714096069
1545133048578160620,21.649980545
1545133048628915327,21.6642665863
1545133048680009077,21.6606941223
1545133048728043230,21.6178379059
1545133048777460049,21.6464099884
1545133048829040700,21.6606941223
1545133048881982383,21.6249809265
1545133048931074661,21.6464099884
1545133048979589961,21.649980545
1545133049031948519,21.649980545
1545133049080971371,21.6356945038
1545133049133793403,21.6642665863
1545133049182421174,21.6571235657
1545133049235100492,21.6642665863
1545133049281385116,21.6356945038
1545133049334366151,21.6785526276
1545133049383208104,21.6428375244
1545133049436740194,21.6571235657
1545133049484805079,21.6606941223
1545133049536159547,21.653553009
1545133049588827229,21.6714096069
1545133049636161273,21.653553009
1545133049687022333,21.6749801636
1545133049737677914,21.6749801636
1545133049787290351,21.6606941223
1545133049836486087,21.6606941223
1545133049890232402,21.6606941223
1545133049940356605,21.6428375244
1545133049991362775,21.6785526276
1545133050040092743,21.649980545
1545133050089952571,21.6642665863
1545133050139256644,21.6714096069
1545133050191077489,21.6642665863
1545133050243105728,21.6606941223
1545133050292496816,21.653553009
1545133050344744784,21.6606941223
1545133050392924820,21.6821231842
1545133050444928432,21.6714096069
1545133050495196962,21.6856956482
1545133050544789290,21.6856956482
1545133050593641563,21.6571235657
1545133050645497513,21.6928386688
1545133050698491889,21.6749801636
1545133050746303505,21.6964092255
1545133050796971980,21.653553009
1545133050846337966,21.7142658234
1545133050897103146,21.6785526276
1545133050948606660,21.6571235657
1545133050999658373,21.6749801636
1545133051050568757,21.649980545
1545133051098019980,21.653553009
1545133051149619192,21.6642665863
1545133051200840062,21.6785526276
1545133051251077747,21.6678371429
1545133051301011047,21.7106952667
1545133051352244617,21.6678371429
1545133051401406688,21.6785526276
1545133051453674849,21.6785526276
1545133051502834835,21.6892662048
1545133051556224801,21.6642665863
1545133051604035971,21.6464099884
1545133051653013613,21.6571235657
1545133051704376027,21.7142658234
1545133051757473910,21.6928386688
1545133051805476218,21.6856956482
1545133051853950259,21.6678371429
1545133051904681898,21.6606941223
1545133051958395880,21.6821231842
1545133052006933910,21.649980545
1545133052056006798,21.6892662048
1545133052108028222,21.6785526276
1545133052160072240,21.6571235657
1545133052210167306,21.6999797821
1545133052258974069,21.6392669678
1545133052312021495,21.649980545
1545133052359304665,21.6964092255
1545133052411018630,21.6785526276
1545133052461168506,21.7106952667
1545133052511517845,21.6785526276
1545133052561834365,21.6785526276
1545133052613257386,21.6821231842
1545133052665323521,21.6714096069
1545133052713627086,21.6821231842
1545133052765203009,21.7071228027
1545133052812169019,21.6892662048
1545133052865881703,21.6678371429
1545133052914856955,21.7178382874
1545133052965851670,21.7106952667
1545133053014783078,21.6821231842
1545133053068090861,21.6785526276
1545133053117140160,21.6999797821
1545133053169128147,21.6749801636
1545133053215899186,21.7035522461
1545133053269416707,21.7071228027
1545133053319867264,21.6856956482
1545133053369072624,21.6678371429
1545133053420708623,21.6785526276
1545133053469810465,21.6642665863
1545133053520476124,21.6999797821
1545133053571235946,21.7071228027
1545133053621263394,21.6821231842
1545133053671874171,21.6642665863
1545133053721639130,21.6821231842
1545133053773021375,21.7035522461
1545133053824087518,21.6892662048
1545133053872976872,21.6928386688
1545133053924957348,21.7356948853
1545133053975611540,21.6821231842
1545133054026289182,21.6642665863
1545133054075988931,21.7071228027
1545133054124582762,21.6928386688
1545133054174733963,21.6856956482
1545133054226952282,21.6999797821
1545133054279529333,21.6892662048
1545133054327560737,21.7035522461
1545133054379282505,21.6964092255
1545133054428084676,21.7106952667
1545133054479344282,21.6642665863
1545133054530828787,21.6892662048
1545133054579862721,21.7106952667
1545133054630319820,21.6821231842
1545133054681204622,21.6785526276
1545133054731314163,21.6856956482
1545133054780341037,21.7071228027
1545133054831882784,21.6892662048
1545133054882147204,21.6964092255
1545133054933908212,21.6964092255
1545133054983691046,21.7178382874
1545133055034670913,21.7035522461
1545133055085390613,21.6856956482
1545133055133380748,21.6785526276
1545133055185636806,21.7071228027
1545133055235687508,21.7071228027
1545133055288862463,21.6999797821
1545133055335466719,21.6821231842
1545133055390524179,21.6999797821
1545133055437349221,21.7178382874
1545133055486970108,21.6892662048
1545133055538250844,21.7035522461
1545133055589653443,21.7035522461
1545133055640400431,21.6928386688
1545133055688214150,21.6892662048
1545133055739020614,21.6571235657
1545133055790907146,21.6749801636
1545133055840813007,21.6678371429
1545133055891775015,21.6642665863
1545133055942076273,21.6714096069
1545133055990625126,21.6821231842
1545133056042639747,21.6821231842
1545133056095263264,21.6999797821
1545133056142786681,21.6714096069
1545133056193357327,21.6356945038
1545133056243396244,21.6999797821
1545133056293182258,21.649980545
1545133056345090044,21.6785526276
1545133056396248346,21.6642665863
1545133056446480574,21.6821231842
1545133056496202741,21.6678371429
1545133056545861068,21.6749801636
1545133056597326053,21.6642665863
1545133056645801647,21.6606941223
1545133056700907279,21.6928386688
1545133056748328481,21.6571235657
1545133056800302298,21.6749801636
1545133056849486383,21.6606941223
1545133056900017638,21.7035522461
1545133056951055291,21.6749801636
1545133056999303135,21.6464099884
1545133057050698022,21.6821231842
1545133057103388922,21.6999797821
1545133057154177517,21.6714096069
1545133057202436204,21.6642665863
1545133057251187502,21.7071228027
1545133057302929422,21.653553009
1545133057354886005,21.6392669678
1545133057406181510,21.6714096069
1545133057455292662,21.6785526276
1545133057503996689,21.6392669678
1545133057554920501,21.6749801636
1545133057605528017,21.6678371429
1545133057657095814,21.6964092255
1545133057706879922,21.6856956482
1545133057758219851,21.6642665863
1545133057808143468,21.6642665863
1545133057859434857,21.6749801636
1545133057907643798,21.6749801636
1545133057958960130,21.6571235657
1545133058009329032,21.6392669678
1545133058059246041,21.6464099884
1545133058112718443,21.6356945038
1545133058161744510,21.6356945038
1545133058210568041,21.6392669678
1545133058261769210,21.6642665863
1545133058311717217,21.6571235657
1545133058363301412,21.649980545
1545133058412867987,21.649980545
1545133058464661441,21.6142654419
1545133058515557105,21.6571235657
1545133058564083520,21.6392669678
1545133058616606320,21.6249809265
1545133058666143277,21.6464099884
1545133058716700458,21.6571235657
1545133058765077952,21.6142654419
1545133058817024188,21.6428375244
1545133058868461184,21.653553009
1545133058920429808,21.6285514832
1545133058968577144,21.6464099884
1545133059017849241,21.6249809265
1545133059068427625,21.653553009
1545133059118796243,21.6464099884
1545133059171481351,21.6714096069
1545133059223116461,21.6214084625
1545133059270416099,21.649980545
1545133059322388230,21.653553009
1545133059372076090,21.6321239471
1545133059422286853,21.6571235657
1545133059472659357,21.6642665863
1545133059522124129,21.6428375244
1545133059572589222,21.6714096069
1545133059623872637,21.6428375244
1545133059673910189,21.6678371429
1545133059724230382,21.6321239471
1545133059775831740,21.6714096069
1545133059824738241,21.6856956482
1545133059876918551,21.653553009
1545133059925704401,21.653553009
1545133059976980003,21.6464099884
1545133060026795654,21.6464099884
1545133060078010565,21.6571235657
1545133060126798721,21.6464099884
1545133060179087692,21.6749801636
1545133060230552773,21.6606941223
1545133060279446263,21.6749801636
1545133060330441290,21.6571235657
1545133060379608699,21.6642665863
1545133060431407015,21.6749801636
1545133060480974396,21.6642665863
1545133060530931937,21.6249809265
1545133060581851655,21.6571235657
1545133060631278836,21.6571235657
1545133060683745333,21.649980545
1545133060734288225,21.6714096069
1545133060782653997,21.6428375244
1545133060834102123,21.6749801636
1545133060883996752,21.6428375244
1545133060933295620,21.6678371429
1545133060986068269,21.6749801636
1545133061037553671,21.6749801636
1545133061085358489,21.6606941223
1545133061138827765,21.7035522461
1545133061188044605,21.6749801636
1545133061239315958,21.6321239471
1545133061289141819,21.6642665863
1545133061340022225,21.6928386688
1545133061389051283,21.653553009
1545133061439810000,21.6606941223
1545133061490722845,21.6749801636
1545133061541064187,21.6571235657
1545133061590333921,21.6678371429
1545133061639948026,21.6749801636
1545133061692354516,21.6606941223
1545133061744537984,21.6892662048
1545133061793257534,21.6464099884
1545133061840996608,21.6392669678
1545133061893051221,21.6356945038
1545133061945992447,21.6749801636
1545133061995169172,21.6571235657
1545133062045504358,21.6964092255
1545133062095777113,21.653553009
1545133062144439854,21.6606941223
1545133062195250358,21.6856956482
1545133062247808741,21.6106948853
1545133062299110737,21.6678371429
1545133062347074231,21.6606941223
1545133062397914838,21.6321239471
1545133062447931881,21.6928386688
1545133062499700976,21.6856956482
1545133062551686439,21.6571235657
1545133062599586631,21.6785526276
1545133062649312158,21.6356945038
1545133062699905134,21.6856956482
1545133062750703110,21.6678371429
1545133062801508776,21.6464099884
1545133062851487662,21.6749801636
1545133062901226370,21.6321239471
1545133062953434396,21.6714096069
1545133063002302271,21.6606941223
1545133063055835367,21.6821231842
1545133063106216230,21.6714096069
1545133063155461246,21.6714096069
1545133063202756510,21.6571235657
1545133063255023544,21.6749801636
1545133063307333017,21.6606941223
1545133063355406371,21.6571235657
1545133063407850042,21.653553009
1545133063457409670,21.6214084625
1545133063507426681,21.6821231842
1545133063558495170,21.6749801636
1545133063610299483,21.6606941223
1545133063659120538,21.6428375244
1545133063708879961,21.6892662048
1545133063759771329,21.649980545
1545133063810256120,21.6392669678
1545133063861945618,21.6678371429
1545133063910272635,21.653553009
1545133063959071772,21.6999797821
1545133064012877180,21.653553009
1545133064063305884,21.6285514832
1545133064118671105,21.6785526276
1545133064162090327,21.6785526276
1545133064213303672,21.6678371429
1545133064264316138,21.6678371429
1545133064314255464,21.6392669678
1545133064364690926,21.6356945038
1545133064416036432,21.6821231842
1545133064464724586,21.649980545
1545133064517263019,21.6999797821
1545133064566772266,21.653553009
1545133064617487263,21.6642665863
1545133064671207563,21.6606941223
1545133064716431499,21.6321239471
1545133064768638011,21.6642665863
1545133064821007338,21.6464099884
1545133064870536879,21.649980545
1545133064919975190,21.6464099884
1545133064969196529,21.6464099884
1545133065021739574,21.653553009
1545133065073038264,21.6249809265
1545133065121875135,21.6321239471
1545133065171711368,21.6321239471
1545133065223414751,21.6464099884
1545133065273331602,21.6464099884
1545133065324272709,21.6178379059
1545133065375534929,21.6606941223
1545133065424618572,21.6214084625
1545133065474163163,21.6321239471
1545133065523852392,21.6321239471
1545133065576442005,21.6249809265
1545133065626039533,21.6285514832
1545133065674537189,21.6214084625
1545133065727104723,21.6356945038
1545133065775983886,21.6356945038
1545133065826365544,21.6321239471
1545133065881134397,21.6392669678
1545133065930236399,21.6678371429
1545133065980015265,21.6321239471
1545133066029172682,21.6035518646
1545133066077933245,21.6249809265
1545133066131177889,21.6464099884
1545133066182409054,21.6249809265
1545133066231602565,21.6214084625
1545133066281916062,21.5928382874
1545133066331081900,21.5892658234
1545133066384200336,21.5892658234
1545133066432787638,21.6214084625
1545133066486808040,21.6392669678
1545133066535082044,21.6464099884
1545133066582647040,21.5892658234
1545133066635647551,21.6142654419
1545133066687649018,21.6571235657
1545133066735224623,21.596408844
1545133066786994840,21.6071243286
1545133066834130626,21.6356945038
1545133066888194593,21.6464099884
1545133066938132197,21.6249809265
1545133066987230737,21.6106948853
1545133067037079945,21.6428375244
1545133067088529433,21.6106948853
1545133067142201020,21.6571235657
1545133067190485232,21.6071243286
1545133067240340192,21.649980545
1545133067289239860,21.6249809265
1545133067341148553,21.6249809265
1545133067392120913,21.6285514832
1545133067442761369,21.6142654419
1545133067493158788,21.6356945038
1545133067541224717,21.6249809265
1545133067593844898,21.599981308
1545133067643139760,21.6071243286
1545133067695811748,21.5892658234
1545133067746904132,21.596408844
1545133067792571609,21.6035518646
1545133067844085624,21.596408844
1545133067897440066,21.6356945038
1545133067946276784,21.5928382874
1545133067995047270,21.5928382874
1545133068046956874,21.6142654419
1545133068098401363,21.6356945038
1545133068149293031,21.5928382874
1545133068197606596,21.5714092255
1545133068250363804,21.5928382874
1545133068300304517,21.5856952667
1545133068349428353,21.599981308
1545133068402546878,21.5856952667
1545133068451601965,21.6214084625
1545133068499819068,21.5714092255
1545133068550503083,21.5535526276
1545133068602188954,21.6071243286
1545133068652718581,21.5785522461
1545133068704264941,21.5928382874
1545133068752260525,21.5856952667
1545133068805008430,21.5856952667
1545133068854288543,21.5714092255
1545133068904842108,21.6035518646
1545133068956881550,21.6106948853
1545133069009335993,21.5678386688
1545133069055902690,21.5821228027
1545133069106964738,21.5749797821
1545133069157139641,21.5678386688
1545133069210635989,21.5821228027
1545133069260758955,21.5892658234
1545133069307668309,21.5392665863
1545133069357468095,21.5749797821
1545133069408695243,21.5714092255
1545133069462283534,21.5785522461
1545133069510007948,21.5606956482
1545133069560744861,21.5499801636
1545133069610773767,21.5785522461
1545133069660667688,21.5749797821
1545133069711528683,21.5642662048
1545133069764821168,21.5678386688
1545133069813387882,21.5928382874
1545133069863357251,21.5642662048
1545133069912175491,21.5535526276
1545133069964129502,21.5821228027
1545133070013946906,21.5749797821
1545133070065485682,21.5678386688
1545133070115497705,21.5785522461
1545133070165811769,21.5535526276
1545133070217729242,21.599981308
1545133070266511145,21.5678386688
1545133070315929025,21.5499801636
1545133070366699588,21.5892658234
1545133070418524418,21.5499801636
1545133070469225571,21.5785522461
1545133070518908767,21.5678386688
1545133070568179507,21.5642662048
1545133070619281707,21.5214099884
1545133070668128326,21.5464096069
1545133070723447403,21.5428371429
1545133070775702532,21.5571231842
1545133070823797457,21.5678386688
1545133070870663928,21.5749797821
1545133070920128214,21.5678386688
1545133070973521323,21.5678386688
1545133071024052172,21.5749797821
1545133071073920631,21.5535526276
1545133071125987880,21.5499801636
1545133071174254394,21.5821228027
1545133071226883752,21.5714092255
1545133071273738247,21.5785522461
1545133071326844019,21.5749797821
1545133071376528964,21.5642662048
1545133071425980763,21.5856952667
1545133071477902441,21.5571231842
1545133071529852502,21.5749797821
1545133071579284125,21.5642662048
1545133071628147759,21.5749797821
1545133071680070623,21.5464096069
1545133071729416566,21.599981308
1545133071780312376,21.5499801636
1545133071828517586,21.5642662048
1545133071881014187,21.5642662048
1545133071929412696,21.5714092255
1545133071982804693,21.5285511017
1545133072033163203,21.5571231842
1545133072084868272,21.5071239471
1545133072132125382,21.5464096069
1545133072181215835,21.5392665863
1545133072233285584,21.5571231842
1545133072286905064,21.5499801636
1545133072337449331,21.5178375244
1545133072383804902,21.5285511017
1545133072433378369,21.5071239471
1545133072485083989,21.5214099884
1545133072538844219,21.5428371429
1545133072586225263,21.5535526276
1545133072636178667,21.5071239471
1545133072685718356,21.5106945038
1545133072738422156,21.5464096069
1545133072788176230,21.5356941223
1545133072841011263,21.5499801636
1545133072889678726,21.5071239471
1545133072940374307,21.5214099884
1545133072990963406,21.5356941223
1545133073040200661,21.5285511017
1545133073091020502,21.5428371429
1545133073141673334,21.5356941223
1545133073193208048,21.5499801636
1545133073242281825,21.5214099884
1545133073291953381,21.5285511017
1545133073344230985,21.4999809265
1545133073395311370,21.5214099884
1545133073444531964,21.524980545
1545133073494517073,21.5499801636
1545133073545003334,21.5714092255
1545133073596206105,21.5214099884
1545133073647186144,21.5142669678
1545133073696340717,21.5392665863
1545133073746504594,21.5214099884
1545133073797529038,21.5428371429
1545133073848306479,21.5392665863
1545133073899370656,21.5285511017
1545133073949516159,21.5499801636
1545133073998621811,21.5178375244
1545133074049613736,21.5392665863
1545133074100362364,21.5464096069
1545133074152612828,21.5356941223
1545133074201267720,21.524980545
1545133074250717041,21.5499801636
1545133074303047610,21.5178375244
1545133074351975027,21.5464096069
1545133074405879303,21.5106945038
1545133074455998579,21.5392665863
1545133074501305276,21.5499801636
1545133074553716488,21.5571231842
1545133074605775231,21.5178375244
1545133074655177302,21.5214099884
1545133074703611516,21.5178375244
1545133074754281391,21.5285511017
1545133074806907080,21.5106945038
1545133074858257976,21.5142669678
1545133074909351365,21.5428371429
1545133074957090194,21.4999809265
1545133075008021953,21.5392665863
1545133075058933309,21.5356941223
1545133075109142281,21.5535526276
1545133075160191346,21.5321235657
1545133075209372543,21.5535526276
1545133075259440334,21.5499801636
1545133075311524678,21.5356941223
1545133075361629215,21.5678386688
1545133075412769236,21.5356941223
1545133075461377591,21.5285511017
1545133075511706256,21.5892658234
1545133075560531106,21.5821228027
1545133075614009181,21.5606956482
1545133075665963491,21.5785522461
1545133075715246191,21.5785522461
1545133075763080018,21.5714092255
1545133075814799557,21.5928382874
1545133075863279514,21.5499801636
1545133075916539802,21.5856952667
1545133075968086338,21.5678386688
1545133076016466804,21.5749797821
1545133076066842215,21.5392665863
1545133076116623929,21.5892658234
1545133076168426752,21.5606956482
1545133076219823990,21.5714092255
1545133076270304791,21.5821228027
1545133076319997304,21.5571231842
1545133076369888421,21.5714092255
1545133076420315794,21.5749797821
1545133076471348479,21.5535526276
1545133076520195855,21.5856952667
1545133076569821739,21.5785522461
1545133076620787106,21.5606956482
1545133076672796707,21.5642662048
1545133076724943146,21.5678386688
1545133076771982245,21.5464096069
1545133076821346441,21.5499801636
1545133076873375214,21.6071243286
1545133076926719192,21.5535526276
1545133076975058595,21.5856952667
1545133077025710635,21.5571231842
1545133077074558598,21.6035518646
1545133077125771754,21.5714092255
1545133077176188867,21.5821228027
1545133077229173144,21.5785522461
1545133077283324096,21.5749797821
1545133077328003678,21.5606956482
1545133077378867621,21.5571231842
1545133077429835585,21.5892658234
1545133077480879914,21.5714092255
1545133077531631996,21.5714092255
1545133077577917594,21.5928382874
1545133077631386650,21.5856952667
1545133077682212344,21.5928382874
1545133077730853992,21.5785522461
1545133077783583116,21.5821228027
1545133077832384358,21.5785522461
1545133077883464845,21.5856952667
1545133077936849615,21.5856952667
1545133077983074084,21.5606956482
1545133078036357547,21.5606956482
1545133078085428001,21.5606956482
1545133078134993955,21.6035518646
1545133078186961867,21.5928382874
1545133078236874181,21.6142654419
1545133078288966001,21.5749797821
1545133078335225616,21.599981308
1545133078387519673,21.596408844
1545133078435734706,21.6035518646
1545133078488583032,21.5785522461
1545133078537829394,21.599981308
1545133078590862764,21.5785522461
1545133078638761362,21.5535526276
1545133078690034451,21.6214084625
1545133078741578452,21.5892658234
1545133078791209502,21.5785522461
1545133078841269646,21.5642662048
1545133078890187088,21.5892658234
1545133078941953372,21.5606956482
1545133078994709248,21.5606956482
1545133079045646150,21.5606956482
1545133079092618713,21.5571231842
1545133079142262517,21.5714092255
1545133079193880178,21.5606956482
1545133079245094012,21.5642662048
1545133079295873895,21.5571231842
1545133079346738953,21.524980545
1545133079396919803,21.5856952667
1545133079445288105,21.5464096069
1545133079495838459,21.5464096069
1545133079549463270,21.5106945038
1545133079600278345,21.5499801636
1545133079648878784,21.5428371429
1545133079696814147,21.5428371429
1545133079749190834,21.5428371429
1545133079801323886,21.5499801636
1545133079849487864,21.5464096069
1545133079900767267,21.5571231842
1545133079951754860,21.5464096069
1545133080000080946,21.5214099884
1545133080051350574,21.5535526276
1545133080104790380,21.5321235657
1545133080152490799,21.5464096069
1545133080201835998,21.5356941223
1545133080254391955,21.524980545
1545133080304340356,21.5214099884
1545133080352916062,21.5142669678
1545133080404300566,21.5606956482
1545133080454645654,21.5142669678
1545133080506320745,21.5142669678
1545133080556497503,21.5214099884
1545133080610213045,21.524980545
1545133080655205070,21.5071239471
1545133080707386382,21.524980545
1545133080758435060,21.5464096069
1545133080809160186,21.5428371429
1545133080859176750,21.5499801636
1545133080909918608,21.5428371429
1545133080958772018,21.5285511017
1545133081009739025,21.5499801636
1545133081061223038,21.5071239471
1545133081113776347,21.5535526276
1545133081161492408,21.5285511017
1545133081210900689,21.5178375244
1545133081263089650,21.5392665863
1545133081315404612,21.5535526276
1545133081363680772,21.5392665863
1545133081413450165,21.5499801636
1545133081463444783,21.5142669678
1545133081515843889,21.5535526276
1545133081567200978,21.5464096069
1545133081615703230,21.5356941223
1545133081665968332,21.5214099884
1545133081716518245,21.5749797821
1545133081765460100,21.5464096069
1545133081817920512,21.5642662048
1545133081869272107,21.5499801636
1545133081920095297,21.5749797821
1545133081968359100,21.5714092255
1545133082018227660,21.524980545
1545133082070455030,21.5464096069
1545133082122349191,21.5642662048
1545133082169802715,21.5749797821
1545133082218775768,21.5606956482
1545133082269903305,21.5749797821
1545133082322657044,21.5642662048
1545133082375019506,21.5714092255
1545133082424216392,21.5749797821
1545133082473704739,21.6035518646
1545133082523585826,21.5464096069
1545133082575037891,21.5464096069
1545133082625971692,21.5642662048
1545133082676599209,21.5499801636
1545133082725688920,21.6035518646
1545133082776716039,21.5571231842
1545133082824911396,21.5928382874
1545133082876972892,21.5606956482
1545133082925997377,21.5785522461
1545133082976223548,21.5821228027
1545133083027566544,21.5892658234
1545133083078187000,21.5535526276
1545133083129292745,21.5642662048
1545133083180746855,21.5749797821
1545133083230598897,21.5642662048
1545133083279509165,21.5714092255
1545133083330515707,21.5678386688
1545133083382341633,21.5606956482
1545133083431311401,21.5464096069
1545133083481547822,21.5499801636
1545133083530309609,21.5678386688
1545133083582188345,21.5535526276
1545133083635105062,21.5321235657
1545133083685704858,21.5714092255
1545133083734765661,21.5785522461
1545133083782521153,21.5714092255
1545133083833294898,21.5571231842
1545133083884522253,21.5785522461
1545133083935352283,21.5714092255
1545133083988102326,21.5749797821
1545133084037152102,21.5678386688
1545133084085937630,21.5642662048
1545133084139719608,21.5428371429
1545133084187176376,21.524980545
1545133084240358969,21.5321235657
1545133084288520895,21.5571231842
1545133084339325800,21.5714092255
1545133084392121739,21.5571231842
1545133084441788408,21.5356941223
1545133084490373148,21.5178375244
1545133084541191552,21.5321235657
1545133084591950149,21.5285511017
1545133084642785839,21.5285511017
1545133084692229277,21.5071239471
1545133084744610555,21.5142669678
1545133084793768560,21.5356941223
1545133084843568302,21.5464096069
1545133084896332701,21.524980545
1545133084945003485,21.4821243286
1545133084996065009,21.5106945038
1545133085044530214,21.5071239471
1545133085096896158,21.4964084625
1545133085146421416,21.5356941223
1545133085200154024,21.5214099884
1545133085246102249,21.5464096069
1545133085297194474,21.5321235657
1545133085346259441,21.5071239471
1545133085398824891,21.4856948853
1545133085450728486,21.5285511017
1545133085500142945,21.5392665863
1545133085550818362,21.5178375244
1545133085601110923,21.5464096069
1545133085651394282,21.5535526276
1545133085703091456,21.5642662048
1545133085751598477,21.524980545
1545133085802030502,21.5499801636
1545133085852216678,21.5071239471
1545133085901344522,21.5464096069
1545133085953045710,21.5571231842
1545133086003728459,21.5356941223
1545133086055492168,21.5106945038
1545133086103214944,21.5464096069
1545133086155687196,21.5392665863
1545133086208404347,21.5321235657
1545133086255748884,21.5142669678
1545133086306769512,21.5464096069
1545133086356939156,21.524980545
1545133086406289226,21.5392665863
1545133086458575511,21.5571231842
1545133086516631829,21.5606956482
1545133086560171242,21.5642662048
1545133086609631878,21.5678386688
1545133086657862159,21.5499801636
1545133086710283393,21.5606956482
1545133086761252759,21.5464096069
1545133086812055659,21.5321235657
1545133086862125277,21.5428371429
1545133086912241513,21.5499801636
1545133086961022827,21.5535526276
1545133087014766193,21.5606956482
1545133087062233898,21.5285511017
1545133087113789073,21.5749797821
1545133087162442157,21.5392665863
1545133087215529839,21.5356941223
1545133087265112820,21.5392665863
1545133087314166088,21.5535526276
1545133087364989249,21.5428371429
1545133087416804170,21.5535526276
1545133087468002381,21.5214099884
1545133087519804946,21.5356941223
1545133087569943189,21.5321235657
1545133087617464546,21.5285511017
1545133087668328521,21.5428371429
1545133087718898978,21.5606956482
1545133087769945615,21.524980545
1545133087820673378,21.5678386688
1545133087870774255,21.5214099884
1545133087919945582,21.5285511017
1545133087971832081,21.5428371429
1545133088020921474,21.5321235657
1545133088072275314,21.5321235657
1545133088122518642,21.5106945038
1545133088172630528,21.5499801636
1545133088222720063,21.5321235657
1545133088276596695,21.5035514832
1545133088325398363,21.5321235657
1545133088375325378,21.5071239471
1545133088424098304,21.5464096069
1545133088474434000,21.5321235657
1545133088526802487,21.5499801636
1545133088578427825,21.5106945038
1545133088626984625,21.5464096069
1545133088677407665,21.5178375244
1545133088727697991,21.5214099884
1545133088779166433,21.5106945038
1545133088829395874,21.5214099884
1545133088877613708,21.5464096069
1545133088930369626,21.5606956482
1545133088980707678,21.5035514832
1545133089030994475,21.5321235657
1545133089079596388,21.5214099884
1545133089132753517,21.5464096069
1545133089181142689,21.5356941223
1545133089233687901,21.5392665863
1545133089285127705,21.524980545
1545133089334453393,21.5428371429
1545133089384738163,21.5464096069
1545133089432881771,21.5642662048
1545133089481893509,21.5499801636
1545133089534148825,21.5428371429
1545133089586092434,21.5356941223
1545133089636523619,21.5321235657
1545133089685907746,21.5214099884
1545133089736374170,21.5214099884
1545133089786702711,21.5392665863
1545133089837659808,21.5464096069
1545133089889283245,21.5499801636
1545133089937794955,21.5178375244
1545133089990241706,21.5606956482
1545133090038959997,21.4928379059
1545133090089778840,21.5285511017
1545133090141881465,21.5499801636
1545133090189528407,21.5642662048
1545133090239948840,21.5392665863
1545133090291455840,21.524980545
1545133090341146322,21.599981308
1545133090394152548,21.5606956482
1545133090444173842,21.5464096069
1545133090493065468,21.5642662048
1545133090543745446,21.5464096069
1545133090595567907,21.5499801636
1545133090645619285,21.5571231842
1545133090695225539,21.5821228027
1545133090745125239,21.5535526276
1545133090797062889,21.5178375244
1545133090847883556,21.5321235657
1545133090896033660,21.5606956482
1545133090947053610,21.5214099884
1545133090995754725,21.5392665863
1545133091048490834,21.5499801636
1545133091099227583,21.5356941223
1545133091150115166,21.5499801636
1545133091197823474,21.5535526276
1545133091250343571,21.5214099884
1545133091300690373,21.5535526276
1545133091353352373,21.5356941223
1545133091400615685,21.5642662048
1545133091451404835,21.5356941223
1545133091501818646,21.5321235657
1545133091551288813,21.5392665863
1545133091603195109,21.5356941223
1545133091653963589,21.4999809265
1545133091704873054,21.5178375244
1545133091753447287,21.5571231842
1545133091803473325,21.5535526276
1545133091855531427,21.5499801636
1545133091905723856,21.5606956482
1545133091956401833,21.5571231842
1545133092006715288,21.5285511017
1545133092055394104,21.5428371429
1545133092106846692,21.5285511017
1545133092157476502,21.5535526276
1545133092208994898,21.5214099884
1545133092259187585,21.5285511017
1545133092307789358,21.5285511017
1545133092360704939,21.5428371429
1545133092410030503,21.5499801636
1545133092460594457,21.5535526276
1545133092509755893,21.5499801636
1545133092561068074,21.5321235657
1545133092610121013,21.5392665863
1545133092663312201,21.524980545
1545133092715341571,21.5356941223
1545133092765636688,21.5178375244
1545133092812278061,21.5714092255
1545133092864850152,21.5285511017
1545133092913999430,21.5392665863
1545133092964731919,21.5392665863
1545133093013306041,21.5428371429
1545133093066114366,21.5106945038
1545133093115285213,21.4964084625
1545133093166519165,21.5428371429
1545133093216684453,21.5035514832
1545133093267009913,21.5214099884
1545133093315826322,21.5071239471
1545133093375754356,21.5428371429
1545133093419212285,21.5321235657
1545133093470238193,21.5464096069
1545133093519726622,21.5464096069
1545133093570776995,21.5214099884
1545133093620149576,21.5321235657
1545133093671528919,21.5321235657
1545133093721271640,21.5499801636
1545133093770944609,21.5428371429
1545133093821392281,21.5285511017
1545133093872674304,21.5142669678
1545133093922087456,21.524980545
1545133093974757519,21.5428371429
1545133094024735602,21.5321235657
1545133094074445137,21.5071239471
1545133094126313952,21.5571231842
1545133094176696522,21.5106945038
1545133094227708309,21.5214099884
1545133094277077886,21.5071239471
1545133094326281778,21.5035514832
1545133094378161775,21.5356941223
1545133094429126369,21.5106945038
1545133094478322502,21.5071239471
1545133094528798823,21.524980545
1545133094580121421,21.5356941223
1545133094627955571,21.4892654419
1545133094680634253,21.4892654419
1545133094732626812,21.5178375244
1545133094780754723,21.5214099884
1545133094829978687,21.5285511017
1545133094881722733,21.524980545
1545133094932150286,21.5035514832
1545133094983779878,21.5178375244
1545133095033050271,21.5178375244
1545133095086523152,21.524980545
1545133095133213577,21.5428371429
1545133095184676880,21.5321235657
1545133095236174765,21.5142669678
1545133095284784197,21.5392665863
1545133095335009081,21.5499801636
1545133095386973353,21.5749797821
1545133095436433875,21.5356941223
1545133095485364711,21.524980545
1545133095538580547,21.5499801636
1545133095585435403,21.5392665863
1545133095636880766,21.5392665863
1545133095688237483,21.5428371429
1545133095739785724,21.5535526276
1545133095788709986,21.5356941223
1545133095841123125,21.524980545
1545133095889993984,21.5464096069
1545133095939898208,21.5142669678
1545133095989627692,21.5714092255
1545133096041014751,21.5535526276
1545133096092027109,21.5428371429
1545133096143073637,21.5321235657
1545133096194120134,21.5214099884
1545133096242550031,21.5178375244
1545133096294612193,21.5464096069
1545133096345269317,21.5321235657
1545133096395170076,21.5356941223
1545133096447165523,21.5321235657
1545133096495391718,21.5392665863
1545133096545989056,21.5606956482
1545133096596141114,21.5678386688
1545133096647012867,21.5714092255
1545133096695987687,21.5571231842
1545133096747246056,21.5678386688
1545133096798626602,21.5178375244
1545133096852690254,21.5464096069
1545133096900389125,21.5214099884
1545133096948044883,21.5106945038
1545133096999423055,21.524980545
1545133097052340517,21.5392665863
1545133097101217578,21.5356941223
1545133097150182407,21.524980545
1545133097202326284,21.524980545
1545133097251307894,21.5714092255
1545133097303870357,21.5499801636
1545133097353570588,21.5321235657
1545133097405645752,21.5356941223
1545133097453937293,21.5464096069
1545133097504224177,21.5106945038
1545133097555954481,21.5785522461
1545133097607177309,21.5214099884
1545133097655843926,21.5464096069
1545133097704389090,21.5321235657
1545133097757450414,21.5499801636
1545133097806412006,21.5571231842
1545133097859189353,21.5392665863
1545133097905911131,21.5321235657
1545133097957393687,21.5642662048
1545133098008892000,21.5571231842
1545133098059945632,21.5428371429
1545133098108621340,21.524980545
1545133098161459733,21.5356941223
1545133098209595750,21.5214099884
1545133098260189417,21.5392665863
1545133098311948635,21.5428371429
1545133098363015575,21.5571231842
1545133098414333087,21.5356941223
1545133098462315097,21.5535526276
1545133098512655601,21.5392665863
1545133098561485210,21.5392665863
1545133098615042996,21.5678386688
1545133098665596395,21.5535526276
1545133098715368360,21.5285511017
1545133098763892076,21.5499801636
1545133098815404989,21.5678386688
1545133098866433814,21.5321235657
1545133098917269255,21.5499801636
1545133098966473359,21.5428371429
1545133099017795380,21.5535526276
1545133099067907069,21.5428371429
1545133099118746570,21.5178375244
1545133099171419848,21.5571231842
1545133099220426765,21.5285511017
1545133099268249669,21.5571231842
1545133099323472743,21.524980545
1545133099370810606,21.5571231842
1545133099421462742,21.5106945038
1545133099471498497,21.5499801636
1545133099521151071,21.5642662048
1545133099570705815,21.5499801636
1545133099623626570,21.5499801636
1545133099673873453,21.5428371429
1545133099722709938,21.5464096069
1545133099773803730,21.5642662048
1545133099823050255,21.5821228027
1545133099876477515,21.5428371429
1545133099927677631,21.5356941223
1545133099976305393,21.5678386688
1545133100024086524,21.5571231842
1545133100077566472,21.5392665863
1545133100128301120,21.5606956482
1545133100176901798,21.5428371429
1545133100229071693,21.5428371429
1545133100279880468,21.5285511017
1545133100328783982,21.5285511017
1545133100380047496,21.4821243286
1545133100431086739,21.5285511017
1545133100481222569,21.5142669678
1545133100531271721,21.5178375244
1545133100580466421,21.5499801636
1545133100633240453,21.5142669678
1545133100684717276,21.524980545
1545133100733225676,21.4928379059
1545133100781406026,21.5464096069
1545133100832906656,21.5214099884
1545133100883554185,21.5106945038
1545133100934838642,21.5071239471
1545133100983396643,21.5178375244
1545133101035885654,21.4964084625
1545133101084576186,21.5464096069
1545133101135659713,21.5428371429
1545133101188162450,21.5142669678
1545133101237463111,21.4821243286
1545133101287693917,21.5142669678
1545133101338386264,21.5071239471
1545133101387759805,21.5071239471
1545133101441049113,21.5035514832
1545133101491367981,21.4856948853
1545133101537997619,21.4928379059
1545133101588666664,21.4678382874
1545133101639799459,21.4928379059
1545133101690810569,21.4606952667
1545133101741648411,21.474981308
1545133101792325883,21.4249801636
1545133101841563695,21.4964084625
1545133101891783480,21.5142669678
1545133101945449322,21.4785518646
1545133101995300937,21.4499797821
1545133102046119753,21.4785518646
1545133102094030304,21.4535522461
1545133102142169023,21.474981308
1545133102195158248,21.4856948853
1545133102247644540,21.4928379059
1545133102295447964,21.4928379059
1545133102347217388,21.4571228027
1545133102396919129,21.5106945038
1545133102446422889,21.4678382874
1545133102497123864,21.4928379059
1545133102550350000,21.4606952667
1545133102597319812,21.4606952667
1545133102649733764,21.4428386688
1545133102699909850,21.4964084625
1545133102750348732,21.4535522461
1545133102806420702,21.4571228027
1545133102850236309,21.4571228027
1545133102898356951,21.4535522461
1545133102952767546,21.4642658234
1545133103002792925,21.4464092255
1545133103054286495,21.4499797821
1545133103101833040,21.4964084625
1545133103153295648,21.471408844
1545133103203710869,21.471408844
1545133103255217983,21.471408844
1545133103305228682,21.4499797821
1545133103355888859,21.4999809265
1545133103405642817,21.4606952667
1545133103455979986,21.4464092255
1545133103506989522,21.4642658234
1545133103557244259,21.4428386688
1545133103607530744,21.4678382874
1545133103656537689,21.4892654419
1545133103708821042,21.4535522461
1545133103761385213,21.4856948853
1545133103809556999,21.4678382874
1545133103858570146,21.471408844
1545133103909175569,21.4499797821
1545133103961988157,21.4856948853
1545133104013121452,21.4785518646
1545133104061505559,21.4892654419
1545133104111086504,21.4678382874
1545133104162741727,21.4464092255
1545133104211913095,21.4606952667
1545133104263904725,21.4428386688
1545133104315323860,21.4321231842
1545133104365990690,21.4428386688
1545133104417785850,21.4571228027
1545133104463602070,21.4856948853
1545133104516625541,21.4642658234
1545133104567354926,21.4392662048
1545133104614485888,21.4642658234
1545133104667206992,21.4678382874
1545133104715627415,21.4499797821
1545133104768893984,21.4464092255
1545133104821229446,21.471408844
1545133104870116204,21.4642658234
1545133104919174711,21.4606952667
1545133104968777197,21.4356956482
1545133105018181462,21.4392662048
1545133105072036810,21.4285526276
1545133105121962837,21.4356956482
1545133105171991735,21.4321231842
1545133105224103705,21.4606952667
1545133105271030738,21.4249801636
1545133105323010747,21.4321231842
1545133105371468502,21.4571228027
1545133105421891308,21.4499797821
1545133105475056519,21.4571228027
1545133105526021353,21.4142665863
1545133105575172456,21.4571228027
1545133105628388359,21.4392662048
1545133105674528454,21.4678382874
1545133105724953728,21.4464092255
1545133105775826599,21.4428386688
1545133105826310022,21.4428386688
1545133105877661354,21.4214096069
1545133105927442149,21.471408844
1545133105976923621,21.4285526276
1545133106027663651,21.4535522461
1545133106079248524,21.4178371429
1545133106132098810,21.4571228027
1545133106180360028,21.4142665863
1545133106229239719,21.4285526276
1545133106280179573,21.4249801636
1545133106330525481,21.4214096069
1545133106383420317,21.3785514832
1545133106432420426,21.4106941223
1545133106481163927,21.3749809265
1545133106531439922,21.3964099884
1545133106582862093,21.3928375244
1545133106634692293,21.3856945038
1545133106683517446,21.3678379059
1545133106734522121,21.3928375244
1545133106786925375,21.3678379059
1545133106838032567,21.399980545
1545133106886828754,21.3678379059
1545133106935787422,21.3821239471
1545133106987465301,21.3749809265
1545133107038315276,21.4142665863
1545133107088734822,21.349981308
1545133107138038385,21.3571243286
1545133107190203145,21.3642654419
1545133107240076926,21.3606948853
1545133107289658251,21.3392658234
1545133107342091604,21.3642654419
1545133107390911421,21.349981308
1545133107441690872,21.3606948853
1545133107490340879,21.3178367615
1545133107542013434,21.3392658234
1545133107592126043,21.3606948853
1545133107644615396,21.3606948853
1545133107693789204,21.3892669678
1545133107742984264,21.3214092255
1545133107796345675,21.3856945038
1545133107844149017,21.3606948853
1545133107896609807,21.346408844
1545133107948423193,21.3535518646
1545133107996340222,21.3428382874
1545133108047115313,21.3678379059
1545133108096892091,21.399980545
1545133108149375222,21.3856945038
1545133108197575322,21.3785514832
1545133108247367739,21.3821239471
1545133108298327586,21.4035511017
1545133108346614469,21.3428382874
1545133108400325699,21.3356952667
1545133108450283618,21.4071235657
1545133108502671970,21.3535518646
1545133108548418195,21.3535518646
1545133108602110270,21.3321228027
1545133108654151446,21.3821239471
1545133108701088722,21.3606948853
1545133108754360879,21.3642654419
1545133108802867373,21.3678379059
1545133108853004165,21.3571243286
1545133108903666903,21.3821239471
1545133108955035683,21.3535518646
1545133109006345015,21.3249797821
1545133109055289050,21.3606948853
1545133109105921702,21.3535518646
1545133109155848415,21.3964099884
1545133109207053360,21.3678379059
1545133109256726003,21.3642654419
1545133109307400005,21.3214092255
1545133109357150647,21.3321228027
1545133109407991087,21.3392658234
1545133109460630927,21.3928375244
1545133109508461077,21.346408844
1545133109558694897,21.3606948853
1545133109608850299,21.3642654419
1545133109661205744,21.346408844
1545133109711187980,21.346408844
1545133109761878117,21.3428382874
1545133109810011441,21.3071231842
1545133109866947626,21.3392658234
1545133109913522080,21.3142662048
1545133109967049227,21.2785511017
1545133110013529709,21.3249797821
1545133110066271553,21.3071231842
1545133110114588072,21.3106956482
1545133110165862669,21.346408844
1545133110214951149,21.3249797821
1545133110265870868,21.3606948853
1545133110315657303,21.346408844
1545133110365104078,21.3392658234
1545133110417406750,21.3642654419
1545133110468735474,21.3178367615
1545133110519286543,21.2964096069
1545133110568018359,21.3392658234
1545133110617656011,21.3249797821
1545133110668456419,21.3249797821
1545133110720379622,21.3178367615
1545133110769415283,21.3106956482
1545133110822761725,21.3356952667
1545133110869646705,21.3285522461
1545133110921583389,21.3535518646
1545133110972222879,21.3178367615
1545133111021508116,21.2964096069
1545133111074791350,21.3142662048
1545133111123456826,21.3249797821
1545133111173177692,21.3071231842
1545133111225103840,21.3356952667
1545133111275697240,21.346408844
1545133111323900367,21.3535518646
1545133111376130813,21.3035526276
1545133111425137194,21.3535518646
1545133111476201101,21.3606948853
1545133111525354973,21.3321228027
1545133111577616302,21.3321228027
1545133111626984743,21.3428382874
1545133111679240466,21.3535518646
1545133111728412296,21.3678379059
1545133111779600147,21.3606948853
1545133111828283683,21.3214092255
1545133111880544768,21.3678379059
1545133111930573635,21.3214092255
1545133111984084507,21.3785514832
1545133112030948052,21.399980545
1545133112081982637,21.3785514832
1545133112131451590,21.3606948853
1545133112181885180,21.3535518646
1545133112233172267,21.346408844
1545133112283341595,21.3892669678
1545133112334892090,21.3571243286
1545133112383553416,21.3428382874
1545133112435067928,21.3892669678
1545133112483543531,21.399980545
1545133112535913882,21.3321228027
1545133112586298502,21.3821239471
1545133112635775549,21.4106941223
1545133112688746965,21.349981308
1545133112736581015,21.3678379059
1545133112789144697,21.3214092255
1545133112837720123,21.3928375244
1545133112889260674,21.3785514832
1545133112939493249,21.3964099884
1545133112989796199,21.3428382874
1545133113041031375,21.349981308
1545133113089710549,21.3714084625
1545133113145425747,21.3749809265
1545133113192124381,21.4071235657
1545133113242619240,21.3785514832
1545133113290945499,21.4178371429
1545133113344133659,21.3571243286
1545133113394747267,21.3606948853
1545133113442692398,21.4106941223
1545133113493899401,21.4428386688
1545133113544381349,21.3856945038
1545133113595604245,21.3714084625
1545133113643932540,21.4464092255
1545133113696495797,21.399980545
1545133113745715409,21.3892669678
1545133113798282332,21.4321231842
1545133113847518966,21.3678379059
1545133113898379618,21.3642654419
1545133113947710005,21.3714084625
1545133113998194005,21.4106941223
1545133114048151593,21.3785514832
1545133114099499717,21.4142665863
1545133114150805086,21.4035511017
1545133114198782219,21.3928375244
1545133114251624579,21.3892669678
1545133114301533279,21.3821239471
1545133114351294611,21.4035511017
1545133114402278896,21.3856945038
1545133114452227397,21.3964099884
1545133114501098603,21.4249801636
1545133114552017706,21.4071235657
1545133114604142579,21.399980545
1545133114656806159,21.399980545
1545133114704201593,21.4356956482
1545133114756276921,21.4214096069
1545133114806167060,21.4249801636
1545133114855474807,21.3964099884
1545133114905999989,21.4142665863
1545133114955208206,21.4178371429
1545133115007015487,21.4464092255
1545133115055959115,21.4035511017
1545133115109170012,21.4142665863
1545133115157961818,21.4285526276
1545133115210847403,21.3964099884
1545133115257975458,21.4035511017
1545133115307854438,21.4321231842
1545133115360680980,21.4285526276
1545133115410248385,21.399980545
1545133115459717331,21.4178371429
1545133115510796082,21.4142665863
1545133115559485618,21.4071235657
1545133115612044789,21.4142665863
1545133115664638059,21.4178371429
1545133115712474248,21.4321231842
1545133115764932759,21.4071235657
1545133115812620721,21.4499797821
1545133115865215913,21.4106941223
1545133115915414709,21.4356956482
1545133115965336340,21.4392662048
1545133116017198073,21.3928375244
1545133116065235988,21.4249801636
1545133116116818053,21.4071235657
1545133116168094696,21.3892669678
1545133116218459125,21.4106941223
1545133116269075413,21.399980545
1545133116318010889,21.3928375244
1545133116367132302,21.4249801636
1545133116420412813,21.3856945038
1545133116470975192,21.4214096069
1545133116518663405,21.3928375244
1545133116571443459,21.4321231842
1545133116620618486,21.4249801636
1545133116671525695,21.4356956482
1545133116722863965,21.4214096069
1545133116772463022,21.3964099884
1545133116823743233,21.4214096069
1545133116874536167,21.4321231842
1545133116923426087,21.4106941223
1545133116977026014,21.399980545
1545133117025878152,21.3928375244
1545133117073733738,21.4571228027
1545133117126879399,21.4142665863
1545133117175803219,21.4071235657
1545133117226808053,21.4035511017
1545133117275912200,21.4285526276
1545133117327467570,21.4106941223
1545133117376425397,21.4142665863
1545133117429196008,21.4035511017
1545133117481869626,21.4571228027
1545133117531310971,21.4249801636
1545133117578851110,21.4106941223
1545133117629874160,21.4178371429
1545133117681596179,21.4392662048
1545133117730470220,21.4142665863
1545133117783342995,21.4249801636
1545133117832888144,21.4142665863
1545133117882189893,21.4249801636
1545133117931429380,21.4499797821
1545133117984753791,21.4071235657
1545133118032958693,21.4214096069
1545133118083124109,21.3785514832
1545133118134954938,21.4606952667
1545133118185225987,21.4392662048
1545133118235936128,21.4071235657
1545133118289704328,21.4106941223
1545133118335747222,21.4321231842
1545133118386914166,21.4285526276
1545133118435778381,21.4035511017
1545133118488949410,21.4392662048
1545133118537386367,21.4571228027
1545133118587569277,21.4178371429
1545133118639986876,21.4392662048
1545133118688010098,21.4249801636
1545133118740193827,21.4392662048
1545133118791157228,21.4392662048
1545133118840454343,21.4214096069
1545133118891108621,21.4214096069
1545133118941131986,21.4285526276
1545133118992461014,21.3856945038
1545133119041879991,21.4142665863
1545133119092693415,21.4606952667
1545133119145636772,21.4464092255
1545133119193186105,21.4142665863
1545133119245655035,21.4499797821
1545133119295941405,21.4428386688
1545133119345901804,21.4392662048
1545133119393594512,21.4321231842
1545133119446657455,21.4392662048
1545133119498647139,21.4071235657
1545133119546431548,21.4214096069
1545133119595557125,21.4428386688
1545133119647578178,21.4464092255
1545133119698481082,21.4571228027
1545133119749873758,21.4571228027
1545133119798967597,21.4249801636
1545133119852004693,21.471408844
1545133119901214323,21.4035511017
1545133119950781527,21.4356956482
1545133120002592918,21.4606952667
1545133120053127401,21.4535522461
1545133120102039875,21.4499797821
1545133120151600105,21.4178371429
1545133120203046046,21.4428386688
1545133120254510926,21.4392662048
1545133120304946753,21.474981308
1545133120353280943,21.4464092255
1545133120403933162,21.4392662048
1545133120455589906,21.4285526276
1545133120505481321,21.4321231842
1545133120557857426,21.4464092255
1545133120609122187,21.4356956482
1545133120655102499,21.471408844
1545133120705949097,21.4464092255
1545133120757610506,21.4464092255
1545133120810351276,21.4428386688
1545133120857576670,21.4356956482
1545133120908479390,21.4428386688
1545133120960485683,21.4392662048
1545133121007313089,21.4535522461
1545133121060705697,21.4321231842
1545133121109030968,21.4249801636
1545133121161123644,21.4285526276
1545133121209863226,21.4356956482
1545133121261150006,21.4392662048
1545133121311885847,21.4571228027
1545133121363689228,21.4285526276
1545133121411696188,21.4071235657
1545133121464548570,21.4535522461
1545133121512927752,21.399980545
1545133121564897585,21.4499797821
1545133121613875654,21.3856945038
1545133121666257866,21.4285526276
1545133121716354747,21.4321231842
1545133121766644315,21.4178371429
1545133121818632713,21.4356956482
1545133121867048596,21.4142665863
1545133121917484163,21.4428386688
1545133121967131749,21.4071235657
1545133122016591012,21.4249801636
1545133122067945295,21.4142665863
1545133122120006530,21.4035511017
1545133122168688929,21.4142665863
1545133122220475983,21.4214096069
1545133122268967480,21.4356956482
1545133122322305096,21.4321231842
1545133122371482301,21.4178371429
1545133122422216519,21.4392662048
1545133122474005117,21.4321231842
1545133122522468672,21.399980545
1545133122574355224,21.4249801636
1545133122625236224,21.4678382874
1545133122674903446,21.4178371429
1545133122724052142,21.4356956482
1545133122774842900,21.4285526276
1545133122826524258,21.4535522461
1545133122875022337,21.4285526276
1545133122926406525,21.4356956482
1545133122978332242,21.4321231842
1545133123026705815,21.4214096069
1545133123076622912,21.4214096069
1545133123129288627,21.4071235657
1545133123180117093,21.4249801636
1545133123228819203,21.3749809265
1545133123279218123,21.3928375244
1545133123330235334,21.4142665863
1545133123380665185,21.4214096069
1545133123429620613,21.3964099884
1545133123483071836,21.4142665863
1545133123530662226,21.4285526276
1545133123581809505,21.4356956482
1545133123632926628,21.4285526276
1545133123686258459,21.4356956482
1545133123733088040,21.4249801636
1545133123783382846,21.4285526276
1545133123833157355,21.3928375244
1545133123885262808,21.4071235657
1545133123935613664,21.4249801636
1545133123987149048,21.4214096069
1545133124036520287,21.4178371429
1545133124086013389,21.399980545
1545133124137212202,21.3964099884
1545133124187580008,21.4178371429
1545133124237403716,21.4142665863
1545133124286022281,21.3928375244
1545133124337378607,21.4356956482
1545133124388959966,21.4071235657
1545133124441989224,21.4106941223
1545133124489761030,21.4249801636
1545133124540180670,21.4142665863
1545133124591284104,21.4356956482
1545133124640480542,21.399980545
1545133124691862015,21.3964099884
1545133124740855714,21.4142665863
1545133124792307269,21.3892669678
1545133124843171608,21.4249801636
1545133124894428307,21.4142665863
1545133124943555925,21.4142665863
1545133124996952446,21.4071235657
1545133125045235950,21.3821239471
1545133125095199884,21.399980545
1545133125145118225,21.4071235657
1545133125195782008,21.4106941223
1545133125245016480,21.4428386688
1545133125296576309,21.4106941223
1545133125345906245,21.4142665863
1545133125397416218,21.4178371429
1545133125449021485,21.4142665863
1545133125498584641,21.3928375244
1545133125546136906,21.3928375244
1545133125597776741,21.3928375244
1545133125650211282,21.399980545
1545133125701196407,21.4178371429
1545133125750454981,21.3678379059
1545133125802098118,21.3856945038
1545133125850976092,21.399980545
1545133125902575384,21.3749809265
1545133125954527859,21.3785514832
1545133126002807763,21.3606948853
1545133126053361251,21.3892669678
1545133126103901699,21.3678379059
1545133126152985451,21.3785514832
1545133126205388866,21.3964099884
1545133126256282191,21.3821239471
1545133126304885977,21.3785514832
1545133126356919313,21.3892669678
1545133126407995092,21.3642654419
1545133126459130356,21.3856945038
1545133126508377855,21.3928375244
1545133126560969162,21.3606948853
1545133126608984229,21.3714084625
1545133126660391035,21.3428382874
1545133126709530086,21.3821239471
1545133126758239470,21.3928375244
1545133126810279720,21.3642654419
1545133126859297564,21.3892669678
1545133126912357350,21.399980545
1545133126963087498,21.3678379059
1545133127011959695,21.3714084625
1545133127060773582,21.3606948853
1545133127112488227,21.3678379059
1545133127162564554,21.3571243286
1545133127214747717,21.3571243286
1545133127263692488,21.4214096069
1545133127317153053,21.3964099884
1545133127367095980,21.3892669678
1545133127416144583,21.3821239471
1545133127464843100,21.3714084625
1545133127516762593,21.3856945038
1545133127566311056,21.3571243286
1545133127617601523,21.399980545
1545133127667255158,21.3928375244
1545133127718808646,21.3785514832
1545133127769681447,21.3642654419
1545133127817015401,21.4142665863
1545133127870681535,21.3964099884
1545133127919542360,21.4464092255
1545133127970528045,21.3714084625
1545133128019018375,21.3785514832
1545133128072527764,21.3964099884
1545133128120835685,21.4106941223
1545133128173247163,21.4035511017
1545133128222822087,21.3428382874
1545133128273580620,21.4106941223
1545133128322795514,21.4035511017
1545133128373328585,21.3642654419
1545133128425728003,21.4214096069
1545133128473839082,21.3964099884
1545133128525887751,21.3749809265
1545133128576956570,21.4071235657
1545133128625651809,21.3964099884
1545133128675952841,21.3856945038
1545133128726467225,21.3785514832
1545133128777191296,21.3392658234
1545133128826757682,21.3749809265
1545133128877940174,21.3606948853
1545133128927631872,21.399980545
1545133128978557811,21.3821239471
1545133129030870808,21.3892669678
1545133129078695291,21.3892669678
1545133129129046569,21.3892669678
1545133129179848245,21.3678379059
1545133129234284832,21.3714084625
1545133129284544819,21.3714084625
1545133129331463424,21.3928375244
1545133129380925576,21.3571243286
1545133129433012378,21.3642654419
1545133129484166096,21.3571243286
1545133129539296990,21.3785514832
1545133129583813378,21.3642654419
1545133129637137650,21.3749809265
1545133129686137115,21.3892669678
1545133129737282004,21.3785514832
1545133129785706391,21.3892669678
1545133129836760669,21.3964099884
1545133129886195274,21.3928375244
1545133129936397577,21.4035511017
1545133129988388003,21.4035511017
1545133130039556538,21.4071235657
1545133130090216169,21.4035511017
1545133130139227312,21.3821239471
1545133130190963850,21.3785514832
1545133130240884611,21.3714084625
1545133130291069457,21.3821239471
1545133130339631955,21.3856945038
1545133130393069244,21.3964099884
1545133130442161146,21.3678379059
1545133130492101762,21.3749809265
1545133130543345062,21.3714084625
1545133130594645365,21.3928375244
1545133130645600670,21.3964099884
1545133130694023208,21.4142665863
1545133130746467944,21.3714084625
1545133130794499393,21.3964099884
1545133130845215030,21.4071235657
1545133130893695341,21.3928375244
1545133130946475710,21.4071235657
1545133130994968902,21.3821239471
1545133131049024545,21.3856945038
1545133131098200020,21.3749809265
1545133131153399455,21.3892669678
1545133131199029848,21.3856945038
1545133131249163242,21.4035511017
1545133131300106412,21.4106941223
1545133131349614563,21.3678379059
1545133131400867107,21.3821239471
1545133131451211568,21.3678379059
1545133131501121023,21.3821239471
1545133131550980945,21.3928375244
1545133131603863456,21.3928375244
1545133131652532196,21.3892669678
1545133131705414213,21.3714084625
1545133131752132217,21.3749809265
1545133131804282656,21.3678379059
1545133131853445641,21.3749809265
1545133131904952173,21.3785514832
1545133131953415484,21.3856945038
1545133132004782460,21.3964099884
1545133132054398285,21.399980545
1545133132107219772,21.3892669678
1545133132156680807,21.3928375244
1545133132206792590,21.3749809265
1545133132258800419,21.4071235657
1545133132307578619,21.3642654419
1545133132359425714,21.399980545
1545133132409752216,21.3785514832
1545133132460067813,21.3749809265
1545133132511533925,21.4178371429
1545133132559458188,21.3856945038
1545133132610500853,21.3749809265
1545133132659904051,21.3678379059
1545133132713338479,21.3678379059
1545133132762475991,21.3821239471
1545133132811989580,21.4142665863
1545133132861570331,21.3428382874
1545133132914767451,21.349981308
1545133132964965067,21.2999801636
1545133133014375489,21.3321228027
1545133133064108845,21.3428382874
1545133133115399437,21.2856941223
1545133133165692408,21.3285522461
1545133133213744744,21.3178367615
1545133133267008325,21.3356952667
1545133133318830232,21.3214092255
1545133133366719548,21.3142662048
1545133133418379539,21.2999801636
1545133133470294347,21.274980545
1545133133517622606,21.3535518646
1545133133567615339,21.3821239471
1545133133618517234,21.3285522461
1545133133672279419,21.3428382874
1545133133721041904,21.3392658234
1545133133769658536,21.3321228027
1545133133822229283,21.3356952667
1545133133870403628,21.3571243286
1545133133923570377,21.3106956482
1545133133972101743,21.2928371429
1545133134025025316,21.3035526276
1545133134071181953,21.3571243286
1545133134124062880,21.2964096069
1545133134176195574,21.2999801636
1545133134226521253,21.2999801636
1545133134276322104,21.2856941223
1545133134326913884,21.3249797821
1545133134374348491,21.2785511017
1545133134425772790,21.2964096069
1545133134476753470,21.2499809265
1545133134527421267,21.2714099884
1545133134577461196,21.2821235657
1545133134628783117,21.274980545
1545133134679776268,21.2642669678
1545133134730190926,21.224981308
1545133134781272542,21.2285518646
1545133134830426119,21.2464084625
1545133134880379034,21.2642669678
1545133134929710406,21.2499809265
1545133134981199328,21.2428379059
1545133135033079897,21.224981308
1545133135082715027,21.2035522461
1545133135136286681,21.2856941223
1545133135182967271,21.2892665863
1545133135234598804,21.2678375244
1545133135285220579,21.2678375244
1545133135335219912,21.2464084625
1545133135383270049,21.2285518646
1545133135435597351,21.2678375244
1545133135486097432,21.2856941223
1545133135536308918,21.2321224213
1545133135587037498,21.2321224213
1545133135636151705,21.2464084625
1545133135687200214,21.2714099884
1545133135737648232,21.2321224213
1545133135788798507,21.2428379059
1545133135840054077,21.2964096069
1545133135887748818,21.2714099884
1545133135939424005,21.2571239471
1545133135992394891,21.2856941223
1545133136041138373,21.2821235657
1545133136090711079,21.2928371429
1545133136141928109,21.3142662048
1545133136191320771,21.2714099884
1545133136244273086,21.3035526276
1545133136292746023,21.2999801636
1545133136345462631,21.3035526276
1545133136394744919,21.2999801636
1545133136442608355,21.2856941223
1545133136495870566,21.2856941223
1545133136547022774,21.3071231842
1545133136597668968,21.3035526276
1545133136643734108,21.2892665863
1545133136694980371,21.2714099884
1545133136746199900,21.3214092255
1545133136797065815,21.3535518646
1545133136847660263,21.2892665863
1545133136897420781,21.3035526276
1545133136949051535,21.3392658234
1545133136999893858,21.346408844
1545133137048529252,21.3142662048
1545133137100915831,21.3321228027
1545133137149169209,21.3142662048
1545133137199979847,21.3178367615
1545133137252380614,21.3214092255
1545133137302396123,21.3356952667
1545133137353407975,21.3678379059
1545133137402918898,21.3321228027
1545133137452702851,21.3356952667
1545133137501711478,21.3142662048
1545133137555079918,21.2964096069
1545133137605137300,21.2999801636
1545133137655411985,21.3142662048
1545133137705812644,21.3321228027
1545133137755625468,21.3821239471
1545133137806481713,21.3571243286
1545133137857247379,21.3392658234
1545133137906330688,21.346408844
1545133137956213980,21.3071231842
1545133138005301451,21.3428382874
1545133138059110283,21.3214092255
1545133138109257851,21.3321228027
1545133138158420789,21.3285522461
1545133138210642690,21.274980545
1545133138261842720,21.3321228027
1545133138310959984,21.3249797821
1545133138361189482,21.3214092255
1545133138411741727,21.3035526276
1545133138461130009,21.2892665863
1545133138511183701,21.3106956482
1545133138561512979,21.2821235657
1545133138613902066,21.3249797821
1545133138662888214,21.2821235657
1545133138713561210,21.3642654419
1545133138762819605,21.2928371429
1545133138816665249,21.2999801636
1545133138867297287,21.3214092255
1545133138916491157,21.3321228027
1545133138964878718,21.3642654419
1545133139015368603,21.3285522461
1545133139068458104,21.3071231842
1545133139117335823,21.3142662048
1545133139166487549,21.3214092255
1545133139217706612,21.3178367615
1545133139270261558,21.2964096069
1545133139322456061,21.2964096069
1545133139371465926,21.3035526276
1545133139422032188,21.2606945038
1545133139471518240,21.2999801636
1545133139520744592,21.2928371429
1545133139572031504,21.2856941223
1545133139623313511,21.3178367615
1545133139671362852,21.3035526276
1545133139721688794,21.2785511017
1545133139772974923,21.2928371429
1545133139821792937,21.3142662048
1545133139874819165,21.2714099884
1545133139923358884,21.274980545
1545133139975427011,21.2856941223
1545133140024416012,21.3071231842
1545133140075516473,21.3071231842
1545133140128211391,21.3178367615
1545133140178581942,21.2928371429
1545133140226813533,21.2606945038
1545133140276391942,21.3035526276
1545133140332421363,21.2785511017
1545133140381068985,21.3249797821
1545133140428202071,21.274980545
1545133140478340076,21.2928371429
1545133140530839719,21.2821235657
1545133140579976355,21.3178367615
1545133140630655530,21.2821235657
1545133140679298327,21.2892665863
1545133140731504300,21.3106956482
1545133140780233298,21.3106956482
1545133140833727336,21.349981308
1545133140884095357,21.3071231842
1545133140935618029,21.2999801636
1545133140983871714,21.2999801636
1545133141034515171,21.3071231842
1545133141083527556,21.3071231842
1545133141135862927,21.3178367615
1545133141185948695,21.3285522461
1545133141236511843,21.3285522461
1545133141286539296,21.3071231842
1545133141336495326,21.3321228027
1545133141386274620,21.3071231842
1545133141439185578,21.3249797821
1545133141489993360,21.2892665863
1545133141537375952,21.2892665863
1545133141587127818,21.3392658234
1545133141638092177,21.2964096069
