rosbagTimestamp,address,timestamp_ms,x_m,y_m,z_m,flags
1545136351482549462,5,135300,0.143,-0.13,-0.109,2
1545136351601073021,5,135415,0.143,-0.131,-0.109,2
1545136351718560976,5,135531,0.143,-0.131,-0.108,2
1545136351837570382,5,135648,0.143,-0.13,-0.108,2
1545136351956683467,5,135763,0.142,-0.129,-0.109,2
1545136352073637760,5,135880,0.143,-0.129,-0.109,2
1545136352192674511,5,135997,0.143,-0.129,-0.109,2
1545136352310830123,5,136114,0.142,-0.127,-0.111,2
1545136352428921118,5,136229,0.141,-0.128,-0.11,2
1545136352546616442,5,136345,0.141,-0.129,-0.11,2
1545136352783983292,5,136578,0.143,-0.129,-0.11,2
1545136352901870721,5,136693,0.143,-0.13,-0.111,2
1545136353020647620,5,136809,0.143,-0.129,-0.111,2
1545136353138196210,5,136927,0.141,-0.13,-0.111,2
1545136353255594106,5,137042,0.142,-0.129,-0.112,2
1545136353374851145,5,137158,0.142,-0.127,-0.111,2
1545136353492540869,5,137274,0.142,-0.127,-0.112,2
1545136353610614850,5,137391,0.143,-0.126,-0.111,2
1545136353728423991,5,137506,0.143,-0.127,-0.109,2
1545136353847928569,5,137622,0.143,-0.128,-0.108,2
1545136353966339705,5,137738,0.142,-0.129,-0.107,2
1545136354083936802,5,137855,0.143,-0.129,-0.107,2
1545136354201745953,5,137971,0.142,-0.129,-0.109,2
1545136354320789586,5,138087,0.142,-0.128,-0.111,2
1545136354439552669,5,138204,0.142,-0.127,-0.11,2
1545136354556509597,5,138319,0.144,-0.126,-0.11,2
1545136354675106081,5,138435,0.149,-0.124,-0.107,2
1545136354794001813,5,138551,0.158,-0.121,-0.104,2
1545136355030788223,5,138783,0.19,-0.11,-0.105,2
1545136355148340999,5,138899,0.208,-0.105,-0.109,2
1545136355265495391,5,139017,0.227,-0.101,-0.111,2
1545136355384739400,5,139132,0.244,-0.1,-0.116,2
1545136355503223565,5,139248,0.26,-0.099,-0.13,2
1545136355621195618,5,139364,0.272,-0.096,-0.121,2
1545136355739355369,5,139481,0.285,-0.095,-0.12,2
1545136355858167354,5,139596,0.299,-0.093,-0.116,2
1545136355976326984,5,139712,0.312,-0.091,-0.103,2
1545136356095970602,5,139828,0.326,-0.091,-0.113,2
1545136356212233723,5,139945,0.34,-0.091,-0.114,2
1545136356329739653,5,140061,0.351,-0.09,-0.116,2
1545136356449189569,5,140177,0.362,-0.089,-0.115,2
1545136356566975734,5,140294,0.372,-0.088,-0.114,2
1545136356685150263,5,140409,0.382,-0.086,-0.115,2
1545136356802705331,5,140525,0.392,-0.086,-0.116,2
1545136356920791294,5,140641,0.404,-0.085,-0.116,2
1545136357040082257,5,140758,0.417,-0.086,-0.119,2
1545136357159081741,5,140873,0.427,-0.087,-0.117,2
1545136357276176252,5,140989,0.434,-0.087,-0.115,2
1545136357393795259,5,141106,0.437,-0.087,-0.115,2
1545136357513140605,5,141224,0.437,-0.087,-0.114,2
1545136357631075315,5,141339,0.437,-0.087,-0.116,2
1545136357748378243,5,141455,0.437,-0.087,-0.119,2
1545136357865986368,5,141572,0.439,-0.088,-0.119,2
1545136358103923909,5,141803,0.445,-0.089,-0.121,2
1545136358221922388,5,141919,0.45,-0.091,-0.121,2
1545136358339823816,5,142036,0.457,-0.092,-0.123,2
1545136358457849854,5,142152,0.465,-0.093,-0.123,2
1545136358577103676,5,142268,0.475,-0.094,-0.124,2
1545136358695121562,5,142384,0.486,-0.094,-0.125,2
1545136358813004131,5,142501,0.5,-0.095,-0.127,2
1545136358930778426,5,142616,0.514,-0.095,-0.128,2
1545136359049811959,5,142732,0.529,-0.095,-0.128,2
1545136359167728694,5,142849,0.542,-0.095,-0.131,2
1545136359285730205,5,142965,0.553,-0.095,-0.13,2
1545136359404017151,5,143080,0.563,-0.096,-0.132,2
1545136359522307601,5,143197,0.572,-0.095,-0.133,2
1545136359641330344,5,143314,0.582,-0.097,-0.13,2
1545136359759320083,5,143429,0.592,-0.097,-0.129,2
1545136359877018408,5,143545,0.602,-0.097,-0.126,2
1545136359994753943,5,143661,0.612,-0.097,-0.125,2
1545136360114008867,5,143778,0.622,-0.096,-0.126,2
1545136360231463925,5,143893,0.631,-0.093,-0.12,2
1545136360349542595,5,144009,0.643,-0.091,-0.117,2
1545136360467932503,5,144126,0.652,-0.09,-0.115,2
1545136360585652067,5,144242,0.659,-0.09,-0.11,2
1545136360704497791,5,144358,0.664,-0.092,-0.111,2
1545136360822810997,5,144474,0.666,-0.095,-0.105,2
1545136360940953415,5,144591,0.669,-0.094,-0.101,2
1545136361058680066,5,144706,0.676,-0.094,-0.099,2
1545136361177964878,5,144822,0.684,-0.093,-0.092,2
1545136361296049020,5,144939,0.694,-0.09,-0.091,2
1545136361413877892,5,145055,0.705,-0.089,-0.089,2
1545136361532263749,5,145170,0.715,-0.088,-0.087,2
1545136361649871299,5,145287,0.726,-0.086,-0.095,2
1545136361768094727,5,145404,0.737,-0.086,-0.101,2
1545136361886605757,5,145519,0.745,-0.081,-0.086,2
1545136362005100326,5,145635,0.757,-0.078,-0.084,2
1545136362123422962,5,145751,0.769,-0.074,-0.072,2
1545136362240506603,5,145868,0.788,-0.079,-0.087,2
1545136362359592408,5,145983,0.812,-0.09,-0.126,2
1545136362713833084,5,146333,0.845,-0.101,-0.151,2
1545136362831576295,5,146449,0.878,-0.112,-0.177,2
1545136363068651298,5,146682,0.898,-0.105,-0.15,2
1545136363187077361,5,146798,0.92,-0.099,-0.132,2
1545136363305078427,5,146913,0.928,-0.087,-0.101,2
1545136363422601298,5,147029,0.937,-0.076,-0.074,2
1545136363542450059,5,147146,0.952,-0.073,-0.068,2
1545136363777601831,5,147378,0.968,-0.071,-0.055,2
1545136363895966477,5,147495,0.985,-0.071,-0.058,2
1545136364015133605,5,147611,1.0,-0.07,-0.046,2
1545136364133987178,5,147726,1.015,-0.069,-0.047,2
1545136364250489396,5,147842,1.021,-0.067,-0.036,2
1545136364368736761,5,147959,1.026,-0.066,-0.028,2
1545136364487634948,5,148075,1.029,-0.068,-0.035,2
1545136364604964372,5,148190,1.029,-0.071,-0.032,2
1545136364724958341,5,148306,1.031,-0.079,-0.04,2
1545136364841489473,5,148424,1.043,-0.102,-0.065,2
1545136364960234627,5,148539,1.046,-0.114,-0.077,2
1545136365079069951,5,148655,1.049,-0.128,-0.095,2
1545136365196945951,5,148772,1.049,-0.138,-0.106,2
1545136365314667059,5,148888,1.039,-0.135,-0.099,2
1545136365432716291,5,149003,1.039,-0.143,-0.105,2
1545136365551061114,5,149119,1.039,-0.151,-0.114,2
1545136365669894783,5,149236,1.039,-0.159,-0.123,2
1545136365789357327,5,149352,1.039,-0.169,-0.13,2
1545136365905679940,5,149468,1.038,-0.178,-0.139,2
1545136366023888197,5,149585,1.035,-0.19,-0.143,2
1545136366142820026,5,149701,1.032,-0.205,-0.142,2
1545136366260879079,5,149816,1.03,-0.223,-0.138,2
1545136366378600053,5,149932,1.027,-0.24,-0.138,2
1545136366496632352,5,150049,1.025,-0.252,-0.146,2
1545136366614779519,5,150165,1.023,-0.262,-0.157,2
1545136366733701960,5,150280,1.019,-0.267,-0.177,2
1545136366852943335,5,150396,1.018,-0.276,-0.189,2
1545136366970210623,5,150514,1.017,-0.29,-0.194,2
1545136367088271656,5,150629,1.017,-0.306,-0.19,2
1545136367206698456,5,150745,1.018,-0.324,-0.18,2
1545136367324844436,5,150862,1.017,-0.342,-0.172,2
1545136367442627950,5,150978,1.015,-0.357,-0.167,2
1545136367560626540,5,151093,1.012,-0.368,-0.181,2
1545136367679376327,5,151209,1.006,-0.374,-0.212,2
1545136367798184953,5,151326,1.007,-0.381,-0.219,2
1545136367916061951,5,151442,1.007,-0.39,-0.225,2
1545136368034168725,5,151559,1.009,-0.403,-0.212,2
1545136368152002013,5,151675,1.014,-0.418,-0.18,2
1545136368270563280,5,151792,1.013,-0.428,-0.174,2
1545136368389432017,5,151907,1.013,-0.437,-0.169,2
1545136368506920779,5,152023,1.014,-0.444,-0.168,2
1545136368624912388,5,152139,1.013,-0.45,-0.17,2
1545136368743726683,5,152256,1.013,-0.459,-0.166,2
1545136368861839695,5,152371,1.013,-0.469,-0.159,2
1545136368980030895,5,152487,1.014,-0.48,-0.148,2
1545136369098019094,5,152605,1.013,-0.493,-0.131,2
1545136369215825855,5,152721,1.015,-0.507,-0.105,2
1545136369334889263,5,152836,1.006,-0.518,-0.144,2
1545136369688914955,5,153184,0.999,-0.53,-0.175,2
1545136370044468830,5,153533,0.997,-0.541,-0.186,2
1545136370754282767,5,154229,0.976,-0.546,-0.224,2
1545136370990213065,5,154461,0.959,-0.547,-0.202,2
1545136371108035382,5,154577,0.939,-0.545,-0.193,2
1545136371225555097,5,154695,0.912,-0.54,-0.21,2
1545136371343464903,5,154811,0.9,-0.538,-0.212,2
1545136371462021816,5,154926,0.89,-0.539,-0.216,2
1545136371580815909,5,155042,0.879,-0.539,-0.215,2
1545136371698691473,5,155159,0.868,-0.54,-0.214,2
1545136371816871328,5,155274,0.857,-0.54,-0.219,2
1545136371935574272,5,155390,0.846,-0.539,-0.22,2
1545136372053471607,5,155506,0.836,-0.547,-0.206,2
1545136372171720353,5,155623,0.824,-0.557,-0.183,2
1545136372408004350,5,155855,0.812,-0.565,-0.174,2
1545136372525921404,5,155972,0.8,-0.572,-0.17,2
1545136372644811239,5,156088,0.785,-0.569,-0.189,2
1545136372762139935,5,156203,0.774,-0.567,-0.214,2
1545136372880646357,5,156319,0.763,-0.568,-0.221,2
1545136372999419625,5,156436,0.753,-0.57,-0.231,2
1545136373117768413,5,156551,0.744,-0.572,-0.238,2
1545136373236011036,5,156667,0.734,-0.571,-0.249,2
1545136373353743946,5,156784,0.724,-0.569,-0.264,2
1545136373471591709,5,156902,0.714,-0.562,-0.271,2
1545136373589711841,5,157017,0.703,-0.556,-0.273,2
1545136373708778654,5,157133,0.696,-0.555,-0.27,2
1545136373826713677,5,157249,0.688,-0.565,-0.217,2
1545136373945033064,5,157366,0.682,-0.579,-0.188,2
1545136374062685213,5,157481,0.677,-0.588,-0.175,2
1545136374181832570,5,157597,0.666,-0.587,-0.164,2
1545136374299586846,5,157714,0.653,-0.573,-0.197,2
1545136374417645306,5,157830,0.64,-0.563,-0.204,2
1545136374535764566,5,157946,0.627,-0.556,-0.197,2
1545136374653482737,5,158062,0.614,-0.545,-0.208,2
1545136374771884006,5,158179,0.603,-0.534,-0.225,2
1545136374890859701,5,158294,0.588,-0.524,-0.236,2
1545136375126872384,5,158526,0.572,-0.526,-0.217,2
1545136375244749383,5,158643,0.556,-0.537,-0.183,2
1545136375363991601,5,158758,0.54,-0.549,-0.152,2
1545136375482026317,5,158875,0.524,-0.554,-0.137,2
1545136375599985560,5,158992,0.511,-0.553,-0.137,2
1545136375717701261,5,159107,0.498,-0.548,-0.152,2
1545136375835840456,5,159223,0.485,-0.545,-0.16,2
1545136375954639151,5,159339,0.473,-0.545,-0.158,2
1545136376072868549,5,159456,0.461,-0.541,-0.171,2
1545136376190977039,5,159571,0.449,-0.543,-0.163,2
1545136376309114602,5,159687,0.438,-0.545,-0.152,2
1545136376428637162,5,159803,0.427,-0.545,-0.15,2
1545136376545662779,5,159920,0.417,-0.546,-0.144,2
1545136376664184273,5,160036,0.409,-0.546,-0.141,2
1545136376781745667,5,160152,0.399,-0.544,-0.145,2
1545136377017986070,5,160384,0.382,-0.541,-0.138,2
1545136377609038483,5,160965,0.363,-0.528,-0.168,2
1545136377728188614,5,161082,0.345,-0.526,-0.174,2
1545136377847343609,5,161197,0.325,-0.528,-0.171,2
1545136377963805224,5,161313,0.306,-0.527,-0.176,2
1545136378082006208,5,161429,0.297,-0.539,-0.147,2
1545136378200968673,5,161546,0.288,-0.542,-0.144,2
1545136378318626864,5,161661,0.282,-0.54,-0.154,2
1545136378437162871,5,161777,0.281,-0.54,-0.155,2
1545136378792033423,5,162127,0.276,-0.549,-0.169,2
1545136378909671440,5,162243,0.272,-0.558,-0.189,2
1545136379027721135,5,162360,0.266,-0.572,-0.206,2
1545136379146140207,5,162476,0.261,-0.591,-0.202,2
1545136379264509484,5,162591,0.258,-0.609,-0.195,2
1545136379383054103,5,162707,0.253,-0.629,-0.174,2
1545136379500928005,5,162824,0.25,-0.644,-0.16,2
1545136379619075967,5,162940,0.247,-0.654,-0.163,2
1545136379855750146,5,163173,0.244,-0.667,-0.162,2
1545136379975058420,5,163289,0.241,-0.679,-0.162,2
1545136380092054849,5,163404,0.235,-0.688,-0.152,2
1545136380209558702,5,163520,0.233,-0.702,-0.151,2
1545136380329479334,5,163637,0.233,-0.716,-0.158,2
1545136380446739698,5,163753,0.234,-0.731,-0.163,2
1545136380565138367,5,163868,0.24,-0.751,-0.172,2
1545136380682962199,5,163984,0.24,-0.766,-0.171,2
1545136380800965740,5,164102,0.241,-0.78,-0.167,2
1545136380919809841,5,164217,0.241,-0.791,-0.166,2
1545136381038630193,5,164333,0.242,-0.804,-0.167,2
1545136381155839474,5,164450,0.243,-0.815,-0.166,2
1545136381273764602,5,164566,0.243,-0.826,-0.167,2
1545136381391746469,5,164681,0.244,-0.837,-0.168,2
1545136381511210336,5,164797,0.244,-0.848,-0.169,2
1545136381628979449,5,164914,0.245,-0.859,-0.173,2
1545136381747114834,5,165030,0.245,-0.868,-0.175,2
1545136381864853357,5,165146,0.246,-0.877,-0.176,2
1545136381983755250,5,165262,0.247,-0.884,-0.175,2
1545136382102693070,5,165379,0.248,-0.888,-0.175,2
1545136382220074639,5,165494,0.248,-0.891,-0.174,2
1545136382338112982,5,165610,0.248,-0.891,-0.174,2
1545136382456328200,5,165727,0.247,-0.891,-0.175,2
1545136382574910825,5,165843,0.246,-0.891,-0.175,2
1545136382692790257,5,165958,0.244,-0.892,-0.176,2
1545136382810808070,5,166074,0.238,-0.893,-0.177,2
1545136382929024257,5,166192,0.228,-0.893,-0.178,2
1545136383046974974,5,166307,0.215,-0.894,-0.178,2
1545136383167149958,5,166423,0.201,-0.895,-0.177,2
1545136383283793097,5,166539,0.187,-0.895,-0.174,2
1545136383401972398,5,166656,0.173,-0.894,-0.171,2
1545136383637766138,5,166887,0.157,-0.894,-0.168,2
1545136383757127962,5,167004,0.142,-0.893,-0.168,2
1545136383875375776,5,167120,0.127,-0.891,-0.169,2
1545136383993029553,5,167237,0.112,-0.889,-0.168,2
1545136384110897682,5,167353,0.1,-0.886,-0.164,2
1545136384230185493,5,167470,0.088,-0.883,-0.161,2
1545136384348747590,5,167586,0.078,-0.88,-0.16,2
1545136384466462503,5,167701,0.071,-0.88,-0.162,2
1545136384583953946,5,167817,0.066,-0.881,-0.167,2
1545136384702896539,5,167934,0.062,-0.882,-0.171,2
1545136384821357514,5,168050,0.06,-0.883,-0.173,2
1545136384939547429,5,168165,0.056,-0.883,-0.173,2
1545136385056914811,5,168283,0.054,-0.883,-0.173,2
1545136385174957302,5,168399,0.052,-0.883,-0.173,2
1545136385294741384,5,168514,0.051,-0.882,-0.174,2
1545136385412490811,5,168630,0.051,-0.88,-0.176,2
1545136385530390822,5,168747,0.05,-0.874,-0.179,2
1545136385647701499,5,168863,0.05,-0.865,-0.183,2
1545136385765593520,5,168978,0.051,-0.852,-0.185,2
1545136385884980905,5,169094,0.052,-0.839,-0.188,2
1545136386003112618,5,169211,0.053,-0.825,-0.192,2
1545136386120939503,5,169327,0.056,-0.812,-0.195,2
1545136386239918317,5,169443,0.061,-0.8,-0.202,2
1545136386476840720,5,169676,0.068,-0.782,-0.212,2
1545136386593664034,5,169791,0.071,-0.759,-0.215,2
1545136386711804181,5,169907,0.073,-0.733,-0.214,2
1545136386830847936,5,170024,0.07,-0.704,-0.207,2
1545136386949551119,5,170140,0.066,-0.679,-0.198,2
1545136387185098149,5,170373,0.064,-0.655,-0.193,2
1545136387302795656,5,170489,0.064,-0.631,-0.193,2
1545136387421881046,5,170604,0.063,-0.608,-0.194,2
1545136387539876257,5,170720,0.063,-0.585,-0.195,2
1545136387659343708,5,170837,0.063,-0.567,-0.194,2
1545136387775967801,5,170953,0.063,-0.549,-0.194,2
1545136387894285007,5,171068,0.062,-0.529,-0.195,2
1545136388013008687,5,171184,0.062,-0.508,-0.194,2
1545136388130797623,5,171301,0.06,-0.487,-0.196,2
1545136388249447443,5,171417,0.059,-0.467,-0.193,2
1545136388485782344,5,171650,0.056,-0.43,-0.189,2
1545136388604449435,5,171766,0.055,-0.412,-0.185,2
1545136388721665075,5,171881,0.054,-0.397,-0.181,2
1545136388840027060,5,171997,0.054,-0.383,-0.178,2
1545136388957754641,5,172114,0.054,-0.368,-0.177,2
1545136389076847939,5,172230,0.055,-0.354,-0.177,2
1545136389195146824,5,172345,0.056,-0.337,-0.177,2
1545136389312932801,5,172462,0.056,-0.321,-0.174,2
1545136389431018937,5,172580,0.057,-0.303,-0.173,2
1545136389550789149,5,172695,0.057,-0.286,-0.169,2
1545136389668239831,5,172811,0.057,-0.271,-0.165,2
1545136389786136861,5,172927,0.057,-0.258,-0.163,2
1545136389903842328,5,173044,0.058,-0.245,-0.158,2
1545136390022423710,5,173159,0.058,-0.231,-0.153,2
1545136390140791585,5,173275,0.058,-0.216,-0.149,2
1545136390259073865,5,173391,0.058,-0.198,-0.145,2
1545136390377089329,5,173508,0.059,-0.18,-0.138,2
1545136390495070014,5,173624,0.058,-0.159,-0.134,2
1545136390615478907,5,173740,0.06,-0.138,-0.128,2
1545136390732475494,5,173857,0.059,-0.118,-0.124,2
1545136390850556924,5,173972,0.059,-0.1,-0.119,2
1545136390968469064,5,174088,0.06,-0.085,-0.115,2
1545136391086634151,5,174204,0.061,-0.073,-0.113,2
1545136391206206716,5,174321,0.064,-0.061,-0.112,2
1545136391323692932,5,174436,0.065,-0.052,-0.112,2
1545136391440994486,5,174553,0.067,-0.044,-0.11,2
1545136391559564730,5,174670,0.068,-0.036,-0.108,2
1545136391679602354,5,174785,0.068,-0.033,-0.105,2
1545136391796627552,5,174901,0.069,-0.029,-0.103,2
1545136391913767002,5,175017,0.069,-0.028,-0.101,2
1545136392032419293,5,175134,0.069,-0.029,-0.101,2
1545136392150624165,5,175249,0.07,-0.032,-0.099,2
1545136392269037439,5,175365,0.074,-0.036,-0.097,2
1545136392387491816,5,175481,0.082,-0.026,-0.099,2
1545136392505128591,5,175599,0.094,-0.039,-0.087,2
1545136392623068714,5,175714,0.111,-0.04,-0.086,2
1545136392743575283,5,175830,0.13,-0.042,-0.079,2
1545136392860684357,5,175947,0.15,-0.057,-0.075,2
1545136392978709551,5,176062,0.172,-0.049,-0.085,2
1545136393095490342,5,176178,0.191,-0.051,-0.09,2
1545136393332807152,5,176411,0.227,-0.052,-0.1,2
1545136393451452850,5,176526,0.244,-0.053,-0.099,2
1545136393568592193,5,176643,0.259,-0.054,-0.096,2
1545136393687614846,5,176760,0.274,-0.055,-0.097,2
1545136393805966626,5,176875,0.29,-0.056,-0.099,2
1545136393923962803,5,176991,0.306,-0.057,-0.103,2
1545136394041598034,5,177107,0.322,-0.058,-0.108,2
1545136394159651518,5,177224,0.339,-0.059,-0.112,2
1545136394277606175,5,177339,0.353,-0.059,-0.116,2
1545136394397132261,5,177455,0.367,-0.059,-0.119,2
1545136394514827163,5,177571,0.381,-0.059,-0.119,2
1545136394632803933,5,177689,0.395,-0.059,-0.12,2
1545136394752160407,5,177805,0.409,-0.059,-0.118,2
1545136394869835740,5,177921,0.422,-0.059,-0.119,2
1545136394988107314,5,178037,0.435,-0.06,-0.12,2
1545136395105824965,5,178154,0.448,-0.062,-0.121,2
1545136395223983504,5,178269,0.462,-0.067,-0.121,2
1545136395342183096,5,178385,0.476,-0.069,-0.121,2
1545136395578860240,5,178618,0.491,-0.072,-0.122,2
1545136395697550610,5,178734,0.506,-0.073,-0.126,2
1545136395814864096,5,178850,0.519,-0.072,-0.127,2
1545136395934992944,5,178967,0.533,-0.071,-0.124,2
1545136396052087422,5,179082,0.544,-0.069,-0.122,2
1545136396170098656,5,179198,0.555,-0.067,-0.115,2
1545136396288016371,5,179314,0.567,-0.065,-0.108,2
1545136396405776265,5,179431,0.579,-0.062,-0.097,2
1545136396524556502,5,179546,0.592,-0.061,-0.091,2
1545136396642873198,5,179662,0.603,-0.058,-0.085,2
1545136396760576368,5,179780,0.616,-0.058,-0.078,2
1545136396879186050,5,179895,0.628,-0.058,-0.063,2
1545136396998980998,5,180011,0.639,-0.057,-0.05,2
1545136398298127076,5,181288,0.666,-0.055,-0.042,2
1545136398533949499,5,181521,0.701,-0.051,-0.045,2
1545136398652938125,5,181636,0.751,-0.063,-0.097,2
1545136398771209514,5,181752,0.792,-0.061,-0.112,2
1545136399006889150,5,181985,0.824,-0.062,-0.12,2
1545136399126437545,5,182101,0.857,-0.074,-0.144,2
1545136399245005945,5,182217,0.869,-0.061,-0.106,2
1545136399480249225,5,182449,0.897,-0.064,-0.1,2
1545136399598703004,5,182565,0.921,-0.066,-0.098,2
1545136399717116158,5,182682,0.934,-0.057,-0.076,2
1545136400071636998,5,183031,0.96,-0.06,-0.08,2
1545136400189027713,5,183148,0.977,-0.06,-0.074,2
1545136400307878020,5,183264,0.99,-0.061,-0.076,2
1545136400426142705,5,183379,0.999,-0.061,-0.073,2
1545136400544051926,5,183495,0.999,-0.058,-0.062,2
1545136400781781933,5,183728,0.997,-0.057,-0.059,2
1545136400899087808,5,183843,0.997,-0.061,-0.056,2
1545136401017020968,5,183961,0.994,-0.066,-0.04,2
1545136401254466765,5,184192,0.996,-0.098,-0.053,2
1545136401372721294,5,184308,0.994,-0.113,-0.053,2
1545136401490161990,5,184425,0.994,-0.136,-0.074,2
1545136401608070763,5,184541,0.996,-0.159,-0.09,2
1545136401725887571,5,184656,0.994,-0.178,-0.099,2
1545136401846082571,5,184772,0.995,-0.198,-0.112,2
1545136401962733165,5,184889,0.996,-0.213,-0.118,2
1545136402081652185,5,185005,0.994,-0.222,-0.123,2
1545136402199396862,5,185121,0.992,-0.227,-0.126,2
1545136402436217293,5,185354,0.989,-0.227,-0.134,2
1545136402553822977,5,185469,0.988,-0.226,-0.134,2
1545136402672467680,5,185585,0.988,-0.225,-0.138,2
1545136402790681192,5,185702,0.987,-0.223,-0.138,2
1545136402909582177,5,185818,0.986,-0.224,-0.134,2
1545136403145698561,5,186051,0.985,-0.227,-0.123,2
1545136403262842141,5,186167,0.986,-0.229,-0.124,2
1545136403381200049,5,186282,0.987,-0.229,-0.127,2
1545136403499827075,5,186398,0.988,-0.229,-0.132,2
1545136403618104056,5,186515,1.015,-0.259,-0.13,2
1545136403854076330,5,186746,1.013,-0.256,-0.129,2
1545136403973977090,5,186862,1.012,-0.256,-0.127,2
1545136404092078183,5,186979,1.01,-0.255,-0.126,2
1545136404208902789,5,187095,0.981,-0.224,-0.125,2
1545136404326917251,5,187211,0.98,-0.224,-0.124,2
1545136404445543694,5,187328,0.978,-0.223,-0.123,2
1545136404564742098,5,187444,0.978,-0.223,-0.131,2
1545136404682895444,5,187559,0.98,-0.227,-0.144,2
1545136404800249158,5,187675,1.006,-0.264,-0.145,2
1545136404917865024,5,187792,1.007,-0.274,-0.156,2
1545136405037930501,5,187908,1.007,-0.29,-0.161,2
1545136405155408091,5,188023,1.007,-0.307,-0.165,2
1545136405273138627,5,188140,0.98,-0.295,-0.178,2
1545136405391634632,5,188258,0.981,-0.314,-0.169,2
1545136405510709340,5,188373,0.981,-0.33,-0.17,2
1545136405628306940,5,188489,0.981,-0.345,-0.166,2
1545136405745997408,5,188605,0.982,-0.358,-0.159,2
1545136405864148360,5,188722,0.981,-0.372,-0.163,2
1545136405982663872,5,188837,0.98,-0.384,-0.165,2
1545136406102219054,5,188953,0.979,-0.394,-0.169,2
1545136406219264981,5,189069,0.977,-0.405,-0.173,2
1545136406336770118,5,189187,0.975,-0.417,-0.183,2
1545136406455069799,5,189302,0.973,-0.431,-0.194,2
1545136406574086754,5,189418,0.971,-0.447,-0.202,2
1545136406692257903,5,189535,0.972,-0.462,-0.207,2
1545136406810151358,5,189650,0.973,-0.476,-0.199,2
1545136406928266175,5,189766,0.97,-0.492,-0.213,2
1545136407047321521,5,189882,0.968,-0.505,-0.224,2
1545136407166192003,5,189999,0.968,-0.521,-0.227,2
1545136407283213264,5,190114,0.971,-0.537,-0.214,2
1545136407401370306,5,190231,0.98,-0.551,-0.171,2
1545136407520540671,5,190348,0.988,-0.565,-0.136,2
1545136407638477367,5,190464,0.991,-0.577,-0.112,2
1545136407756052393,5,190579,0.991,-0.588,-0.108,2
1545136407874430636,5,190695,0.988,-0.597,-0.114,2
1545136407991878908,5,190812,0.987,-0.604,-0.111,2
1545136408111876651,5,190927,0.986,-0.607,-0.113,2
1545136408230630003,5,191043,0.982,-0.608,-0.121,2
1545136408347680500,5,191159,0.978,-0.608,-0.125,2
1545136408465257857,5,191277,0.972,-0.609,-0.135,2
1545136408701918875,5,191508,0.95,-0.607,-0.16,2
1545136408820349394,5,191625,0.939,-0.606,-0.171,2
1545136408938332433,5,191741,0.925,-0.601,-0.191,2
1545136409055850833,5,191856,0.912,-0.598,-0.203,2
1545136409175242798,5,191972,0.901,-0.596,-0.214,2
1545136409293182565,5,192089,0.889,-0.594,-0.222,2
1545136409412254186,5,192204,0.878,-0.594,-0.226,2
1545136409529550814,5,192321,0.867,-0.596,-0.227,2
1545136409647878656,5,192438,0.854,-0.594,-0.23,2
1545136409766588837,5,192554,0.842,-0.592,-0.234,2
1545136409884262768,5,192669,0.831,-0.589,-0.229,2
1545136410002137173,5,192785,0.825,-0.588,-0.222,2
1545136410120088400,5,192902,0.82,-0.589,-0.208,2
1545136410239319642,5,193017,0.818,-0.592,-0.193,2
1545136410357182382,5,193133,0.816,-0.598,-0.181,2
1545136410474998439,5,193249,0.805,-0.596,-0.181,2
1545136410593361546,5,193367,0.793,-0.594,-0.184,2
1545136410711394174,5,193483,0.782,-0.595,-0.186,2
1545136410948675034,5,193715,0.77,-0.595,-0.193,2
1545136411184960116,5,193947,0.757,-0.606,-0.195,2
1545136411303182362,5,194063,0.747,-0.608,-0.199,2
1545136411421419808,5,194179,0.737,-0.608,-0.2,2
1545136411539321504,5,194296,0.728,-0.61,-0.205,2
1545136411657524112,5,194412,0.711,-0.616,-0.17,2
1545136411775386740,5,194528,0.698,-0.589,-0.218,2
1545136411894199868,5,194645,0.685,-0.588,-0.213,2
1545136412012043193,5,194760,0.676,-0.586,-0.209,2
1545136412130581955,5,194876,0.673,-0.572,-0.262,2
1545136412248787706,5,194992,0.671,-0.596,-0.222,2
1545136412366149419,5,195109,0.668,-0.593,-0.236,2
1545136412485200715,5,195224,0.663,-0.59,-0.244,2
1545136412603388751,5,195340,0.656,-0.591,-0.234,2
1545136412721190338,5,195458,0.646,-0.588,-0.231,2
1545136412839200223,5,195573,0.636,-0.586,-0.228,2
1545136412958544075,5,195689,0.626,-0.588,-0.217,2
1545136413076007183,5,195805,0.616,-0.587,-0.215,2
1545136413312982741,5,196037,0.596,-0.564,-0.259,2
1545136413429899215,5,196153,0.582,-0.568,-0.22,2
1545136413549936671,5,196269,0.568,-0.573,-0.192,2
1545136413667472485,5,196386,0.554,-0.592,-0.141,2
1545136413785243500,5,196502,0.538,-0.599,-0.104,2
1545136413903281466,5,196618,0.524,-0.592,-0.123,2
1545136414021057031,5,196735,0.513,-0.587,-0.122,2
1545136414140770816,5,196850,0.502,-0.584,-0.123,2
1545136414258592274,5,196966,0.496,-0.583,-0.129,2
1545136414377224052,5,197082,0.49,-0.581,-0.143,2
1545136414494426681,5,197199,0.483,-0.579,-0.153,2
1545136414612968433,5,197314,0.475,-0.576,-0.158,2
1545136414731053708,5,197430,0.468,-0.575,-0.162,2
1545136414848985718,5,197548,0.462,-0.576,-0.168,2
1545136414966871062,5,197663,0.459,-0.579,-0.173,2
1545136415084893638,5,197779,0.458,-0.56,-0.228,2
1545136415204504230,5,197895,0.458,-0.569,-0.222,2
1545136415321863277,5,198012,0.457,-0.579,-0.211,2
1545136415440953659,5,198127,0.455,-0.574,-0.245,2
1545136415559019113,5,198243,0.454,-0.585,-0.25,2
1545136415676126598,5,198359,0.452,-0.578,-0.299,2
1545136415795611969,5,198476,0.451,-0.574,-0.347,2
1545136415913880902,5,198593,0.449,-0.588,-0.348,2
1545136416031116683,5,198709,0.447,-0.615,-0.323,2
1545136416149550440,5,198826,0.445,-0.644,-0.273,2
1545136416268376984,5,198942,0.444,-0.662,-0.253,2
1545136416388190685,5,199057,0.444,-0.673,-0.248,2
1545136416504328457,5,199173,0.443,-0.681,-0.242,2
1545136416622019692,5,199290,0.443,-0.686,-0.241,2
1545136417095298674,5,199755,0.443,-0.697,-0.205,2
1545136417568351999,5,200219,0.417,-0.721,-0.13,2
1545136417686256612,5,200334,0.405,-0.72,-0.139,2
1545136417804105331,5,200450,0.395,-0.719,-0.148,2
1545136417924393011,5,200567,0.382,-0.716,-0.159,2
1545136418041191001,5,200683,0.369,-0.714,-0.167,2
1545136418159495088,5,200799,0.355,-0.713,-0.168,2
1545136418277063736,5,200916,0.34,-0.713,-0.162,2
1545136418395509146,5,201032,0.328,-0.714,-0.155,2
1545136418514606869,5,201147,0.317,-0.716,-0.156,2
1545136418632242514,5,201263,0.307,-0.716,-0.16,2
1545136418749962824,5,201380,0.293,-0.715,-0.158,2
1545136418868162426,5,201496,0.3,-0.737,-0.176,2
1545136418987259030,5,201611,0.301,-0.751,-0.185,2
1545136419105210185,5,201728,0.287,-0.748,-0.175,2
1545136419458956926,5,202076,0.252,-0.735,-0.164,2
1545136419578029057,5,202193,0.233,-0.732,-0.148,2
1545136419696411154,5,202309,0.232,-0.751,-0.156,2
1545136419814761902,5,202424,0.231,-0.77,-0.156,2
1545136419932997126,5,202540,0.232,-0.786,-0.158,2
1545136420051016716,5,202657,0.232,-0.8,-0.164,2
1545136420169654866,5,202773,0.232,-0.814,-0.168,2
1545136420287081113,5,202889,0.23,-0.824,-0.172,2
1545136420405772601,5,203005,0.228,-0.835,-0.173,2
1545136420523254576,5,203122,0.226,-0.846,-0.171,2
1545136420641434527,5,203237,0.222,-0.855,-0.169,2
1545136420878497685,5,203470,0.22,-0.867,-0.171,2
1545136420996329055,5,203586,0.218,-0.878,-0.171,2
1545136421233679788,5,203818,0.216,-0.887,-0.173,2
1545136421351688561,5,203936,0.214,-0.895,-0.174,2
1545136421469604859,5,204052,0.211,-0.901,-0.171,2
1545136421587049113,5,204167,0.205,-0.903,-0.169,2
1545136421942762269,5,204516,0.19,-0.903,-0.17,2
1545136422060615780,5,204631,0.173,-0.904,-0.17,2
1545136422178368444,5,204747,0.155,-0.903,-0.172,2
1545136422295928173,5,204865,0.137,-0.904,-0.173,2
1545136422413899819,5,204980,0.126,-0.904,-0.17,2
1545136422533961564,5,205096,0.114,-0.902,-0.168,2
1545136422651127912,5,205213,0.101,-0.898,-0.167,2
1545136422768980158,5,205329,0.09,-0.895,-0.167,2
1545136422887190757,5,205444,0.08,-0.893,-0.167,2
1545136423006098254,5,205560,0.072,-0.893,-0.165,2
1545136423124380447,5,205677,0.065,-0.895,-0.164,2
1545136423242113045,5,205792,0.058,-0.896,-0.161,2
1545136423360225520,5,205909,0.052,-0.896,-0.163,2
1545136423478446396,5,206026,0.045,-0.896,-0.166,2
1545136423598402689,5,206142,0.041,-0.895,-0.168,2
1545136423715833740,5,206257,0.038,-0.894,-0.172,2
1545136423833833992,5,206373,0.037,-0.894,-0.174,2
1545136423951620286,5,206490,0.034,-0.892,-0.176,2
1545136424069795638,5,206606,0.03,-0.884,-0.196,2
1545136424188561460,5,206721,0.022,-0.88,-0.196,2
1545136424306473423,5,206837,0.014,-0.876,-0.196,2
1545136424424572216,5,206955,0.008,-0.872,-0.197,2
1545136424542847456,5,207070,0.005,-0.876,-0.18,2
1545136424662001339,5,207186,0.003,-0.874,-0.181,2
1545136424779496344,5,207303,0.003,-0.87,-0.182,2
1545136424897559851,5,207419,0.002,-0.861,-0.183,2
1545136425015922256,5,207534,0.002,-0.85,-0.187,2
1545136425133890712,5,207650,0.005,-0.841,-0.198,2
1545136425251494533,5,207767,0.014,-0.836,-0.216,2
1545136425371065565,5,207883,0.02,-0.826,-0.227,2
1545136425488247708,5,207999,0.02,-0.807,-0.221,2
1545136425724071116,5,208232,0.004,-0.749,-0.168,2
1545136425843111412,5,208347,0.0,-0.723,-0.155,2
1545136425961971123,5,208463,0.002,-0.706,-0.159,2
1545136426079428045,5,208580,0.009,-0.694,-0.182,2
1545136426315503776,5,208811,0.016,-0.659,-0.202,2
1545136426433524618,5,208927,0.018,-0.64,-0.21,2
1545136426552038281,5,209045,0.021,-0.62,-0.214,2
1545136426789528977,5,209277,0.024,-0.596,-0.215,2
1545136426906674651,5,209393,0.027,-0.573,-0.212,2
1545136427025212082,5,209510,0.03,-0.551,-0.21,2
1545136427143319590,5,209625,0.03,-0.53,-0.205,2
1545136427261553166,5,209741,0.03,-0.513,-0.207,2
1545136427379166313,5,209857,0.028,-0.496,-0.206,2
1545136427497226735,5,209974,0.026,-0.477,-0.203,2
1545136427616376289,5,210090,0.025,-0.457,-0.205,2
1545136427734613078,5,210206,0.024,-0.44,-0.199,2
1545136427853044624,5,210323,0.023,-0.421,-0.195,2
1545136427970671595,5,210438,0.022,-0.403,-0.19,2
1545136428088843566,5,210554,0.021,-0.387,-0.178,2
1545136428207529835,5,210670,0.02,-0.372,-0.163,2
1545136428325103341,5,210787,0.02,-0.361,-0.135,2
1545136428443331798,5,210902,0.02,-0.345,-0.128,2
1545136428562605314,5,211018,0.022,-0.328,-0.126,2
1545136428679570800,5,211136,0.024,-0.307,-0.132,2
1545136428798224465,5,211252,0.025,-0.286,-0.145,2
1545136428917796487,5,211367,0.026,-0.268,-0.141,2
1545136429034103968,5,211483,0.027,-0.246,-0.137,2
1545136429152458261,5,211600,0.027,-0.223,-0.133,2
1545136429270496118,5,211715,0.027,-0.196,-0.136,2
1545136429389117022,5,211831,0.028,-0.171,-0.137,2
1545136429507578063,5,211947,0.028,-0.15,-0.136,2
1545136429625151762,5,212064,0.028,-0.134,-0.134,2
1545136429744328007,5,212180,0.028,-0.12,-0.133,2
1545136429862490623,5,212296,0.028,-0.112,-0.133,2
1545136429980224164,5,212413,0.027,-0.107,-0.132,2
1545136430098479866,5,212528,0.028,-0.106,-0.131,2
1545136430216957693,5,212644,0.031,-0.106,-0.128,2
1545136430334970301,5,212760,0.039,-0.106,-0.125,2
1545136430453682192,5,212877,0.051,-0.107,-0.121,2
1545136430571641207,5,212992,0.067,-0.11,-0.117,2
1545136430689567942,5,213108,0.087,-0.112,-0.119,2
1545136430808310589,5,213226,0.108,-0.115,-0.114,2
1545136430925300995,5,213342,0.13,-0.117,-0.109,2
1545136431044453421,5,213457,0.151,-0.115,-0.109,2
1545136431162864256,5,213573,0.17,-0.113,-0.104,2
1545136431280430857,5,213690,0.187,-0.11,-0.106,2
1545136431398357323,5,213805,0.201,-0.107,-0.109,2
1545136431516473265,5,213921,0.211,-0.107,-0.109,2
1545136431635567638,5,214037,0.22,-0.108,-0.11,2
1545136431753765026,5,214154,0.229,-0.11,-0.112,2
1545136431872408283,5,214271,0.239,-0.111,-0.116,2
1545136431989664439,5,214387,0.25,-0.113,-0.123,2
1545136432226751909,5,214620,0.282,-0.12,-0.152,2
1545136432344666719,5,214735,0.296,-0.12,-0.15,2
1545136432462272038,5,214851,0.31,-0.12,-0.145,2
1545136432580492959,5,214968,0.321,-0.114,-0.117,2
1545136432699163903,5,215084,0.34,-0.116,-0.122,2
1545136432818235710,5,215199,0.361,-0.117,-0.126,2
1545136432935730566,5,215316,0.382,-0.118,-0.128,2
1545136433054620179,5,215433,0.401,-0.118,-0.128,2
1545136433171853168,5,215548,0.415,-0.119,-0.13,2
1545136433290146253,5,215664,0.428,-0.12,-0.129,2
1545136433408288218,5,215780,0.441,-0.123,-0.129,2
1545136433526935245,5,215897,0.455,-0.125,-0.129,2
1545136433644111264,5,216012,0.472,-0.128,-0.128,2
1545136433762428547,5,216128,0.487,-0.132,-0.129,2
1545136433882271189,5,216245,0.502,-0.134,-0.13,2
1545136433999735373,5,216361,0.515,-0.138,-0.129,2
1545136434117220992,5,216477,0.528,-0.141,-0.13,2
1545136434235682403,5,216593,0.542,-0.145,-0.128,2
1545136434353827743,5,216710,0.556,-0.148,-0.128,2
1545136434472425665,5,216825,0.566,-0.151,-0.13,2
1545136434590124607,5,216941,0.572,-0.152,-0.132,2
1545136434708931224,5,217057,0.574,-0.154,-0.135,2
1545136434826380994,5,217174,0.575,-0.158,-0.135,2
1545136434945378437,5,217289,0.576,-0.164,-0.132,2
1545136435063768675,5,217406,0.578,-0.176,-0.127,2
1545136435181453130,5,217523,0.582,-0.191,-0.12,2
1545136435299645159,5,217638,0.585,-0.206,-0.117,2
1545136435417537321,5,217754,0.575,-0.221,-0.154,2
1545136435536737511,5,217870,0.565,-0.236,-0.188,2
1545136435654017845,5,217987,0.563,-0.249,-0.203,2
1545136435772238423,5,218102,0.564,-0.264,-0.195,2
1545136435890239284,5,218218,0.577,-0.276,-0.155,2
1545136436009317458,5,218334,0.587,-0.289,-0.127,2
1545136436127629872,5,218451,0.587,-0.303,-0.125,2
1545136436246037188,5,218567,0.583,-0.317,-0.145,2
1545136436363405389,5,218683,0.58,-0.333,-0.16,2
1545136436481578898,5,218800,0.578,-0.351,-0.168,2
1545136436599298080,5,218915,0.578,-0.369,-0.173,2
1545136436718624553,5,219031,0.579,-0.389,-0.175,2
1545136436836226198,5,219147,0.58,-0.409,-0.176,2
1545136436954865613,5,219264,0.581,-0.429,-0.177,2
1545136437073631803,5,219379,0.581,-0.447,-0.177,2
1545136437190514814,5,219496,0.575,-0.458,-0.17,2
1545136437309401175,5,219614,0.573,-0.474,-0.168,2
1545136437427847661,5,219730,0.576,-0.498,-0.169,2
1545136437545435842,5,219845,0.583,-0.525,-0.167,2
1545136437663265496,5,219961,0.595,-0.555,-0.169,2
1545136437781364299,5,220078,0.602,-0.575,-0.166,2
1545136437900333983,5,220194,0.601,-0.54,-0.228,2
1545136438018465992,5,220309,0.6,-0.544,-0.218,2
1545136438138132133,5,220425,0.602,-0.547,-0.217,2
1545136438254462856,5,220543,0.601,-0.548,-0.223,2
1545136438373034687,5,220658,0.599,-0.592,-0.162,2
1545136438491665188,5,220774,0.59,-0.585,-0.178,2
1545136438609523303,5,220891,0.601,-0.61,-0.186,2
1545136438727773779,5,221007,0.576,-0.596,-0.178,2
1545136438845514886,5,221122,0.551,-0.585,-0.165,2
1545136438964458405,5,221238,0.527,-0.581,-0.151,2
1545136439083219446,5,221355,0.475,-0.547,-0.14,2
1545136439200534089,5,221471,0.456,-0.553,-0.139,2
1545136439318379035,5,221587,0.434,-0.557,-0.141,2
1545136439555463353,5,221820,0.387,-0.557,-0.151,2
1545136439673445824,5,221935,0.366,-0.556,-0.158,2
1545136439791239072,5,222051,0.347,-0.555,-0.16,2
1545136439909603621,5,222168,0.333,-0.553,-0.158,2
1545136440028831809,5,222284,0.323,-0.554,-0.148,2
1545136440146566670,5,222399,0.318,-0.556,-0.136,2
1545136440264706084,5,222515,0.316,-0.556,-0.132,2
1545136440382958683,5,222633,0.315,-0.556,-0.132,2
1545136440500746040,5,222748,0.315,-0.557,-0.133,2
1545136440619461942,5,222864,0.315,-0.556,-0.138,2
