timestamp,x,y,z,yaw,yawspeed,vx,vy,vz,acc_x,acc_y,acc_z,jerk_x,jerk_y,jerk_z,thrust[0],thrust[1],thrust[2]
2480612529,nan,nan,nan,0.047121413,nan,nan,nan,nan,nan,nan,nan,nan,nan,nan,0.0,0.0,0.0
2480813064,nan,nan,nan,0.047236536,nan,nan,nan,nan,nan,nan,nan,nan,nan,nan,0.0,0.0,0.0
2481013147,nan,nan,nan,0.047037948,nan,nan,nan,nan,nan,nan,nan,nan,nan,nan,0.0,0.0,0.0
2481213993,nan,nan,nan,0.04658677,nan,nan,nan,nan,nan,nan,nan,nan,nan,nan,0.0,0.0,0.0
2481422820,nan,nan,nan,0.04674681,nan,nan,nan,nan,nan,nan,nan,nan,nan,nan,0.0,0.0,0.0
2481623663,nan,nan,nan,0.04731464,nan,nan,nan,nan,nan,nan,nan,nan,nan,nan,0.0,0.0,0.0
2481823533,nan,nan,nan,0.04760093,nan,nan,nan,nan,nan,nan,nan,nan,nan,nan,0.0,0.0,0.0
2482023400,nan,nan,nan,0.047738966,nan,nan,nan,nan,nan,nan,nan,nan,nan,nan,0.0,0.0,0.0
2482231669,0.23419367,-0.9551229,nan,0.048188366,nan,0.0,0.0,-2.998879,nan,nan,nan,nan,nan,nan,nan,nan,nan
2482429392,0.23419367,-0.9551229,nan,0.051200878,nan,0.0,0.0,-3.0,nan,nan,nan,nan,nan,nan,nan,nan,nan
2482636240,0.23419367,-0.9551229,nan,0.047541544,-0.0,0.0,0.0,-3.0,nan,nan,nan,nan,nan,nan,nan,nan,nan
2482837064,0.23419367,-0.9551229,nan,0.047541544,0.0,0.0,0.0,-1.9462477,nan,nan,nan,nan,nan,nan,nan,nan,nan
2483045098,nan,nan,nan,0.047541544,-0.0,0.22083776,0.010506885,-0.81827176,nan,nan,nan,nan,nan,nan,nan,nan,nan
2483245881,nan,nan,nan,0.047541544,-0.0,0.97455543,0.13901578,-0.82068855,nan,nan,nan,nan,nan,nan,nan,nan,nan
2483446041,nan,nan,nan,0.047541544,0.0,1.6217843,0.27937594,-0.8203734,nan,nan,nan,nan,nan,nan,nan,nan,nan
2483646724,nan,nan,nan,0.13094795,0.0,2.1558232,0.52383924,-0.8207736,nan,nan,nan,nan,nan,nan,nan,nan,nan
2483846657,nan,nan,nan,0.13094795,-0.0,2.6016562,0.8104977,-0.819978,nan,nan,nan,nan,nan,nan,nan,nan,nan
2484055449,nan,nan,nan,0.13094795,-0.0,3.0488558,1.0821791,-0.82037616,nan,nan,nan,nan,nan,nan,nan,nan,nan
2484256916,nan,nan,nan,0.13094795,0.0,3.495945,1.3140246,-0.82037616,nan,nan,nan,nan,nan,nan,nan,nan,nan
2484452564,nan,nan,nan,0.13094795,-0.0,3.934977,1.5293078,-0.82037616,nan,nan,nan,nan,nan,nan,nan,nan,nan
2484661522,nan,nan,nan,0.13094795,-0.0,4.406455,1.7541581,-0.82037616,nan,nan,nan,nan,nan,nan,nan,nan,nan
2484862570,nan,nan,nan,0.13094795,0.0,4.8569903,1.977333,-0.82041633,nan,nan,nan,nan,nan,nan,nan,nan,nan
2485061138,nan,nan,nan,0.13094795,-0.0,5.29728,2.206607,-0.82037616,nan,nan,nan,nan,nan,nan,nan,nan,nan
2485261876,nan,nan,nan,0.13094795,-0.0,5.7426825,2.4378479,-0.8199785,nan,nan,nan,nan,nan,nan,nan,nan,nan
2485470043,nan,nan,nan,0.13094795,0.0,6.2081003,2.6706805,-0.82037616,nan,nan,nan,nan,nan,nan,nan,nan,nan
2485670780,nan,nan,nan,0.13094795,-0.0,6.659278,2.890399,-0.82041633,nan,nan,nan,nan,nan,nan,nan,nan,nan
2485871648,nan,nan,nan,0.13094795,0.0,7.128101,3.0695825,-0.8213732,nan,nan,nan,nan,nan,nan,nan,nan,nan
2486080549,nan,nan,nan,0.13094795,0.0,7.6052246,3.2812898,-0.82032454,nan,nan,nan,nan,nan,nan,nan,nan,nan
2486281753,nan,nan,nan,0.13094795,0.0,8.059716,3.4968774,-0.82037616,nan,nan,nan,nan,nan,nan,nan,nan,nan
2486480317,nan,nan,nan,0.13094795,0.0,8.508558,3.7088919,-0.82038975,nan,nan,nan,nan,nan,nan,nan,nan,nan
2486681192,nan,nan,nan,0.13094795,-0.0,8.956262,3.9353154,-0.82037616,nan,nan,nan,nan,nan,nan,nan,nan,nan
2486881091,nan,nan,nan,0.13094795,0.0,9.140595,4.055803,-0.82037616,nan,nan,nan,nan,nan,nan,nan,nan,nan
2487085899,nan,nan,nan,0.13094795,-0.0,9.126239,4.0880036,-0.82037616,nan,nan,nan,nan,nan,nan,nan,nan,nan
2487294970,nan,nan,nan,0.13094795,-0.0,9.095247,4.1564965,-1.7722719,nan,nan,nan,nan,nan,nan,nan,nan,nan
2487490682,nan,nan,nan,0.13094795,0.0,9.141162,4.054523,-1.8001387,nan,nan,nan,nan,nan,nan,nan,nan,nan
2487700029,nan,nan,nan,0.13094795,-0.0,9.128961,4.0819197,-1.8001485,nan,nan,nan,nan,nan,nan,nan,nan,nan
2487899501,nan,nan,nan,0.13094795,-0.0,9.141235,4.0543594,-1.8001953,nan,nan,nan,nan,nan,nan,nan,nan,nan
2488099409,nan,nan,nan,0.13094795,0.0,9.146051,4.0434833,-1.8001485,nan,nan,nan,nan,nan,nan,nan,nan,nan
2488308383,nan,nan,nan,0.13094795,0.0,9.126029,4.088471,-1.8036171,nan,nan,nan,nan,nan,nan,nan,nan,nan
2488508261,nan,nan,nan,0.13094795,-0.0,9.115072,4.1128407,-1.8005357,nan,nan,nan,nan,nan,nan,nan,nan,nan
2488709055,nan,nan,nan,0.13094795,0.0,9.124472,4.0919466,-1.8001417,nan,nan,nan,nan,nan,nan,nan,nan,nan
2488917224,nan,nan,nan,0.13094795,-0.0,9.131416,4.0764213,-1.8016086,nan,nan,nan,nan,nan,nan,nan,nan,nan
2489119339,nan,nan,nan,0.13094795,-0.0,9.215183,3.8833494,-1.800139,nan,nan,nan,nan,nan,nan,nan,nan,nan
2489317865,nan,nan,nan,0.13094795,0.0,9.203023,3.912079,-1.7917247,nan,nan,nan,nan,nan,nan,nan,nan,nan
2489528115,nan,nan,nan,nan,1.0954279,9.053478,4.240439,-1.7859802,nan,nan,nan,nan,nan,nan,nan,nan,nan
2489726682,nan,nan,nan,nan,2.2704074,8.811692,4.6736555,-1.7859561,nan,nan,nan,nan,nan,nan,nan,nan,nan
2489927529,nan,nan,nan,nan,2.3519382,8.500021,5.066388,-1.7874091,nan,nan,nan,nan,nan,nan,nan,nan,nan
2490135642,nan,nan,nan,nan,2.3841364,8.102797,5.4008493,-1.7859526,nan,nan,nan,nan,nan,nan,nan,nan,nan
2490337687,nan,nan,nan,nan,2.4365542,7.656468,5.634857,-1.7859424,nan,nan,nan,nan,nan,nan,nan,nan,nan
2490537652,nan,nan,nan,nan,2.536629,7.1755114,5.76691,-1.7859424,nan,nan,nan,nan,nan,nan,nan,nan,nan
2490746213,nan,nan,nan,nan,2.7825472,6.6554446,5.7916865,-1.7834544,nan,nan,nan,nan,nan,nan,nan,nan,nan
2490944838,nan,nan,nan,nan,2.9112418,6.1672716,5.7080326,-1.7782863,nan,nan,nan,nan,nan,nan,nan,nan,nan
2491151389,nan,nan,nan,nan,2.9171433,5.6904593,5.511823,-1.7823181,nan,nan,nan,nan,nan,nan,nan,nan,nan
2491346716,nan,nan,nan,nan,2.931693,5.29429,5.2282834,-1.7787249,nan,nan,nan,nan,nan,nan,nan,nan,nan
2491554682,nan,nan,nan,nan,2.9469612,4.962871,4.829639,-1.7788427,nan,nan,nan,nan,nan,nan,nan,nan,nan
2491755776,nan,nan,nan,nan,2.9604445,4.751557,4.375157,-1.7801552,nan,nan,nan,nan,nan,nan,nan,nan,nan
2491956831,nan,nan,nan,nan,2.9696305,4.664873,3.8817787,-1.7825857,nan,nan,nan,nan,nan,nan,nan,nan,nan
2492164304,nan,nan,nan,nan,2.8338747,4.726664,3.3687477,-1.7859031,nan,nan,nan,nan,nan,nan,nan,nan,nan
2492365395,nan,nan,nan,nan,1.8414675,4.9529405,2.9229777,-1.7782466,nan,nan,nan,nan,nan,nan,nan,nan,nan
2492565337,nan,nan,nan,nan,1.8052555,5.339779,2.6149476,-1.7850591,nan,nan,nan,nan,nan,nan,nan,nan,nan
2492766505,nan,nan,nan,nan,2.1274931,5.827308,2.608981,-1.7813561,nan,nan,nan,nan,nan,nan,nan,nan,nan
2492973863,nan,nan,nan,nan,2.3031137,6.097975,3.0387807,-1.7801528,nan,nan,nan,nan,nan,nan,nan,nan,nan
2493174105,nan,nan,nan,nan,2.5072982,5.782497,3.5536005,-1.7821237,nan,nan,nan,nan,nan,nan,nan,nan,nan
2493372332,nan,nan,nan,nan,2.5629194,5.0689173,3.7241454,-1.7846171,nan,nan,nan,nan,nan,nan,nan,nan,nan
2493578748,nan,nan,nan,nan,2.6092296,4.2030115,3.5188973,-1.7823181,nan,nan,nan,nan,nan,nan,nan,nan,nan
2493780543,nan,nan,nan,nan,2.5954757,4.813148,3.4784563,-1.7820108,nan,nan,nan,nan,nan,nan,nan,nan,nan
2493980605,nan,nan,nan,nan,2.6269727,4.3266964,3.126899,-1.7817323,nan,nan,nan,nan,nan,nan,nan,nan,nan
2494180266,nan,nan,nan,nan,2.6556451,3.8412223,2.7760487,-1.7801274,nan,nan,nan,nan,nan,nan,nan,nan,nan
2494389350,nan,nan,nan,nan,2.6679275,3.3328373,2.4086392,-1.7465806,nan,nan,nan,nan,nan,nan,nan,nan,nan
2494589098,nan,nan,nan,nan,1.4073181,2.8471768,2.0576527,-1.4975362,nan,nan,nan,nan,nan,nan,nan,nan,nan
2494789177,nan,nan,nan,-2.2950277,0.0,2.3606613,1.7060478,-1.501955,nan,nan,nan,nan,nan,nan,nan,nan,nan
2494989832,nan,nan,nan,-2.2950277,-0.0,1.8727715,1.3534502,-1.5019658,nan,nan,nan,nan,nan,nan,nan,nan,nan
2495199369,nan,nan,nan,-2.2950277,0.0,1.3632851,0.9852448,-1.5132453,nan,nan,nan,nan,nan,nan,nan,nan,nan
2495402692,nan,nan,nan,-2.2950277,0.0,0.86890554,0.6279571,-1.5090598,nan,nan,nan,nan,nan,nan,nan,nan,nan
2495604028,nan,nan,nan,-2.2950277,-0.0,0.37953943,0.27429277,-1.5090654,nan,nan,nan,nan,nan,nan,nan,nan,nan
2495803572,nan,nan,nan,-2.2950277,0.0,0.0,0.0,-1.5131403,nan,nan,nan,nan,nan,nan,nan,nan,nan
2496004203,nan,nan,nan,-2.2950277,0.0,0.0,0.0,-1.5165033,nan,nan,nan,nan,nan,nan,nan,nan,nan
2496205682,72.32851,39.888054,nan,-2.2950277,-0.0,0.0,0.0,-1.5090578,nan,nan,nan,nan,nan,nan,nan,nan,nan
2496412279,72.32851,39.888054,nan,-2.2950277,0.0,0.0,0.0,-1.5089314,nan,nan,nan,nan,nan,nan,nan,nan,nan
2496613058,72.32851,39.888054,nan,-2.2950277,0.0,0.0,0.0,-1.5084797,nan,nan,nan,nan,nan,nan,nan,nan,nan
2496821114,72.32851,39.888054,nan,-2.2950277,-0.0,0.0,0.0,-1.5160936,nan,nan,nan,nan,nan,nan,nan,nan,nan
2497022588,72.32851,39.888054,nan,-2.2950277,0.0,0.0,0.0,-1.5091306,nan,nan,nan,nan,nan,nan,nan,nan,nan
2497223673,72.32851,39.888054,nan,-2.2950277,0.0,0.0,0.0,-1.5097301,nan,nan,nan,nan,nan,nan,nan,nan,nan
2497422694,72.32851,39.888054,nan,-2.2950277,0.0,0.0,0.0,-1.5101645,nan,nan,nan,nan,nan,nan,nan,nan,nan
2497624159,72.32851,39.888054,nan,-2.2950277,0.0,0.0,0.0,-1.5135802,nan,nan,nan,nan,nan,nan,nan,nan,nan
2497831493,72.32851,39.888054,nan,-2.2950277,0.0,0.0,0.0,-1.5076325,nan,nan,nan,nan,nan,nan,nan,nan,nan
2498028301,72.32851,39.888054,nan,-2.2950277,0.0,0.0,0.0,-1.5148292,nan,nan,nan,nan,nan,nan,nan,nan,nan
2498237046,72.32851,39.888054,nan,-2.2950277,0.0,0.0,0.0,-1.5162289,nan,nan,nan,nan,nan,nan,nan,nan,nan
2498438427,72.32851,39.888054,nan,-2.2950277,0.0,0.0,0.0,-1.3318986,nan,nan,nan,nan,nan,nan,nan,nan,nan
2498638119,72.32851,39.888054,nan,-2.2950277,-0.0,0.0,0.0,-0.59010476,nan,nan,nan,nan,nan,nan,nan,nan,nan
2498837994,72.32851,39.888054,nan,nan,1.4126391,0.0,0.0,-0.32069093,nan,nan,nan,nan,nan,nan,nan,nan,nan
2499046931,nan,nan,nan,nan,1.6409149,-0.38233486,-0.63624924,-0.30920035,nan,nan,nan,nan,nan,nan,nan,nan,nan
2499246781,nan,nan,nan,nan,1.2133721,-0.52673894,-1.1937829,-0.31624684,nan,nan,nan,nan,nan,nan,nan,nan,nan
2499446675,nan,nan,nan,nan,0.53713053,-0.5194821,-1.7039809,-0.31781444,nan,nan,nan,nan,nan,nan,nan,nan,nan
2499656818,nan,nan,nan,nan,0.25093836,-0.4141239,-2.2179513,-0.31776753,nan,nan,nan,nan,nan,nan,nan,nan,nan
2499856733,nan,nan,nan,nan,0.047690496,-0.2662329,-2.6953769,-0.31634974,nan,nan,nan,nan,nan,nan,nan,nan,nan
2500061404,nan,nan,nan,-1.3503919,-0.0,-0.09845212,-3.1789677,-0.3219343,nan,nan,nan,nan,nan,nan,nan,nan,nan
2500261663,nan,nan,nan,-1.3503919,-0.0,0.06563547,-3.651483,-0.32209763,nan,nan,nan,nan,nan,nan,nan,nan,nan
2500461144,nan,nan,nan,-1.3503919,-0.0,0.22937617,-4.1229997,-0.32088763,nan,nan,nan,nan,nan,nan,nan,nan,nan
2500661114,nan,nan,nan,-1.3503919,-0.0,0.39337528,-4.5952597,-0.32027054,nan,nan,nan,nan,nan,nan,nan,nan,nan
2500870957,nan,nan,nan,-1.3503919,-0.0,0.565473,-5.090841,-0.31760302,nan,nan,nan,nan,nan,nan,nan,nan,nan
2501069936,nan,nan,nan,-1.3503919,-0.0,0.7286635,-5.5607715,-0.32187152,nan,nan,nan,nan,nan,nan,nan,nan,nan
2501271798,nan,nan,nan,-1.3503919,-0.0,0.894214,-6.0374994,-0.31862625,nan,nan,nan,nan,nan,nan,nan,nan,nan
2501478797,nan,nan,nan,-1.3503919,0.0,1.0639769,-6.5263567,-0.31736383,nan,nan,nan,nan,nan,nan,nan,nan,nan
2501679476,nan,nan,nan,-1.3503919,-0.0,1.2285581,-7.0002933,0.16052556,nan,nan,nan,nan,nan,nan,nan,nan,nan
2501885516,nan,nan,nan,nan,0.17347655,1.3991646,-7.486097,0.39724365,nan,nan,nan,nan,nan,nan,nan,nan,nan
2502084347,nan,nan,nan,nan,0.038769368,1.5954938,-7.942649,0.516164,nan,nan,nan,nan,nan,nan,nan,nan,nan
2502284306,nan,nan,nan,-1.3153903,-0.0,1.8313916,-8.383383,0.5185205,nan,nan,nan,nan,nan,nan,nan,nan,nan
2502494588,nan,nan,nan,-1.3153903,-0.0,2.0803988,-8.846372,0.5183385,nan,nan,nan,nan,nan,nan,nan,nan,nan
2502693203,nan,nan,nan,-1.3153903,-0.0,2.3155923,-9.283677,0.51355606,nan,nan,nan,nan,nan,nan,nan,nan,nan
2502895149,nan,nan,nan,-1.3153903,0.0,2.5263824,-9.675609,0.51367384,nan,nan,nan,nan,nan,nan,nan,nan,nan
2503102687,nan,nan,nan,-1.3153903,-0.0,2.5263824,-9.675609,0.5137856,nan,nan,nan,nan,nan,nan,nan,nan,nan
2503304172,nan,nan,nan,nan,0.29236022,2.8233356,-9.5931635,0.51643085,nan,nan,nan,nan,nan,nan,nan,nan,nan
2503503484,nan,nan,nan,nan,0.7864618,3.2810206,-9.445745,0.5138146,nan,nan,nan,nan,nan,nan,nan,nan,nan
2503703664,nan,nan,nan,nan,1.0557128,3.7451959,-9.259111,0.5154544,nan,nan,nan,nan,nan,nan,nan,nan,nan
2503908298,nan,nan,nan,nan,1.7641559,4.1980753,-9.02178,0.83673036,nan,nan,nan,nan,nan,nan,nan,nan,nan
2504109628,nan,nan,nan,nan,2.1557634,4.6076694,-8.730777,0.97161764,nan,nan,nan,nan,nan,nan,nan,nan,nan
2504310456,nan,nan,nan,nan,2.2418096,4.957813,-8.371836,0.99219304,nan,nan,nan,nan,nan,nan,nan,nan,nan
2504510591,nan,nan,nan,nan,2.2336423,5.2260647,-7.95038,1.0032808,nan,nan,nan,nan,nan,nan,nan,nan,nan
2504709908,nan,nan,nan,nan,2.210077,5.3998513,-7.4843388,1.0061582,nan,nan,nan,nan,nan,nan,nan,nan,nan
2504910917,nan,nan,nan,nan,2.1591423,5.471878,-6.9879546,1.0026999,nan,nan,nan,nan,nan,nan,nan,nan,nan
2505118758,nan,nan,nan,nan,2.126377,5.439554,-6.470276,1.0027407,nan,nan,nan,nan,nan,nan,nan,nan,nan
2505320175,nan,nan,nan,nan,2.1342764,5.30593,-5.985738,1.0013372,nan,nan,nan,nan,nan,nan,nan,nan,nan
2505519480,nan,nan,nan,nan,2.1783721,5.0764446,-5.544534,1.0010723,nan,nan,nan,nan,nan,nan,nan,nan,nan
2505719458,nan,nan,nan,nan,2.2321255,4.7502403,-5.1616693,1.0157139,nan,nan,nan,nan,nan,nan,nan,nan,nan
2505924269,nan,nan,nan,nan,2.2738702,4.284078,-4.8228517,1.0194331,nan,nan,nan,nan,nan,nan,nan,nan,nan
2506124298,nan,nan,nan,nan,2.3028061,3.6713774,-4.519731,1.0181257,nan,nan,nan,nan,nan,nan,nan,nan,nan
2506329181,nan,nan,nan,nan,2.2285905,4.1996393,-5.393534,1.0194832,nan,nan,nan,nan,nan,nan,nan,nan,nan
2506529104,nan,nan,nan,nan,1.8865325,3.8311694,-4.9203124,1.0152426,nan,nan,nan,nan,nan,nan,nan,nan,nan
2506729933,nan,nan,nan,nan,1.4546493,3.4610088,-4.4449205,1.0168673,nan,nan,nan,nan,nan,nan,nan,nan,nan
2506938004,nan,nan,nan,nan,1.7459562,3.0775173,-3.952408,1.0175873,nan,nan,nan,nan,nan,nan,nan,nan,nan
2507138631,nan,nan,nan,nan,1.7266443,2.7077403,-3.4775095,1.0170138,nan,nan,nan,nan,nan,nan,nan,nan,nan
2507340259,nan,nan,nan,nan,0.5837807,2.3361177,-3.000241,1.0171998,nan,nan,nan,nan,nan,nan,nan,nan,nan
2507539454,nan,nan,nan,-0.7538966,-0.0,1.9689782,-2.5287292,0.6436619,nan,nan,nan,nan,nan,nan,nan,nan,nan
2507747690,nan,nan,nan,-0.7538966,-0.0,1.58519,-2.0358357,0.2980417,nan,nan,nan,nan,nan,nan,nan,nan,nan
2507948327,nan,nan,nan,-0.7538966,0.0,1.2153851,-1.5609009,0.3059588,nan,nan,nan,nan,nan,nan,nan,nan,nan
2508149438,nan,nan,nan,-0.7538966,-0.0,0.84473646,-1.0848821,0.30552104,nan,nan,nan,nan,nan,nan,nan,nan,nan
2508357155,nan,nan,nan,-0.7538966,0.0,0.46188068,-0.5931862,0.31035602,nan,nan,nan,nan,nan,nan,nan,nan,nan
2508557039,nan,nan,nan,-0.7538966,0.0,0.09346923,-0.12004107,0.307715,nan,nan,nan,nan,nan,nan,nan,nan,nan
2508757924,nan,nan,nan,-0.7538966,-0.0,0.0,0.0,0.3102522,nan,nan,nan,nan,nan,nan,nan,nan,nan
2508965835,nan,nan,nan,-0.7538966,0.0,0.0,0.0,0.31023246,nan,nan,nan,nan,nan,nan,nan,nan,nan
2509166641,96.33709,-12.395428,nan,-0.7538966,0.0,0.0,0.0,0.31064743,nan,nan,nan,nan,nan,nan,nan,nan,nan
2509366632,96.33709,-12.395428,nan,-0.7538966,-0.0,0.0,0.0,0.3092544,nan,nan,nan,nan,nan,nan,nan,nan,nan
2509568882,96.33709,-12.395428,nan,-0.7538966,-0.0,0.0,0.0,0.3102613,nan,nan,nan,nan,nan,nan,nan,nan,nan
2509772508,96.33709,-12.395428,nan,-0.7538966,0.0,0.0,0.0,0.31034425,nan,nan,nan,nan,nan,nan,nan,nan,nan
2509972380,96.33709,-12.395428,nan,-0.7538966,0.0,0.0,0.0,0.30806985,nan,nan,nan,nan,nan,nan,nan,nan,nan
2510173685,96.33709,-12.395428,nan,-0.7538966,-0.0,0.0,0.0,0.31008157,nan,nan,nan,nan,nan,nan,nan,nan,nan
2510373292,96.33709,-12.395428,nan,-0.7538966,0.0,0.0,0.0,0.3092454,nan,nan,nan,nan,nan,nan,nan,nan,nan
2510583087,96.33709,-12.395428,nan,-0.7538966,0.0,0.0,0.0,0.31022966,nan,nan,nan,nan,nan,nan,nan,nan,nan
2510781875,96.33709,-12.395428,nan,-0.7538966,0.0,0.0,0.0,0.31136957,nan,nan,nan,nan,nan,nan,nan,nan,nan
2510982773,96.33709,-12.395428,nan,-0.7538966,0.0,0.0,0.0,0.31160283,nan,nan,nan,nan,nan,nan,nan,nan,nan
2511190607,96.33709,-12.395428,nan,-0.7538966,0.0,0.0,0.0,0.31025854,nan,nan,nan,nan,nan,nan,nan,nan,nan
2511391674,96.33709,-12.395428,nan,-0.7538966,0.0,0.0,0.0,0.3101061,nan,nan,nan,nan,nan,nan,nan,nan,nan
2511591459,96.33709,-12.395428,nan,-0.7538966,0.0,0.0,0.0,0.31025907,nan,nan,nan,nan,nan,nan,nan,nan,nan
2511796268,96.33709,-12.395428,nan,-0.7538966,0.0,0.0,0.0,0.30872393,nan,nan,nan,nan,nan,nan,nan,nan,nan
2511996219,96.33709,-12.395428,nan,-0.7538966,0.0,0.0,0.0,0.3102592,nan,nan,nan,nan,nan,nan,nan,nan,nan
2512197072,96.33709,-12.395428,nan,-0.7538966,0.0,0.0,0.0,0.3062686,nan,nan,nan,nan,nan,nan,nan,nan,nan
2512405160,96.33709,-12.395428,nan,-0.7538966,0.0,0.0,0.0,0.31026146,nan,nan,nan,nan,nan,nan,nan,nan,nan
2512605974,96.33709,-12.395428,nan,-0.7538966,0.0,0.0,0.0,0.31123698,nan,nan,nan,nan,nan,nan,nan,nan,nan
2512805975,96.33709,-12.395428,nan,-0.7538966,0.0,0.0,0.0,0.31209278,nan,nan,nan,nan,nan,nan,nan,nan,nan
2513007806,96.33709,-12.395428,nan,-0.7538966,0.0,0.0,0.0,0.31493977,nan,nan,nan,nan,nan,nan,nan,nan,nan
2513206631,96.33709,-12.395428,nan,-0.7538966,0.0,0.0,0.0,0.31519142,nan,nan,nan,nan,nan,nan,nan,nan,nan
2513413398,96.33709,-12.395428,nan,-0.7538966,0.0,0.0,0.0,0.31002146,nan,nan,nan,nan,nan,nan,nan,nan,nan
2513612420,96.33709,-12.395428,nan,-0.7538966,0.0,0.0,0.0,0.3152578,nan,nan,nan,nan,nan,nan,nan,nan,nan
2513820953,96.33709,-12.395428,nan,-0.7538966,0.0,0.0,0.0,0.31498322,nan,nan,nan,nan,nan,nan,nan,nan,nan
2514021755,96.33709,-12.395428,nan,-0.7538966,0.0,0.0,0.0,0.314129,nan,nan,nan,nan,nan,nan,nan,nan,nan
2514222534,96.33709,-12.395428,nan,-0.7538966,0.0,0.0,0.0,0.31511766,nan,nan,nan,nan,nan,nan,nan,nan,nan
2514422202,96.33709,-12.395428,nan,-0.7538966,0.0,0.0,0.0,0.31294248,nan,nan,nan,nan,nan,nan,nan,nan,nan
2514623000,96.33709,-12.395428,nan,-0.7538966,0.0,0.0,0.0,0.3112648,nan,nan,nan,nan,nan,nan,nan,nan,nan
2514830183,96.33709,-12.395428,nan,-0.7538966,0.0,0.0,0.0,0.31536135,nan,nan,nan,nan,nan,nan,nan,nan,nan
2515030671,96.33709,-12.395428,nan,-0.7538966,0.0,0.0,0.0,0.31331998,nan,nan,nan,nan,nan,nan,nan,nan,nan
2515230742,96.33709,-12.395428,nan,-0.7538966,0.0,0.0,0.0,0.31275624,nan,nan,nan,nan,nan,nan,nan,nan,nan
2515439653,96.33709,-12.395428,nan,-0.7538966,0.0,0.0,0.0,0.3108464,nan,nan,nan,nan,nan,nan,nan,nan,nan
2515636373,96.33709,-12.395428,nan,-0.7538966,0.0,0.0,0.0,0.314995,nan,nan,nan,nan,nan,nan,nan,nan,nan
2515844249,96.33709,-12.395428,nan,-0.7538966,0.0,0.0,0.0,0.3113946,nan,nan,nan,nan,nan,nan,nan,nan,nan
2516044844,96.33709,-12.395428,nan,-0.7538966,0.0,0.0,0.0,0.311781,nan,nan,nan,nan,nan,nan,nan,nan,nan
2516253033,96.33709,-12.395428,nan,-0.7538966,0.0,0.0,0.0,0.311264,nan,nan,nan,nan,nan,nan,nan,nan,nan
2516453900,96.33709,-12.395428,nan,-0.7538966,0.0,0.0,0.0,0.31257412,nan,nan,nan,nan,nan,nan,nan,nan,nan
2516654217,96.33709,-12.395428,nan,-0.7538966,0.0,0.0,0.0,0.31288326,nan,nan,nan,nan,nan,nan,nan,nan,nan
2516854741,96.33709,-12.395428,nan,-0.7538966,0.0,0.0,0.0,0.31510147,nan,nan,nan,nan,nan,nan,nan,nan,nan
2517054710,96.33709,-12.395428,nan,-0.7538966,0.0,0.0,0.0,0.3112411,nan,nan,nan,nan,nan,nan,nan,nan,nan
2517263638,96.33709,-12.395428,nan,-0.7538966,0.0,0.0,0.0,0.31014502,nan,nan,nan,nan,nan,nan,nan,nan,nan
2517463646,96.33709,-12.395428,nan,-0.7538966,0.0,0.0,0.0,0.30986688,nan,nan,nan,nan,nan,nan,nan,nan,nan
2517668872,96.33709,-12.395428,nan,-0.7538966,0.0,0.0,0.0,0.31029972,nan,nan,nan,nan,nan,nan,nan,nan,nan
2517868813,96.33709,-12.395428,nan,-0.7538966,0.0,0.0,0.0,0.31523168,nan,nan,nan,nan,nan,nan,nan,nan,nan
2518069344,96.33709,-12.395428,nan,-0.7538966,0.0,0.0,0.0,0.31499472,nan,nan,nan,nan,nan,nan,nan,nan,nan
2518269320,96.33709,-12.395428,nan,-0.7538966,0.0,0.0,0.0,0.31499472,nan,nan,nan,nan,nan,nan,nan,nan,nan
2518477819,96.33709,-12.395428,nan,-0.7538966,0.0,0.0,0.0,0.31499472,nan,nan,nan,nan,nan,nan,nan,nan,nan
2518678034,96.11451,-12.632375,-17.145836,-0.749031,nan,0.22709092,0.12374925,0.41594806,-0.86785144,-0.39661247,-0.39661247,-5.0,-5.0,-5.0,nan,nan,nan
2518878955,96.13827,-12.617728,-17.078102,-0.749031,nan,0.02049835,0.024141401,0.24162185,-0.7520385,-0.51421136,-1.3786093,5.0,0.0,-5.0,nan,nan,nan
2519080042,96.13398,-12.621003,-17.064026,-0.749031,nan,-0.030616343,-0.03546372,-0.13424213,0.1633003,0.10360081,-2.3789082,0.0,5.0,-5.0,nan,nan,nan
2519283732,96.12979,-12.625585,-17.147831,-0.749031,nan,-0.018132107,-0.018323652,-0.7228455,0.042520314,0.097535804,-3.3978288,0.0,-5.0,-5.0,nan,nan,nan
2519484610,96.1262,-12.629064,-17.357868,-0.749031,nan,-0.017429752,-0.0160211,-1.3353598,-0.029374694,0.035950817,-2.5523787,0.0,-5.0,5.0,nan,nan,nan
2519685425,96.122856,-12.632166,-17.67073,-0.749031,nan,-0.016372336,-0.014518632,-1.7470837,-0.096709676,0.019325819,-1.5483539,-3.9091823,3.9091823,5.0,nan,nan,nan
2519884471,96.11972,-12.6348715,-18.04261,-0.749031,nan,-0.014846045,-0.012279376,-1.9562373,-0.066604696,-0.023704184,-0.55304927,-4.3403254,-5.0,5.0,nan,nan,nan
2520085117,96.11674,-12.637278,-18.439508,-0.749031,nan,-0.014492022,-0.011018972,-1.9665606,0.05720531,-0.055694193,0.45014074,5.0,-5.0,5.0,nan,nan,nan
2520285256,96.11393,-12.639441,-18.817408,-0.749031,nan,-0.014603062,-0.0099622635,-1.7763194,0.024065314,0.032645807,1.4508755,5.0,0.0,5.0,nan,nan,nan
2520494157,96.11119,-12.641408,-19.15617,-0.749031,nan,-0.01262706,-0.007908711,-1.4858011,-0.009909682,-0.04440919,1.1118704,-5.0,-5.0,5.0,nan,nan,nan
2520695501,96.10872,-12.643078,-19.4372,-0.749031,nan,-0.011826612,-0.008052786,-1.3227568,-0.03941469,-0.07192417,0.5451654,-4.189359,-4.189359,-5.0,nan,nan,nan
2520894716,96.10642,-12.644605,-19.690756,-0.749031,nan,-0.011479986,-0.007031675,-1.2291297,-0.04294471,0.07780083,0.40353543,0.0,5.0,5.0,nan,nan,nan
2521094791,96.10414,-12.645865,-19.929068,-0.749031,nan,-0.016109621,-0.0043667057,-1.1541243,-0.2382947,0.03761584,0.34460044,-4.699174,0.0,-5.0,nan,nan,nan
2521303544,96.09998,-12.646509,-20.162333,-0.749031,nan,-0.01936537,-0.0036612097,-1.082255,-6.470503e-05,-0.008954164,0.3338455,5.0,5.0,5.0,nan,nan,nan
2521503570,96.09642,-12.647112,-20.372305,-0.749031,nan,-0.01637497,-0.0033401889,-1.0179566,0.083760284,0.030825831,0.35492048,4.7997746,5.0,4.7997746,nan,nan,nan
2521708796,96.09323,-12.647671,-20.574598,-0.749031,nan,-0.0145788435,-0.0026700876,-0.9551602,-0.019934716,-0.04962417,0.27584046,-5.0,-4.5996647,-5.0,nan,nan,nan
2521908530,96.09044,-12.648216,-20.759785,-0.749031,nan,-0.013695733,-0.0026042797,-0.89894104,0.019340295,0.027495824,0.2933005,5.0,0.0,4.741758,nan,nan,nan
2522109352,96.087975,-12.648695,-20.934883,-0.749031,nan,-0.011686487,-0.0023563118,-0.84543246,0.013550293,0.06408582,0.23792046,0.0,4.93798,-5.0,nan,nan,nan
2522317557,96.085724,-12.649151,-21.105345,-0.749031,nan,-0.010209473,-0.0019981414,-0.79328996,-0.024749711,0.02229082,0.22185546,-4.958637,0.0,-5.0,nan,nan,nan
2522518037,96.0838,-12.649574,-21.259651,-0.749031,nan,-0.008663209,-0.002362916,-0.74617964,0.016435277,0.015695829,0.25533545,-5.0,4.971659,4.971659,nan,nan,nan
2522717993,96.08213,-12.649966,-21.404362,-0.749031,nan,-0.0071128784,-0.0022353884,-0.7021904,-0.02552973,0.05746082,0.20263542,-5.0,5.0,5.0,nan,nan,nan
2522919134,96.080635,-12.650327,-21.541283,-0.749031,nan,-0.0060295374,-0.0018349192,-0.6606234,0.017295267,-0.026469193,0.24574545,-5.0,-4.747329,4.747329,nan,nan,nan
2523119633,96.079285,-12.650673,-21.669836,-0.749031,nan,-0.006416241,-0.0012109984,-0.6217447,0.014320261,-0.06782919,0.20192046,4.669355,-5.0,4.669355,nan,nan,nan
2523319914,96.07801,-12.650706,-21.790535,3.0201602,nan,-0.012034002,0.011489068,-0.5849204,-0.27003974,0.2896158,0.1477405,-5.0,0.0,-5.0,nan,nan,nan
2523528362,96.062096,-12.64201,-21.908703,3.0201602,nan,-0.17712294,0.07189715,-0.5486707,-1.3129398,0.2896158,0.13708048,-5.0,0.0,-5.0,nan,nan,nan
2523728343,95.99378,-12.621846,-22.015131,3.0201602,nan,-0.53958184,0.12980416,-0.5161802,-2.312661,0.2896158,0.16472946,-5.0,0.0,-5.0,nan,nan,nan
2523926477,95.8421,-12.5916395,-22.1113,3.0201602,nan,-1.0674368,0.18532678,-0.48696324,-3.0,0.2896158,0.13365693,0.0,0.0,-5.0,nan,nan,nan
2524134569,95.59159,-12.552153,-22.199417,3.0201602,nan,-1.6255322,0.23920454,-0.46040443,-3.0,0.2896158,0.13555127,0.0,0.0,-5.0,nan,nan,nan
2524334029,95.28687,-12.509329,-22.272596,3.0201602,nan,-2.11441,0.2864001,-0.4380527,-3.0,0.2896158,0.12791488,0.0,0.0,-5.0,nan,nan,nan
2524534215,94.929794,-12.462318,-22.337833,3.0201602,nan,-2.5716057,0.3305371,-0.41843113,-3.0,0.2896158,0.13295773,0.0,0.0,4.211522,nan,nan,nan
2524742778,94.50198,-12.408448,-22.400272,3.0201602,nan,-3.0298598,0.37477642,-0.39944544,-3.0,0.2896158,0.13962758,0.0,0.0,5.0,nan,nan,nan
2524942754,94.030365,-12.35097,-22.456993,3.0201602,nan,-3.4654996,0.41683254,-0.38204214,-3.0,0.2896158,0.12727374,0.0,0.0,4.209471,nan,nan,nan
2525144609,93.48063,-12.285638,-22.512684,3.0201602,nan,-3.9125679,0.45999187,-0.36539233,-3.0,0.2896158,0.10721307,0.0,0.0,-5.0,nan,nan,nan
2525351697,92.82707,-12.209486,-22.568949,3.0201602,nan,-4.360366,0.5056716,-0.34849423,-2.498526,0.2896158,0.13250898,5.0,0.0,4.3089786,nan,nan,nan
2525549762,92.116745,-12.12674,-22.62223,3.0201602,nan,-4.690347,0.55102897,-0.3320548,-1.7154638,0.2896158,0.096134625,5.0,0.0,-5.0,nan,nan,nan
2525756407,91.29909,-12.0289545,-22.677263,3.0201602,nan,-4.909661,0.5975918,-0.31578207,-0.86584073,0.12683047,0.0877944,5.0,-5.0,4.261028,nan,nan,nan
2525958444,90.43768,-11.925601,-22.730654,3.0201602,nan,-4.9846277,0.5897674,-0.2992673,0.0025614016,-0.0011549467,0.07965322,5.0,4.3637567,-5.0,nan,nan,nan
2526157131,89.54678,-11.81968,-22.782896,3.0201602,nan,-4.9648943,0.59149766,-0.28362757,0.004725091,-0.06339835,0.09482723,0.0,-5.0,-5.0,nan,nan,nan
2526357946,88.60834,-11.707746,-22.835032,3.0201602,nan,-4.9648237,0.5923088,-0.26806825,-0.009292505,-0.09273211,0.06837656,0.0,-4.1491766,4.1491766,nan,nan,nan
2526566024,87.60426,-11.587861,-22.887611,3.0201602,nan,-4.9658628,0.5934819,-0.2522239,-0.0010418203,-0.03135498,0.08708561,5.0,0.0,5.0,nan,nan,nan
2526766805,86.60968,-11.468913,-22.936625,3.0201602,nan,-4.964462,0.59440655,-0.23723142,0.027725512,-0.03691242,0.066753365,-5.0,-5.0,-5.0,nan,nan,nan
2526968168,85.610374,-11.349244,-22.982983,3.0201602,nan,-4.965013,0.59491074,-0.22340757,-0.023804486,0.0107775815,0.05329337,5.0,4.1893916,-5.0,nan,nan,nan
2527167547,84.620094,-11.23049,-23.026228,3.0201602,nan,-4.9639087,0.59630835,-0.21048787,0.010485507,0.043642588,0.04200837,-5.0,-5.0,-5.0,nan,nan,nan
2527367797,83.626205,-11.111165,-23.067097,3.0201602,nan,-4.964374,0.59619045,-0.19812581,0.08514549,0.047952577,0.03876338,5.0,0.0,-5.0,nan,nan,nan
2527572390,82.61026,-10.989029,-23.106379,3.0201602,nan,-4.9645743,0.5968404,-0.18625613,0.021295514,0.05283758,0.055503372,5.0,5.0,5.0,nan,nan,nan
2527772411,81.61734,-10.869538,-23.142498,3.0201602,nan,-4.963681,0.5977546,-0.17488232,0.002915529,0.042692576,0.061903365,-5.0,0.0,-5.0,nan,nan,nan
2527981131,80.58126,-10.744764,-23.177935,3.0201602,nan,-4.9643817,0.59758604,-0.16454768,-0.037979476,0.03855256,0.008293375,0.0,5.0,-5.0,nan,nan,nan
2528181174,79.588196,-10.625051,-23.209877,3.0201602,nan,-4.963417,0.5986789,-0.1549491,0.05364052,-0.007237448,0.042918395,-5.0,0.0,-5.0,nan,nan,nan
2528382317,78.590004,-10.5046015,-23.240091,3.0201602,nan,-4.964139,0.59995854,-0.14587602,0.014460526,-0.03375745,0.01966339,5.0,-5.0,-5.0,nan,nan,nan
2528581983,77.59856,-10.384851,-23.268343,3.0201602,nan,-4.964334,0.5996521,-0.13735338,-0.063249476,-0.07912245,0.031423382,0.0,-4.4238977,4.4238977,nan,nan,nan
2528783915,76.59654,-10.263797,-23.295221,3.0201602,nan,-4.9630246,0.5997988,-0.12898815,0.014090531,0.009762558,0.06527337,-5.0,0.0,4.60045,nan,nan,nan
2528982894,75.6084,-10.144304,-23.320194,3.0201602,nan,-4.9632807,0.6000483,-0.12178494,0.021775525,0.017912555,0.058013365,-5.0,5.0,5.0,nan,nan,nan
2529192889,74.56671,-10.0182705,-23.344923,3.0201602,nan,-4.9636497,0.6011536,-0.11425172,0.037425514,0.07242756,0.04634836,-5.0,4.4409084,4.4409084,nan,nan,nan
2529388358,73.59574,-9.900673,-23.366608,3.0201602,nan,-4.9634,0.6010368,-0.10768687,-0.025279488,0.05753257,0.038713355,0.0,5.0,5.0,nan,nan,nan
2529596555,72.56233,-9.77549,-23.388313,3.0201602,nan,-4.9633155,0.600855,-0.101136155,-0.008634485,-0.02230243,0.0071983524,-5.0,5.0,-5.0,nan,nan,nan
2529797283,71.56597,-9.654749,-23.408005,3.0201602,nan,-4.963322,0.60161567,-0.095205456,-0.0078444835,-0.017197425,-0.04250667,-5.0,0.0,-5.0,nan,nan,nan
2529997319,70.57308,-9.534342,-23.426485,3.0201602,nan,-4.9637027,0.60199773,-0.08990741,0.06544051,-0.014962423,0.01881335,4.799902,0.0,5.0,nan,nan,nan
2530205520,69.5403,-9.409072,-23.444582,3.0201602,nan,-4.9632106,0.60293543,-0.08399945,-3.448967e-05,0.039602578,0.059983354,-5.0,-5.0,4.3593006,nan,nan,nan
2530410181,68.52389,-9.285698,-23.461313,3.0201602,nan,-4.9634495,0.60308653,-0.07880555,0.01515551,0.04791758,-0.013526641,0.0,-5.0,-5.0,nan,nan,nan
2530610753,67.52829,-9.164811,-23.476746,3.0201602,nan,-4.963339,0.60317326,-0.0747206,0.08196051,-0.025907423,0.05278336,4.874087,-5.0,4.874087,nan,nan,nan
2530810743,66.53569,-9.044247,-23.491213,3.0201602,nan,-4.9630804,0.6027137,-0.0695065,0.039690517,0.05359758,0.058263373,0.0,5.0,-5.0,nan,nan,nan
2531019538,65.499306,-8.918329,-23.505383,3.0201602,nan,-4.964349,0.6023186,-0.06551078,0.03653551,-0.020827426,-0.022746624,5.0,5.0,-5.0,nan,nan,nan
2531219634,64.50617,-8.797646,-23.518192,3.0201602,nan,-4.963103,0.60384166,-0.062701024,-0.050574493,-0.019042414,0.054888383,-4.722704,-5.0,5.0,nan,nan,nan
2531420463,63.50939,-8.676457,-23.530298,3.0201602,nan,-4.963781,0.6031993,-0.05834047,-0.022774488,-0.055932414,0.09812839,5.0,-4.8104234,4.8104234,nan,nan,nan
2531629268,62.472996,-8.55045,-23.542076,3.0201602,nan,-4.9633083,0.6031304,-0.054011226,-0.061104484,0.028417578,0.011323388,-4.6284866,5.0,-5.0,nan,nan,nan
2531829316,61.480076,-8.429669,-23.552708,3.0201602,nan,-4.9624767,0.603683,-0.05179111,0.016940529,-0.009632423,-0.03449662,-5.0,0.0,0.0,nan,nan,nan
2532030102,60.48352,-8.308439,-23.562796,3.0201602,nan,-4.9636564,0.6040678,-0.048419993,0.021330532,0.02565758,-0.0016866261,5.0,0.0,-5.0,nan,nan,nan
2532230054,59.491318,-8.187714,-23.572248,3.0201602,nan,-4.963673,0.60457504,-0.045746766,0.049035534,-0.017002434,-0.03290163,4.8429675,-5.0,-4.8429675,nan,nan,nan
2532438417,58.45754,-8.061888,-23.581478,3.0201602,nan,-4.9640203,0.60436505,-0.042610046,0.05364055,-0.023737444,0.0031983568,5.0,0.0,-5.0,nan,nan,nan
2532638881,57.46187,-7.9406805,-23.589853,3.0201602,nan,-4.9625363,0.6041723,-0.03995846,0.0127555495,-0.025192456,-0.037206642,-5.0,-4.360944,-5.0,nan,nan,nan
2532847017,56.428833,-7.814923,-23.598022,3.0201602,nan,-4.9630685,0.60492814,-0.03807943,-0.03130947,-0.020697465,0.045033343,-5.0,-5.0,5.0,nan,nan,nan
2533048019,55.43196,-7.6935334,-23.605429,3.0201602,nan,-4.962835,0.6045657,-0.0345653,-0.06926948,-0.013917468,-0.0011966433,-4.525072,-4.525072,-5.0,nan,nan,nan
2533248169,54.43883,-7.5725784,-23.612362,3.0201602,nan,-4.963396,0.60473335,-0.034229428,-0.103639476,-0.012637466,-0.032276638,-4.5599384,-4.5599384,5.0,nan,nan,nan
2533452374,53.4242,-7.4490023,-23.619034,3.0201602,nan,-4.962947,0.6040332,-0.032519255,-0.049264457,0.016322527,-0.04384664,-5.0,5.0,5.0,nan,nan,nan
2533652612,52.430374,-7.327938,-23.625183,3.0201602,nan,-4.96245,0.6045947,-0.029253917,0.067575544,0.014727525,0.034288358,-5.0,4.7686143,-5.0,nan,nan,nan
2533861182,51.395226,-7.2018304,-23.63121,3.0201602,nan,-4.9627523,0.60397226,-0.028562954,-0.008954468,0.01823252,0.077498354,-5.0,5.0,4.9999995,nan,nan,nan
2534061373,50.401604,-7.08073,-23.63661,3.0201602,nan,-4.963364,0.60573184,-0.026844626,-0.011284469,-0.022587474,-0.037286658,0.0,-5.0,5.0,nan,nan,nan
2534258163,49.424915,-6.961706,-23.64168,3.0201602,nan,-4.962737,0.6053927,-0.024945242,0.02737553,0.007832534,-0.05505668,-5.0,-5.0,-4.3008394,nan,nan,nan
2534466147,48.392628,-6.835935,-23.646702,3.0201602,nan,-4.9635997,0.6041191,-0.023425238,0.024265528,0.014572529,0.06732833,0.0,5.0,4.932741,nan,nan,nan
2534666702,47.39716,-6.714583,-23.651237,3.0201602,nan,-4.96316,0.6058601,-0.021413075,-0.011744471,-0.0019624745,0.028053321,-4.950179,-5.0,-5.0,nan,nan,nan
2534866939,46.40334,-6.5934362,-23.655466,3.0201602,nan,-4.962665,0.6054089,-0.020409776,0.060675524,0.03559753,-0.019946681,-5.0,0.0,-5.0,nan,nan,nan
2535067693,45.406948,-6.4719887,-23.659485,3.0201602,nan,-4.9638157,0.6049917,-0.019522918,-0.056029476,-0.045722477,-0.013586676,5.0,-5.0,5.0,nan,nan,nan
2535268526,44.41014,-6.350487,-23.663244,3.0201602,nan,-4.963609,0.60399425,-0.018063502,-0.051164474,-0.010952481,0.07650833,0.0,5.0,4.813942,nan,nan,nan
2535476520,43.37781,-6.224587,-23.666931,3.0201602,nan,-4.9632874,0.60565513,-0.017245157,-0.010659482,-0.0908875,-0.0010816623,0.0,-4.904306,5.0,nan,nan,nan
2535677154,42.38206,-6.1031547,-23.670277,3.0201602,nan,-4.962826,0.60527766,-0.015798628,-0.05188449,-0.0114424955,-0.043121677,-5.0,0.0,-5.0,nan,nan,nan
2535877357,41.388355,-5.9819784,-23.673454,3.0201602,nan,-4.963087,0.6053444,-0.015437739,0.0687755,-0.053812496,0.08054831,4.9505076,-4.9505076,4.9505076,nan,nan,nan
2536086325,40.351524,-5.8555746,-23.676567,3.0201602,nan,-4.9631586,0.6055621,-0.015347315,-0.0070544947,-0.014517502,0.0316383,0.0,-5.0,5.0,nan,nan,nan
2536285995,39.36022,-5.7346883,-23.679333,3.0201602,nan,-4.962959,0.60549396,-0.013451511,0.07333051,-0.016907485,-0.046856705,4.9042826,-4.9042826,-4.9042826,nan,nan,nan
2536486703,38.364002,-5.613198,-23.681961,3.0201602,nan,-4.9635224,0.6051775,-0.011484524,-0.007749493,0.017552523,-0.011206685,5.0,5.0,-5.0,nan,nan,nan
2536694758,37.33137,-5.4872465,-23.684523,3.0201602,nan,-4.962526,0.604729,-0.0115289,-0.004269492,-0.021742463,-0.014301676,-5.0,5.0,-5.0,nan,nan,nan
2536895516,36.334957,-5.365739,-23.686829,3.0201602,nan,-4.963182,0.60570806,-0.011573142,0.040965512,0.0041375402,-0.05047168,0.0,-5.0,5.0,nan,nan,nan
2537095580,35.341995,-5.244606,-23.688997,3.0201602,nan,-4.9627023,0.6053112,-0.01052594,-0.030694496,-0.07540747,0.028438319,-5.0,-5.0,5.0,nan,nan,nan
2537293210,34.362988,-5.1252003,-23.691025,3.0201602,nan,-4.963162,0.6061131,-0.010316845,0.026962262,0.051997527,0.008345047,0.0,-5.0,5.0,nan,nan,nan
2537500356,33.34135,-5.000594,-23.693035,3.0201602,nan,-4.9630356,0.6056287,-0.009157231,-0.053363405,0.044069074,0.050230723,-5.0,0.0,5.0,nan,nan,nan
2537701504,32.352943,-4.88001,-23.694857,3.0201602,nan,-4.962553,0.6047211,-0.009573258,-0.049303714,0.039430536,0.08630345,-4.742518,5.0,4.742518,nan,nan,nan
2537901162,31.372139,-4.7603807,-23.696505,3.0201602,nan,-4.962722,0.60525864,-0.00849746,-0.0018765489,-0.050124995,-0.10264293,-5.0,0.0,-4.802993,nan,nan,nan
2538101987,30.394274,-4.641108,-23.69812,3.0201602,nan,-4.962775,0.6052062,-0.007902238,-0.038361408,-0.047443487,0.013565164,-5.0,0.0,5.0,nan,nan,nan
2538309989,29.38011,-4.51738,-23.699697,3.0201602,nan,-4.963313,0.6060656,-0.007347148,0.0040163267,-0.01031377,0.08784163,5.0,-5.0,5.0,nan,nan,nan
2538510733,28.399597,-4.3977404,-23.701117,3.0201602,nan,-4.9631934,0.60529596,-0.006255473,-0.067257464,-0.04114858,0.03502299,-5.0,0.0,-5.0,nan,nan,nan
2538710927,27.413803,-4.277479,-23.702456,3.0201602,nan,-4.963395,0.60539466,-0.006970617,-0.024863139,0.07651882,0.069916405,0.0,4.8077397,4.8077397,nan,nan,nan
2538912030,26.417688,-4.1559725,-23.703712,3.0201602,nan,-4.9632707,0.60572255,-0.0065247896,-0.015624265,0.030094944,-0.008394017,5.0,-5.0,5.0,nan,nan,nan
2539111728,25.42735,-4.035152,-23.70489,3.0201602,nan,-4.961969,0.6054874,-0.004738127,-0.012481497,-0.009153361,-0.04898918,-5.0,0.0,-5.0,nan,nan,nan
2539316460,24.414106,-3.9115348,-23.706013,3.0201602,nan,-4.963222,0.6058381,-0.0049755783,0.07214704,-0.039167717,-0.07096811,4.954961,-4.954961,-4.954961,nan,nan,nan
2539524571,23.383337,-3.785777,-23.707123,3.0201602,nan,-4.963872,0.6063234,-0.004572469,0.035309482,-0.042286392,-0.038094472,5.0,-5.0,-5.0,nan,nan,nan
2539725225,22.387486,-3.6642714,-23.7081,3.0201602,nan,-4.963336,0.60531455,-0.0046992297,-0.050295517,-0.042891387,-0.076589465,-5.0,0.0,-5.0,nan,nan,nan
2539925228,21.394833,-3.543165,-23.709013,3.0201602,nan,-4.962649,0.6058115,-0.004478571,-0.04562052,-0.0041213846,-0.035929468,-5.0,-5.0,-5.0,nan,nan,nan
2540126120,20.400232,-3.4218178,-23.709877,3.0201602,nan,-4.962677,0.60579026,-0.004967743,-0.041813202,0.07467386,-0.04208549,-5.0,5.0,5.0,nan,nan,nan
2540333988,19.373966,-3.296591,-23.710724,3.0201602,nan,-4.9631033,0.6054602,-0.0038226321,0.03120918,-0.039810713,-0.077034995,5.0,5.0,-5.0,nan,nan,nan
2540535288,18.377024,-3.174974,-23.711504,3.0201602,nan,-4.963139,0.6053549,-0.0046798857,-0.043840993,-0.032730483,0.0028401222,-4.8782835,0.0,5.0,nan,nan,nan
2540734739,17.386072,-3.0540457,-23.712267,3.0201602,nan,-4.9633527,0.60541797,-0.0036316705,-0.041515984,0.04574453,0.0486651,0.0,5.0,5.0,nan,nan,nan
2540935660,16.389269,-2.9324436,-23.71298,3.0201602,nan,-4.947465,0.602164,-0.003142825,0.401989,-0.071480475,-0.038514882,5.0,0.0,-5.0,nan,nan,nan
2541140894,15.390515,-2.8107822,-23.713682,3.0201602,nan,-4.759951,0.5825584,-0.002815619,1.426899,-0.11251047,-0.018414881,4.9700413,0.0,-5.0,nan,nan,nan
2541340402,14.468649,-2.6969812,-23.714285,3.0201602,nan,-4.4728265,0.5552942,-0.003214324,1.4506589,-0.15130547,0.02427011,4.7929106,0.0,5.0,nan,nan,nan
2541540519,13.601568,-2.5888875,-23.714838,3.0201602,nan,-4.1948667,0.5250154,-0.0027002222,1.3184891,-0.15130547,0.068330094,-5.0,0.0,4.757747,nan,nan,nan
2541749410,12.754314,-2.4826891,-23.715403,3.0201602,nan,-3.9199822,0.4897987,-0.002599005,1.309174,-0.19049047,0.1071451,4.9901333,0.0,4.9901333,nan,nan,nan
2541950193,11.992461,-2.3881853,-23.71589,3.0201602,nan,-3.6714084,0.4515512,-0.0023870422,1.176804,-0.19049047,0.073130086,-5.0,0.0,5.0,nan,nan,nan
2542149946,11.282488,-2.301783,-23.71637,3.0201602,nan,-3.4395595,0.41349828,-0.002260653,1.1241891,-0.19049047,-0.044899914,4.8607774,0.0,-4.8607774,nan,nan,nan
2542350931,10.6134205,-2.2225392,-23.716805,3.0201602,nan,-3.2224908,0.37587398,-0.002387864,1.0643541,-0.10976046,-0.008829923,5.0,5.0,5.0,nan,nan,nan
2542559110,9.964963,-2.1452568,-23.71726,3.0201602,nan,-3.0122995,0.3652325,-0.0011872561,0.96417385,-0.06796046,0.069255084,-5.0,0.0,-5.0,nan,nan,nan
2542760736,9.376743,-2.0734217,-23.71761,3.0201602,nan,-2.8232403,0.3456151,-0.0011948358,0.89070886,-0.10751046,0.03450009,-5.0,0.0,-5.0,nan,nan,nan
2542960597,8.829949,-2.0064704,-23.717978,3.0201602,nan,-2.6483622,0.3241201,-0.00095094263,0.83843875,-0.10751046,0.057600103,-5.0,0.0,-5.0,nan,nan,nan
2543161930,8.313594,-1.943393,-23.718262,3.0201602,nan,-2.4831078,0.30247447,-0.0011583295,0.7665237,-0.10751046,-0.0550549,-5.0,0.0,-5.0,nan,nan,nan
2543368573,7.8169475,-1.8831842,-23.718596,3.0201602,nan,-2.3250175,0.28025827,-0.0012863656,0.7322887,-0.10751046,-0.055154912,-5.0,0.0,-5.0000005,nan,nan,nan
2543570805,7.361365,-1.8286998,-23.718916,3.0201602,nan,-2.1820393,0.25928414,-0.002023906,0.7161137,-0.019855466,0.059930068,4.135487,5.0,4.135487,nan,nan,nan
2543770452,6.9395676,-1.7776582,-23.719254,3.0201602,nan,-2.0485115,0.25061554,-0.0011587323,0.64856863,-0.081880465,0.010820068,4.5422654,0.0,-5.0,nan,nan,nan
2543970433,6.5423875,-1.729176,-23.719538,3.0201602,nan,-1.9246597,0.2342406,-0.00065633294,0.6290937,-0.081880465,-0.009719918,4.1573505,0.0,-5.0,nan,nan,nan
2544177926,6.1555657,-1.6823041,-23.71982,3.0201602,nan,-1.802616,0.2172392,-0.0023740262,0.58951867,-0.081880465,-0.012569926,4.4743543,0.0,5.0,nan,nan,nan
2544380172,5.802208,-1.6418834,-23.718784,0.046640433,nan,-1.6927514,0.1583398,0.033030264,0.5376537,-0.7257505,0.5922101,0.0,-4.2415304,5.0,nan,nan,nan
2544578865,5.474789,-1.6184832,-23.693993,0.046640433,nan,-1.6072009,0.107553475,0.2494067,0.52309865,0.14742959,1.5857103,5.0,0.0,5.0,nan,nan,nan
2544784613,5.154671,-1.594119,-23.601864,0.046640433,nan,-1.5055782,0.120210245,0.6814783,0.50549865,-0.031170405,2.6144202,4.3906493,0.0,5.0,nan,nan,nan
2544983629,4.8642797,-1.5700773,-23.407883,0.046640433,nan,-1.4138584,0.12117686,1.3008261,0.4674487,0.0053795883,3.6095254,5.0,0.0,5.0,nan,nan,nan
2545184324,4.5892577,-1.5457615,-23.069843,0.046640433,nan,-1.3275944,0.12110078,2.0,0.45645374,0.010519587,3.7605598,4.4010515,0.0,-5.0,nan,nan,nan
2545392526,4.3216524,-1.5206447,-22.652403,0.046640433,nan,-1.2443187,0.1200994,2.0,0.4211488,-0.006410419,3.6139748,4.272828,0.0,4.272828,nan,nan,nan
2545598582,4.0734367,-1.4960368,-22.23932,0.046640433,nan,-1.1662111,0.118343554,2.0,0.3673088,-0.03906542,3.403515,4.380803,0.0,-5.0,nan,nan,nan
2545797165,3.848817,-1.4727718,-21.841269,0.046640433,nan,-1.096369,0.116110705,2.0,0.3354038,0.009884582,3.2195349,-5.0,0.0,-5.0,nan,nan,nan
2545997984,3.635414,-1.4497185,-21.438772,0.046640433,nan,-1.0304605,0.113396354,2.0,0.32796383,-0.019085418,3.0044348,3.935432,0.0,-5.0,nan,nan,nan
2546205927,3.4279485,-1.4264214,-21.022053,0.046640433,nan,-0.96567816,0.11071414,2.0,0.25993884,-0.013170422,2.8188095,-5.0,0.0,-5.0,nan,nan,nan
2546406904,3.2397697,-1.4044951,-20.619354,0.046640433,nan,-0.9073099,0.10729544,2.0,0.25206384,-0.02083042,2.5876243,-5.0,-4.067233,-5.0,nan,nan,nan
2546608256,3.0626035,-1.3832392,-20.215977,0.046640433,nan,-0.85274434,0.10403001,2.0,0.2990038,-0.015655415,2.3818693,4.1551743,0.0,4.1551743,nan,nan,nan
2546807631,2.8976922,-1.3628161,-19.816618,0.046640433,nan,-0.8021181,0.10020183,2.0,0.22937378,-0.050975416,2.102929,-5.0,0.0,-5.0,nan,nan,nan
2547008360,2.7416146,-1.3430996,-19.414625,0.046640433,nan,-0.75380343,0.096415244,2.0,0.2678388,-0.029110411,1.7560643,4.358812,-4.358812,-5.0,nan,nan,nan
2547216514,2.5896487,-1.3234367,-18.997889,0.046640433,nan,-0.7068187,0.092696056,2.0,0.1957438,0.004554591,1.3818593,-5.0,0.0,-5.0,nan,nan,nan
2547417185,2.4520745,-1.3052146,-18.596222,0.046640433,nan,-0.66469526,0.08876948,2.0,0.18713377,-0.044095423,0.80683947,-5.0,0.0,-5.0,nan,nan,nan
2547617157,2.32316,-1.2877942,-18.196175,0.046640433,nan,-0.62492055,0.08533937,1.9989426,0.17865375,-0.030810433,-0.1040605,-5.0,-5.0,-5.0,nan,nan,nan
2547823120,2.1984303,-1.2706364,-17.793873,0.046640433,nan,-0.5871917,0.0817018,1.8825806,0.18479376,-0.012395434,-0.7352305,3.1528473,0.0,5.0,nan,nan,nan
2548021967,2.0888212,-1.2552882,-17.444773,0.046640433,nan,-0.5531692,0.077986464,1.7545996,0.16651963,-0.024830516,-0.59514725,-5.0,0.0,5.0,nan,nan,nan
2548223919,1.9971561,-1.2422725,-17.154598,0.046640433,nan,-0.52531594,0.07516869,1.6602868,0.13505863,-0.020814275,-0.5213445,-5.0,-3.7384615,-3.7384615,nan,nan,nan
2548430741,1.9067992,-1.2292664,-16.869217,0.046640433,nan,-0.49781153,0.07222783,1.5706646,0.14956012,-0.01583036,-0.49837095,5.0,0.0,5.0,nan,nan,nan
2548627620,1.8247719,-1.2172799,-16.610453,0.046640433,nan,-0.47257137,0.069460206,1.4903351,0.12351838,-0.04214648,-0.48854256,-5.0,-3.8094053,-3.8094053,nan,nan,nan
2548828710,1.7451439,-1.2055631,-16.35959,0.046640433,nan,-0.44855705,0.06642009,1.4119438,0.13736781,-0.015508785,-0.42194605,5.0,-5.0,5.0,nan,nan,nan
2549037404,1.6666275,-1.1938647,-16.11249,0.046640433,nan,-0.42466238,0.063629866,1.3358963,0.10395406,-0.015508785,-0.38777986,-5.0,0.0,5.0,nan,nan,nan
2549238188,1.5951359,-1.1830953,-15.887532,0.046640433,nan,-0.40253857,0.060948454,1.2665101,0.09922253,-0.015508785,-0.38179305,-5.0,0.0,5.0,nan,nan,nan
2549438429,1.5276443,-1.1728443,-15.6754,0.046640433,nan,-0.38215643,0.058281597,1.2013872,0.099004954,-0.015508785,-0.38228565,-5.0,0.0,-3.421256,nan,nan,nan
2549638221,1.463784,-1.1630784,-15.47468,0.046640433,nan,-0.3626212,0.055622175,1.1403543,0.09940746,-0.015508785,-0.32627288,-5.0,0.0,5.0,nan,nan,nan
2549846046,1.4008806,-1.1533837,-15.277087,0.046640433,nan,-0.34380144,0.053284813,1.0791577,0.11894175,-0.015511711,-0.3492551,3.9797683,0.0,-3.9797683,nan,nan,nan
2550047267,1.3431584,-1.1444143,-15.095988,0.046640433,nan,-0.32622355,0.05056051,1.0230627,0.12808427,-0.040654715,-0.32971102,4.430373,0.0,-4.430373,nan,nan,nan
2550246738,1.2883817,-1.1358489,-14.924155,0.046640433,nan,-0.30953127,0.048653048,0.9709335,0.06280396,0.030171925,-0.30970985,-5.0,5.0,-5.0,nan,nan,nan
2550456040,1.2277344,-1.1262681,-14.734032,0.046640433,nan,-0.2914633,0.04673034,0.9132525,0.106455185,-0.037446637,-0.2892941,4.513951,-4.513951,-4.513951,nan,nan,nan
2550655570,1.1712967,-1.1172986,-14.5572195,0.046640433,nan,-0.27445805,0.04283798,0.85848755,0.096695185,0.009838349,-0.28071412,4.9999995,5.0,-5.0,nan,nan,nan
2550855689,1.118096,-1.1088041,-14.390527,0.046640433,nan,-0.25807455,0.041405886,0.8076975,0.094150186,-0.035916645,-0.2682041,3.905333,0.0,-3.905333,nan,nan,nan
2551056352,1.0678246,-1.1007464,-14.233287,0.046640433,nan,-0.24300396,0.039343946,0.75990266,0.047830198,0.055813354,-0.18720911,-5.0,5.0,5.0,nan,nan,nan
2551264392,1.018852,-1.0928209,-14.080108,0.046640433,nan,-0.22783706,0.036922507,0.7127434,0.091940194,0.018933358,-0.20648916,5.0,0.0,5.0,nan,nan,nan
2551465144,0.9744374,-1.085631,-13.941268,0.046640433,nan,-0.21464077,0.035184857,0.6707627,0.094790205,-0.016061647,-0.16442917,4.833835,0.0,5.0,nan,nan,nan
2551673343,0.9311422,-1.0785526,-13.805901,0.046640433,nan,-0.20183827,0.03370274,0.62995154,0.040240195,0.026538368,-0.23514919,0.0,-5.0,-5.0,nan,nan,nan
2551874147,0.8918515,-1.0720624,-13.683236,0.046640433,nan,-0.18995628,0.031151801,0.5919852,0.101375185,0.033988357,-0.16897419,5.0000005,0.0,5.0,nan,nan,nan
2552073910,0.8551113,-1.065996,-13.568439,0.046640433,nan,-0.17812037,0.02915699,0.5571828,0.06009518,-0.0090916315,-0.1976742,0.0,5.0,-4.755625,nan,nan,nan
2552274771,0.8203177,-1.0602295,-13.459828,0.046640433,nan,-0.16857062,0.028593326,0.5245217,0.011680184,0.06341337,-0.13384423,5.0,-5.0,5.0,nan,nan,nan
2552474822,0.78766066,-1.0547786,-13.357971,0.046640433,nan,-0.15795486,0.02646963,0.49412587,0.0054251915,-0.014741647,-0.16333924,-5.0,-5.0,-5.0,nan,nan,nan
2552683570,0.75567967,-1.0494171,-13.258118,0.046640433,nan,-0.14809164,0.025248762,0.46359605,0.00082521606,-0.06169165,-0.13628925,-5.0,-5.0,-5.0,nan,nan,nan
2552884344,0.7267138,-1.0445832,-13.167883,0.046640433,nan,-0.14140463,0.02344009,0.43594778,0.0482302,0.019663358,-0.088524275,5.0,5.0,5.0,nan,nan,nan
2553084326,0.69957167,-1.040023,-13.083305,0.046640433,nan,-0.13133584,0.021763626,0.410446,0.08828519,0.011488358,-0.117034286,5.0,5.0,-5.0,nan,nan,nan
2553292606,0.67301995,-1.0355246,-13.000503,0.046640433,nan,-0.12306316,0.021340586,0.38543773,0.002475202,-0.027046638,-0.106344275,-5.0,0.0,-4.9240103,nan,nan,nan
2553489350,0.6493932,-1.0315466,-12.926926,0.046640433,nan,-0.117129184,0.01846188,0.36275688,0.036750197,0.006928372,-0.11023928,0.0,5.0,5.0,nan,nan,nan
2553698158,0.6258261,-1.0275542,-12.853485,0.046640433,nan,-0.10910612,0.01802777,0.34075615,0.03909517,0.020628378,-0.10498429,0.0,5.0,-5.0,nan,nan,nan
2553898085,0.6019654,-1.0279677,-12.780792,0.046640433,nan,-0.123440154,-0.0181222,0.4197011,0.11824517,0.09953835,0.8946907,4.767112,5.0,5.0,nan,nan,nan
2554099142,0.57880515,-1.0298808,-12.671638,0.046640433,nan,-0.11013046,-0.0069138147,0.70040727,0.11808017,-0.06703665,1.8993506,5.0,0.0,5.0,nan,nan,nan
2554306893,0.5579518,-1.0308915,-12.491035,0.046640433,nan,-0.10247012,-0.0036593245,1.170108,0.03414902,-0.027420875,2.8817596,5.0,0.0,5.0,nan,nan,nan
2554511733,0.53909194,-1.031288,-12.220042,0.046640433,nan,-0.09597879,-0.0011655707,1.6302011,0.037809197,-0.014287354,1.9244759,5.0,5.0,-5.0,nan,nan,nan
2554711743,0.52201664,-1.0312256,-11.889043,0.046640433,nan,-0.088443816,0.0019076612,1.9015877,0.035809375,0.052826345,0.9948567,-5.0,-5.0,-5.0,nan,nan,nan
2554912572,0.5062181,-1.0307852,-11.526071,0.046640433,nan,-0.08242111,0.0035527954,2.0,0.06200867,0.051228832,0.0712757,-5.0,0.0,-5.0,nan,nan,nan
2555120437,0.49107292,-1.0300094,-11.146501,0.046640433,nan,-0.07707149,0.0047591217,2.0,-0.027406953,0.058581766,0.045914613,-4.8753104,4.8753104,4.8753104,nan,nan,nan
2555321520,0.47746804,-1.028999,-10.78151,0.046640433,nan,-0.07198308,0.0065980186,2.0,0.039525595,-0.0454118,0.016431313,0.0,-5.0,0.0,nan,nan,nan
2555521413,0.46482056,-1.027794,-10.418933,0.046640433,nan,-0.0670822,0.007712125,2.0,0.006116954,-0.008134166,0.015772846,-5.0,-5.0,0.0,nan,nan,nan
2555721996,0.45266044,-1.0263886,-10.0461645,0.046640433,nan,-0.062564865,0.007815272,1.9999393,-0.007175977,0.044808064,-0.026277298,-5.0,4.964065,-4.9640646,nan,nan,nan
2555921986,0.44157612,-1.0248915,-9.683766,0.046640433,nan,-0.05880511,0.009437067,1.9998794,-0.0053553614,0.04121474,-0.034737863,-5.0,-5.0,-5.0,nan,nan,nan
2556130809,0.4307697,-1.0232165,-9.305905,0.046640433,nan,-0.055215508,0.00995515,1.9999522,-0.004029088,-0.03609916,0.023271961,-5.0,-5.0,5.0000005,nan,nan,nan
2556330883,0.42106792,-1.0215197,-8.943457,0.046640433,nan,-0.052280318,0.009629045,2.0,0.035364054,-0.038815644,0.05698315,5.0,-5.0,5.0,nan,nan,nan
2556527705,0.4120711,-1.0198019,-8.5859165,0.046640433,nan,-0.04805906,0.0090458235,1.9999388,-0.008681366,0.0017069597,-0.026536256,-5.0,5.0,-5.0,nan,nan,nan
2556735572,0.40306708,-1.0179384,-8.205259,0.046640433,nan,-0.044831496,0.010113421,1.9997386,0.02460586,-0.03594346,-0.0001443522,-5.0,-5.0,5.0,nan,nan,nan
2556936557,0.39484158,-1.0160906,-7.8316493,0.046640433,nan,-0.042286217,0.009588975,1.9999291,0.019853964,0.028949518,-0.027862124,-5.0,4.8563747,-4.8563747,nan,nan,nan
2557136834,0.38702604,-1.0141996,-7.4533925,0.046640433,nan,-0.040308047,0.01030773,1.9998786,-0.056683768,-0.047060296,0.01280324,-4.76199,-4.76199,5.0,nan,nan,nan
2557337622,0.3795689,-1.0122783,-7.0691805,0.046640433,nan,-0.037386615,0.010181011,1.9997374,0.06452124,-0.04154372,0.0037005236,4.7717414,-4.7717414,5.0,nan,nan,nan
2557537326,0.37260705,-1.0103996,-6.685248,0.046640433,nan,-0.034237422,0.009578152,2.0,0.02300063,0.035806295,0.048242196,-5.0,5.0,5.0,nan,nan,nan
2557738314,0.36607856,-1.008515,-6.301296,0.046640433,nan,-0.032666657,0.009580187,2.0,-0.02250791,-0.04863971,0.0055877455,-5.0,0.0,-5.0,nan,nan,nan
2557946144,0.35976335,-1.0066079,-5.9052067,0.046640433,nan,-0.030559836,0.009970776,1.9999073,0.050811045,-0.0120883025,0.0132235065,0.0,-5.0,5.0,nan,nan,nan
2558151139,0.3539284,-1.0047492,-5.5154524,0.046640433,nan,-0.029102063,0.00915826,1.9798626,0.049639426,-0.054421704,-0.4488367,-5.0,-4.8338203,-5.0,nan,nan,nan
2558350913,0.34862852,-1.0029862,-5.1533732,0.046640433,nan,-0.02716397,0.010203897,1.8045486,0.016187854,-0.021784365,-1.3980675,0.0,-5.0,-5.0,nan,nan,nan
2558551592,0.34365997,-1.00126,-4.8420987,0.046640433,nan,-0.025656749,0.00873091,1.4497012,-0.024697015,-0.053239863,-2.345861,5.0,-4.8377028,-5.0,nan,nan,nan
2558756908,0.33887586,-0.9995533,-4.6096888,0.046640433,nan,-0.024363473,0.009066398,0.96464974,0.05354667,-0.03996083,-2.2066166,2.8108497,-5.0,5.0,nan,nan,nan
2558956335,0.33454388,-0.99796253,-4.462278,0.046640433,nan,-0.022660112,0.0070813005,0.6391299,0.009580628,0.0021786606,-1.2704173,5.0,5.0,5.0,nan,nan,nan
2559156541,0.33046538,-0.99645436,-4.35941,0.046640433,nan,-0.020816322,0.0075725107,0.48890603,0.012367038,0.0013329783,-0.33424723,-5.0,5.0,5.0,nan,nan,nan
2559365169,0.3264803,-0.9949354,-4.264588,0.046640433,nan,-0.019456057,0.0073416205,0.5010018,-0.06114335,0.07741289,0.044127524,-5.0,5.0,-5.0,nan,nan,nan
2559565505,0.32288414,-0.9935194,-4.171075,0.046640433,nan,-0.018579958,0.007631733,0.50023454,0.0067324582,0.04594157,0.006835168,-5.0,-5.0,-5.0,nan,nan,nan
2559766435,0.31951553,-0.99215937,-4.0781937,0.046640433,nan,-0.017793013,0.0069731227,0.5001863,-0.039100777,0.045739792,-0.033734303,0.0,4.59317,-4.59317,nan,nan,nan
2559967144,0.31639683,-0.9908623,-3.9864209,0.046640433,nan,-0.016553637,0.0068343505,0.50009394,-0.037768513,0.009002391,-0.07513037,5.0,5.0,-5.0,nan,nan,nan
2560166949,0.31344756,-0.9896189,-3.8959224,0.046640433,nan,-0.015790902,0.0065927273,0.49967903,0.0035875961,-0.063898966,-0.0013512857,5.0,-5.0,5.0,nan,nan,nan
2560371530,0.3106609,-0.9884339,-3.8042612,0.046640433,nan,-0.014383438,0.0064994628,0.4995601,-0.016363662,-0.040213417,0.053874616,-5.0,-5.0,5.0,nan,nan,nan
2560571888,0.30811024,-0.9873157,-3.7152903,0.046640433,nan,-0.013491924,0.0063225604,0.50051534,0.024683513,-0.035402767,-0.055146705,-5.0,-5.0,-5.0,nan,nan,nan
2560772823,0.30570048,-0.9862479,-3.6260753,0.046640433,nan,-0.013755823,0.0058522285,0.499268,-0.00072170375,0.04061884,0.05238617,5.0,0.0,5.0,nan,nan,nan
2560980441,0.3033312,-0.9851978,-3.5332844,0.046640433,nan,-0.012717269,0.0062636365,0.5001741,-0.006800678,0.005640403,0.04831157,5.0,-5.0,-5.0,nan,nan,nan
2561181255,0.30114326,-0.9842091,-3.4429176,0.046640433,nan,-0.011925819,0.005693601,0.5007885,-0.036780935,0.008121616,0.017445922,0.0,-5.0,-5.0,nan,nan,nan
2561389200,0.29898706,-0.9832081,-3.3484986,0.046640433,nan,-0.01078246,0.004799054,0.5001161,0.031045012,-0.026980076,-0.018515397,0.0,5.0,-5.0,nan,nan,nan
2561589978,0.29700375,-0.9822687,-3.2563233,0.046640433,nan,-0.010327914,0.004980466,0.50012034,0.071197204,-0.027535785,-0.05831398,5.0,0.0,-5.0,nan,nan,nan
2561790298,0.2951261,-0.9813891,-3.1635888,0.046640433,nan,-0.009652514,0.005029043,0.4995327,-0.038574297,0.00851556,-0.018499011,-5.0,0.0,5.0,nan,nan,nan
2561990827,0.29333863,-0.98052216,-3.0701401,0.046640433,nan,-0.008336451,0.004370341,0.49952337,-0.045342542,0.009529673,0.014390996,-5.0,0.0,5.0,nan,nan,nan
2562198727,0.29160336,-0.9796723,-2.972692,0.046640433,nan,-0.008658477,0.0051346463,0.49968222,-0.01087277,-0.026918052,0.047685612,-5.0,-5.0,5.0,nan,nan,nan
2562399575,0.2899876,-0.97888714,-2.8773406,0.046640433,nan,-0.007399686,0.004639552,0.49977043,0.03953883,-0.018455416,0.0023364904,-5.0,-5.0,5.0,nan,nan,nan
2562599668,0.28843093,-0.9781141,-2.7785583,0.046640433,nan,-0.00780681,0.00458687,0.49958435,0.0121093895,0.021224443,0.003463298,4.7588425,-5.0,5.0,nan,nan,nan
2562804337,0.2868823,-0.9773842,-2.6762056,0.046640433,nan,-0.0077487715,0.003908385,0.49977782,0.023204396,-0.00732057,0.052613296,5.0,-5.0,5.0,nan,nan,nan
2563012420,0.28540826,-0.9766553,-2.572184,0.046640433,nan,-0.0061112116,0.003998433,0.49934146,0.022159379,0.07050444,-0.029026683,-5.0,0.0,5.0,nan,nan,nan
2563213313,0.2840836,-0.9759919,-2.4717057,0.046640433,nan,-0.006142869,0.003505891,0.49950835,-0.047475625,0.07164944,-0.0022716904,-4.8149056,4.8149056,5.0,nan,nan,nan
2563413906,0.28285146,-0.9753801,-2.371415,0.046640433,nan,-0.0075361705,0.0031759543,0.49952573,0.031674374,-0.00793554,0.04360831,5.0,0.0,5.0,nan,nan,nan
2563621984,0.2816515,-0.97478163,-2.267601,0.046640433,nan,-0.005214155,0.0028086659,0.49941137,0.031419374,0.0357515,0.04684534,-5.0,0.0,5.0,nan,nan,nan
2563822156,0.28058594,-0.97420835,-2.1687346,0.046640433,nan,-0.0054030954,0.0037276288,0.49972877,0.03622664,0.002663354,0.092153,5.0,-5.0,5.0,nan,nan,nan
2564023713,0.2796,-0.9736662,-2.0713804,0.046640433,nan,-0.0054012216,0.002628974,0.49997517,0.06548417,-0.020990245,0.033379484,4.5734463,-4.5734463,4.5734463,nan,nan,nan
2564230802,0.27863008,-0.97317535,-1.9730206,0.046640433,nan,-0.0051496355,0.0023052248,0.49995252,-0.0053005633,-0.053535156,-0.048931397,5.0,0.0,5.0,nan,nan,nan
2564431947,0.27778605,-0.9727357,-1.8798664,0.046640433,nan,-0.0043894923,0.003402947,0.49975452,0.020077702,0.024636373,-0.019265927,0.0,-5.0,5.0,nan,nan,nan
2564636388,0.27697495,-0.97229993,-1.7856724,0.046640433,nan,-0.0041952995,0.003059982,0.5001785,0.003600387,0.042462442,-0.0053110183,0.0,-5.0,-5.0,nan,nan,nan
2564836411,0.27622032,-0.9719031,-1.6938207,0.046640433,nan,-0.00370344,0.0022309544,0.499775,0.0763609,-0.02933925,-0.03396822,4.783013,0.0,0.0,nan,nan,nan
2565036464,0.27554113,-0.971538,-1.6019381,0.046640433,nan,-0.0034569046,0.0023848193,0.49974385,-0.029968278,0.010673874,0.039727427,-5.0,-5.0,5.0,nan,nan,nan
2565237674,0.27486742,-0.9711744,-1.5096141,0.046640433,nan,-0.003985101,0.0022660536,0.5001985,0.03763939,-0.02211299,0.034496117,4.1557593,-5.0,-5.0,nan,nan,nan
2565438063,0.27422616,-0.970841,-1.417709,0.046640433,nan,-0.0028134796,0.001778132,0.50044745,0.033860356,0.05405264,0.0025038328,-5.0,0.0,-5.0,nan,nan,nan
2565646612,nan,nan,nan,0.031994127,nan,nan,nan,nan,-0.0036402768,-0.01774862,-0.070025794,5.0,0.0,-4.704335,0.0,0.0,0.0
2565846764,nan,nan,nan,0.03196125,nan,nan,nan,nan,-0.0042626085,0.014480769,0.0026209326,-5.0,-5.0,5.0,0.0,0.0,0.0
2566046706,nan,nan,nan,0.031699613,nan,nan,nan,nan,-0.0030628098,0.01501394,0.0008878326,5.0,-5.0,-5.0,0.0,0.0,0.0
2566255555,nan,nan,nan,0.031460274,nan,nan,nan,nan,-0.008696101,0.017420705,-0.041615415,-5.0,5.0,-5.0,0.0,0.0,0.0
2566455684,nan,nan,nan,0.031753574,nan,nan,nan,nan,-0.0054577477,-0.018490996,0.025810637,0.0,-5.0,5.0,0.0,0.0,0.0
2566588464,nan,nan,nan,0.031430107,nan,nan,nan,nan,-0.05205897,0.020032497,-0.026833562,5.0,0.0,5.0,0.0,0.0,0.0
