timestamp,lat,lon,alt,alt_ellipsoid,delta_alt,vel_n,vel_e,vel_d,yaw,eph,epv,terrain_alt,lat_lon_reset_counter,alt_reset_counter,terrain_alt_valid,dead_reckoning
2480611678,32.38748432763017,-117.0764481243023,20.181854,-15.949718,-0.0,-0.007830689,-0.012366969,-0.000788776,0.047121413,0.7746031,1.0359104,0.0,2,0,0,0
2480812339,32.387484273529786,-117.0764481519527,20.181454,-15.950726,-0.0,-0.0092360955,-0.010124152,0.007482426,0.047236536,0.77461773,1.0357643,0.0,2,0,0,0
2481012325,32.38748420977415,-117.07644818949618,20.1927,-15.940498,-0.0,-0.020406524,-0.014020539,-0.0018101685,0.047037948,0.7746448,1.0356493,0.0,2,0,0,0
2481213204,32.38748414048582,-117.07644822030208,20.217896,-15.917046,-0.0,-0.017676063,-0.012775126,-0.018791718,0.04658677,0.77469873,1.0355121,0.0,2,0,0,0
2481421120,32.38748408582353,-117.07644818975072,20.248112,-15.889397,-0.0,-0.012423129,0.0005823212,-0.029226208,0.046746805,0.7642501,1.0352559,0.0,2,0,0,0
2481622036,32.38748408296217,-117.07644814606635,20.264534,-15.876263,-0.0,-0.021566056,-0.00087111525,-0.023833336,0.04731464,0.7643658,1.0351636,0.0,2,0,0,0
2481821947,32.38748409203488,-117.07644808956073,20.264643,-15.879942,-0.0,-0.018551325,0.004939924,-0.029846318,0.04760093,0.76452214,1.0350754,0.0,2,0,0,0
2482022709,32.38748409878668,-117.07644801996082,20.259974,-15.888456,-0.0,-0.018960934,0.0043738815,-0.020110246,0.047738966,0.76470727,1.035336,0.0,2,0,0,0
2482230766,32.38748410674684,-117.07644794970201,20.25582,-15.897196,-0.0,-0.023193311,0.015216664,-0.023002923,0.048188366,0.77645546,1.0356926,0.0,2,0,0,0
2482427610,32.38748414457661,-117.07644787544471,20.277893,-15.879257,-0.0,0.024319284,0.020753311,-0.41879234,0.051200878,0.7652995,1.0349352,0.0,2,0,0,0
2482635510,32.38748419573365,-117.07644761082682,20.51405,-15.650158,-0.0,-0.01153362,0.22424753,-1.7483966,0.05712046,0.7656787,1.0353214,0.0,2,0,0,0
2482836411,32.38748413275464,-117.07644698127596,20.983202,-15.191298,-0.0,-0.04455214,0.29396376,-2.4396138,0.05659057,0.7658847,1.0352386,0.0,2,0,0,0
2483036321,32.38748399489712,-117.07644641277452,21.41798,-14.767277,-0.0,-0.047869213,0.22038394,-1.7803602,0.05120816,0.76629126,1.0355034,0.0,2,0,0,0
2483245192,32.38748387955635,-117.0764461349138,21.68304,-14.511166,-0.0,0.012109856,0.111323476,-0.9095469,0.076873,0.7671024,1.0358868,0.0,2,0,0,0
2483445164,32.38748413752075,-117.07644609527368,21.815945,-14.384323,-0.0,0.29250515,0.08840019,-0.61888176,0.07824033,0.7674889,1.0357478,0.0,2,0,0,0
2483645984,32.387485147048544,-117.07644570989962,21.924837,-14.281641,-0.0,0.71860874,0.28747168,-0.58592856,0.14555047,0.7677726,1.0355849,0.0,2,0,0,0
2483853914,32.38748695626477,-117.07644487209129,22.048727,-14.163282,-0.0,1.1603738,0.4752463,-0.62099326,0.1435237,0.76818043,1.035588,0.0,2,0,0,0
2484054709,32.38748939553218,-117.07644381303517,22.181465,-14.035934,-0.0,1.5297298,0.63835233,-0.65552866,0.1466692,0.7678482,1.0358024,0.0,2,0,0,0
2484254800,32.38749258325206,-117.0764425385763,22.308754,-13.914589,-0.0,1.9630426,0.83726555,-0.6012549,0.15093625,0.7672569,1.0356413,0.0,2,0,0,0
2484459595,32.38749667176089,-117.07644088461079,22.446503,-13.78212,-0.0,2.436069,1.0779287,-0.61874616,0.15109943,0.766697,1.0355731,0.0,2,0,0,0
2484667522,32.38750171277717,-117.0764387575751,22.596994,-13.637182,-0.0,2.8965685,1.274699,-0.609741,0.14380527,0.7661684,1.0355777,0.0,2,0,0,0
2484868395,32.387507458931374,-117.07643634412095,22.7465,-13.494734,-0.0,3.3421812,1.4707097,-0.5790249,0.13471256,0.76536864,1.0358114,0.0,2,0,0,0
2485068384,32.38751405445615,-117.07643360475636,22.893536,-13.354839,-0.0,3.8057928,1.645152,-0.5622398,0.12837039,0.76464176,1.0356469,0.0,2,0,0,0
2485277180,32.387521876044296,-117.07643044660021,23.040606,-13.216101,-0.0,4.3016186,1.8336691,-0.53978854,0.12350505,0.76439404,1.0356745,0.0,2,0,0,0
2485477941,32.387530253567505,-117.07642711418457,23.186281,-13.078184,-0.0,4.7315125,2.043872,-0.53667235,0.121051446,0.76410043,1.0359476,0.0,2,0,0,0
2485677910,32.38753941015026,-117.076423436133,23.340168,-12.933609,-0.0,5.186432,2.2270193,-0.56017345,0.120123714,0.7641102,1.0358412,0.0,2,0,0,0
2485878776,32.387549394631975,-117.07641941861476,23.489426,-12.794189,-0.0,5.650803,2.418483,-0.52447885,0.11849589,0.764397,1.0357442,0.0,2,0,0,0
2486078720,32.38756014613595,-117.07641517547384,23.631727,-12.662409,-0.0,6.1040277,2.5764472,-0.47888106,0.11841891,0.7650276,1.0356925,0.0,2,0,0,0
2486279568,32.387571805541334,-117.07641057418668,23.769165,-12.538525,-0.0,6.5398583,2.7630405,-0.47861496,0.119090445,0.7658177,1.0360307,0.0,2,0,0,0
2486479596,32.38758430125068,-117.07640576753097,23.909327,-12.410273,-0.0,6.990426,2.9495342,-0.4787594,0.122005105,0.7669564,1.0359856,0.0,2,0,0,0
2486680332,32.38759759961795,-117.07640063682777,24.040585,-12.293713,-0.0,7.409538,3.1054218,-0.4182125,0.12653038,0.76822186,1.0359462,0.0,2,0,0,0
2486888423,32.38761227201606,-117.0763949681246,24.165564,-12.184843,-0.0,7.867073,3.293567,-0.43144765,0.13206951,0.7701498,1.0360627,0.0,2,0,0,0
2487093185,32.38762759326779,-117.0763889233745,24.278175,-12.09,-0.0,8.223065,3.4758077,-0.40195116,0.13982448,0.77213365,1.0365144,0.0,2,0,0,0
2487293112,32.38764320668957,-117.07638266952499,24.407331,-11.978376,-0.0,8.517943,3.6422172,-0.6394795,0.14671661,0.7735577,1.0371327,0.0,2,0,0,0
2487489987,32.38765906257134,-117.07637608706426,24.650553,-11.755835,-0.0,8.692736,3.7656937,-1.385152,0.14723262,0.7751055,1.0373511,0.0,2,0,0,0
2487697914,32.38767597375154,-117.07636894062952,24.997086,-11.429821,-0.0,8.734464,3.7947881,-1.42505,0.1353151,0.77689517,1.0372066,0.0,2,0,0,0
2487898800,32.38769245987515,-117.07636190440587,25.306776,-11.139017,-0.0,8.8377495,3.8587415,-1.3772491,0.13325243,0.77834314,1.0369937,0.0,2,0,0,0
2488098703,32.387709013341684,-117.07635467544443,25.607029,-10.860771,-0.0,8.970874,3.8265421,-1.3852217,0.13240573,0.7796081,1.0368286,0.0,2,0,0,0
2488307574,32.38772634979957,-117.07634702522773,25.902664,-10.584827,-0.0,9.041297,3.8217418,-1.44532,0.13052344,0.7813088,1.0372117,0.0,2,0,0,0
2488507512,32.387743015481234,-117.07633947158212,26.185074,-10.321316,-0.0,9.096899,3.8771741,-1.4628881,0.12943608,0.7823942,1.0373734,0.0,2,0,0,0
2488708326,32.387759718693395,-117.07633162711177,26.456749,-10.070019,-0.0,9.074015,3.8938844,-1.5005683,0.1290562,0.783266,1.0375248,0.0,2,0,0,0
2488916309,32.38777697060113,-117.07632326849416,26.738762,-9.808136,-0.0,9.1107235,3.9420896,-1.5970397,0.1265238,0.78466123,1.0373911,0.0,2,0,0,0
2489117136,32.387793716334585,-117.07631492341271,27.006535,-9.560654,-0.0,9.149022,3.9810152,-1.5767732,0.1262279,0.785326,1.037505,0.0,2,0,0,0
2489317174,32.38781046007764,-117.07630649306411,27.259129,-9.328262,-0.0,9.204434,3.9221196,-1.6138538,0.12637769,0.78596574,1.0372307,0.0,2,0,0,0
2489525933,32.38782791248685,-117.07629758914268,27.536053,-9.070938,-0.0,9.172777,3.9300623,-1.6895508,0.13930537,0.7870504,1.037526,0.0,2,0,0,0
2489725969,32.387844585248445,-117.07628884079688,27.829548,-8.797455,-0.0,9.114172,4.080595,-1.8304448,0.34552523,0.78755265,1.037236,0.0,2,0,0,0
2489926720,32.38786104325053,-117.0762794069024,28.17152,-8.475082,-0.0,8.8700485,4.375368,-1.8903335,0.69043267,0.7879954,1.0373828,0.0,2,0,0,0
2490134738,32.38787743198582,-117.07626886011221,28.558517,-8.107803,-0.0,8.520212,4.7090855,-1.8262299,1.0888844,0.78896827,1.0368428,0.0,2,0,0,0
2490335491,32.387892570526006,-117.07625794819312,28.892727,-7.794361,-0.0,8.19306,5.0191755,-1.7764997,1.498133,0.7892041,1.0366174,0.0,2,0,0,0
2490535598,32.38790693185311,-117.07624656538431,29.17348,-7.5329113,-0.0,7.761085,5.2164125,-1.8374844,1.907955,0.7893353,1.0367891,0.0,2,0,0,0
2490736427,32.38792059452866,-117.07623469225624,29.448181,-7.2782288,-0.0,7.315706,5.3728433,-1.9082758,2.3094018,0.7893952,1.0369595,0.0,2,0,0,0
2490942814,32.38793389139265,-117.07622204621248,29.780203,-6.966158,-0.0,6.899528,5.476103,-1.9919386,2.7151108,0.78987455,1.036837,0.0,2,0,0,0
2491141113,32.387945867871245,-117.07620964102067,30.146652,-6.620041,-0.0,6.4890122,5.538589,-2.01374,3.1096995,0.7896197,1.0369487,0.0,2,0,0,0
2491345912,32.387957475004846,-117.07619665497366,30.465635,-6.3212643,-0.0,6.0728545,5.502113,-2.0021758,-2.7535477,0.78975236,1.0371957,0.0,2,0,0,0
2491546065,32.38796817085723,-117.07618413714269,30.735363,-6.071335,-0.0,5.7703857,5.3298283,-2.0600815,-2.3297591,0.7892667,1.0368361,0.0,2,0,0,0
2491746699,32.387978471190586,-117.07617193607237,31.025192,-5.8009224,-0.0,5.480946,5.044997,-2.0841873,-1.9090974,0.78898853,1.0373652,0.0,2,0,0,0
2491954783,32.38798875666823,-117.07615978982437,31.327179,-5.5163918,-0.0,5.3175015,4.7288237,-2.0523229,-1.4818064,0.7892435,1.0367932,0.0,2,0,0,0
2492155483,32.38799836435564,-117.07614869979614,31.562683,-5.294796,-0.0,5.223007,4.381774,-2.0558813,-1.0596275,0.78893816,1.0365348,0.0,2,0,0,0
2492355585,32.388007663595204,-117.07613842944087,31.804375,-5.064869,-0.0,5.1725,4.0501733,-2.0808876,-0.63544524,0.78858876,1.0366935,0.0,2,0,0,0
2492556425,32.388016865439695,-117.07612881964576,32.137844,-4.737068,-0.0,5.1649623,3.7606754,-2.105884,-0.2577317,0.7883699,1.036842,0.0,2,0,0,0
2492764456,32.38802634962596,-117.07611955047818,32.537838,-4.3387337,-0.0,5.298569,3.4923513,-2.0956874,0.12900345,0.7886937,1.0363445,0.0,2,0,0,0
2492965273,32.388035632434544,-117.07611088016017,32.890274,-3.9824867,-0.0,5.4610114,3.4117422,-2.0171854,0.5323402,0.7885186,1.0361385,0.0,2,0,0,0
2493165107,32.388045092606696,-117.07610224739865,33.24263,-3.623787,-0.0,5.5927925,3.4601455,-1.9960536,0.94365805,0.7884293,1.0363722,0.0,2,0,0,0
2493370042,32.388054825170165,-117.07609329015263,33.650703,-3.208088,-0.0,5.5388517,3.6245656,-1.9869331,1.370646,0.7888171,1.035936,0.0,2,0,0,0
2493569927,32.38806390577475,-117.07608451188608,34.062374,-2.7897148,-0.0,5.2822785,3.7092412,-1.984077,1.7935431,0.788547,1.0361048,0.0,2,0,0,0
2493778785,32.38807275851502,-117.07607551651208,34.509644,-2.3355522,-0.0,4.9011073,3.6312544,-2.0371304,2.2326715,0.788945,1.0360837,0.0,2,0,0,0
2493978704,32.388080674554786,-117.07606720256408,34.964973,-1.8733559,-0.0,4.6974835,3.5415037,-1.9019915,2.6366231,0.78892314,1.0359471,0.0,2,0,0,0
2494179562,32.38808842009234,-117.07605926513936,35.40857,-1.4239349,-0.0,4.560581,3.4253929,-1.7933277,3.0411503,0.7888399,1.0357975,0.0,2,0,0,0
2494387567,32.38809607348266,-117.07605141128188,35.80921,-1.0178108,-0.0,4.3386116,3.1828434,-1.7898941,-2.8210268,0.78925943,1.0358272,0.0,2,0,0,0
2494588402,32.38810294263082,-117.07604437641103,36.158318,-0.6627312,-0.0,4.0392394,2.8620336,-1.6579138,-2.4081645,0.7892749,1.0360701,0.0,2,0,0,0
2494788386,32.388109291215756,-117.07603811254647,36.51423,-0.2993126,-0.0,3.7048614,2.4221375,-1.7233816,-2.1678412,0.789343,1.0359199,0.0,2,0,0,0
2494989185,32.388115034226466,-117.07603265889318,36.89093,0.08549881,-0.0,3.3385737,2.0676787,-1.5784519,-2.1292777,0.7893975,1.0361258,0.0,2,0,0,0
2495197132,32.388120266965494,-117.0760277877814,37.24465,0.447464,-0.0,2.8789418,1.7597336,-1.4275863,-2.1533847,0.79005635,1.0360943,0.0,2,0,0,0
2495401966,32.3881245519582,-117.07602364965238,37.548347,0.75942993,-0.0,2.392488,1.4202924,-1.3659172,-2.18713,0.790641,1.0364399,0.0,2,0,0,0
2495601965,32.388127827315714,-117.07602017592954,37.828568,1.0472336,-0.0,1.9327575,1.1283939,-1.3386782,-2.2093868,0.7906287,1.0361526,0.0,2,0,0,0
2495802797,32.38813020569994,-117.07601725980605,38.092854,1.3191261,-0.0,1.4275757,0.84898955,-1.349217,-2.2180703,0.79081887,1.0359523,0.0,2,0,0,0
2496002708,32.388131680729735,-117.0760148439991,38.34618,1.5807915,-0.0,0.9469008,0.5680309,-1.3483378,-2.2221131,0.7795902,1.0354898,0.0,2,0,0,0
2496203513,32.38813249694113,-117.07601293561719,38.598957,1.8438606,-0.0,0.6850239,0.39566717,-1.3747275,-2.2276971,0.7914734,1.0356576,0.0,2,0,0,0
2496411496,32.38813297434354,-117.07601132510861,38.866585,2.1192894,-0.0,0.47246146,0.26711512,-1.3846885,-2.2354164,0.79218763,1.0360556,0.0,2,0,0,0
2496612399,32.38813303595364,-117.07601008616977,39.124046,2.3850327,-0.0,0.34770957,0.1668027,-1.4135584,-2.2431023,0.79206926,1.0359195,0.0,2,0,0,0
2496812468,32.3881329110066,-117.07600915517892,39.384827,2.6569061,-0.0,0.25403604,0.03822542,-1.436852,-2.2510226,0.7914358,1.0354165,0.0,2,0,0,0
2497021192,32.38813270688109,-117.07600842975732,39.663944,2.950634,-0.0,0.22213697,-0.046982076,-1.4434696,-2.2615983,0.7776435,1.0351884,0.0,2,0,0,0
2497221190,32.38813243462428,-117.07600806473165,39.942474,3.2463913,-0.0,0.16015491,-0.17367503,-1.4571242,-2.2694397,0.77632654,1.0354719,0.0,2,0,0,0
2497422014,32.388132113790554,-117.07600797291782,40.227127,3.5482368,-0.0,0.15179916,-0.24705589,-1.409002,-2.2732892,0.7750942,1.0353676,0.0,2,0,0,0
2497622720,32.388131920646,-117.07600811157619,40.51696,3.8573837,-0.0,0.19058275,-0.30704737,-1.4470923,-2.275409,0.77377445,1.0352751,0.0,2,0,0,0
2497830699,32.38813181759043,-117.07600835866559,40.81143,4.171051,-0.0,0.18733947,-0.3372189,-1.4285327,-2.27766,0.77301925,1.0353522,0.0,2,0,0,0
2498027642,32.38813178760775,-117.07600868566654,41.09024,4.470173,-0.0,0.17032395,-0.34839892,-1.4048716,-2.278131,0.7718109,1.0352539,0.0,2,0,0,0
2498235490,32.38813179694085,-117.07600920665767,41.386818,4.788105,-0.0,0.17163143,-0.34480074,-1.4022791,-2.2780478,0.7707735,1.0352333,0.0,2,0,0,0
2498436458,32.3881318376987,-117.07600975425889,41.682297,5.1032143,-0.0,0.14336622,-0.35238534,-1.4202616,-2.2777715,0.76956075,1.0355016,0.0,2,0,0,0
2498636315,32.388132042235505,-117.07601036657697,41.95366,5.3936844,-0.0,0.15548609,-0.31945416,-1.1115993,-2.2745547,0.7684843,1.0353953,0.0,2,0,0,0
2498837121,32.38813225974066,-117.07601113859678,42.131367,5.591484,-0.0,0.14468743,-0.30959228,-0.621131,-2.2190437,0.7674198,1.0356305,0.0,2,0,0,0
2499045169,32.38813249419348,-117.07601199942559,42.246117,5.7264366,-0.0,0.118668675,-0.2974253,-0.37639707,-1.9898776,0.76683646,1.0359856,0.0,2,0,0,0
2499245929,32.38813269077243,-117.07601297973639,42.339844,5.840172,-0.0,0.024614641,-0.3859325,-0.2798611,-1.7261415,0.76583415,1.0357839,0.0,2,0,0,0
2499445988,32.38813274841177,-117.07601435298507,42.423107,5.943878,-0.0,-0.060299568,-0.604373,-0.24574853,-1.5204214,0.76484054,1.0359865,0.0,2,0,0,0
2499654799,32.38813277483408,-117.07601626835077,42.502625,6.043457,-0.0,-0.13617687,-0.94442105,-0.2577031,-1.4072427,0.764266,1.0355517,0.0,2,0,0,0
2499854790,32.38813276208116,-117.07601899997952,42.57997,6.140297,-0.0,-0.14455734,-1.3047681,-0.25882965,-1.3545445,0.7633932,1.0354083,0.0,2,0,0,0
2500051520,32.38813277581475,-117.07602235355562,42.652092,6.2318115,-0.0,-0.14062047,-1.6577835,-0.2475806,-1.3443533,0.76250464,1.035635,0.0,2,0,0,0
2500259490,32.38813279558962,-117.07602676138322,42.72946,6.330784,-0.0,-0.09840348,-2.0954876,-0.22479562,-1.3497003,0.7618129,1.035202,0.0,2,0,0,0
2500460337,32.388132878627964,-117.07603198986108,42.81076,6.4312096,-0.0,-0.017071988,-2.543628,-0.19995007,-1.357031,0.76102614,1.0354602,0.0,2,0,0,0
2500660416,32.38813308098678,-117.076038185731,42.902733,6.543255,-0.0,0.10009296,-2.9863098,-0.23483992,-1.3609276,0.7602808,1.0353612,0.0,2,0,0,0
2500869201,32.38813344136433,-117.07604559222226,43.003265,6.6640053,-0.0,0.2594359,-3.410194,-0.21854323,-1.3586946,0.7598822,1.0357326,0.0,2,0,0,0
2501069219,32.38813399296755,-117.07605374546416,43.09615,6.77668,-0.0,0.40107012,-3.9149077,-0.18489148,-1.3539817,0.7591905,1.0359466,0.0,2,0,0,0
2501269891,32.38813467967213,-117.07606300276494,43.18199,6.8826447,-0.0,0.52109325,-4.399379,-0.19696578,-1.3512297,0.7584455,1.0357598,0.0,2,0,0,0
2501478026,32.3881355820988,-117.0760737031099,43.263237,6.9834785,-0.0,0.6713583,-4.888196,-0.18049921,-1.348963,0.7581798,1.0357258,0.0,2,0,0,0
2501678707,32.38813666758525,-117.07608503628971,43.331245,7.0716705,-0.0,0.78456134,-5.364207,-0.083468355,-1.3484722,0.7574925,1.035925,0.0,2,0,0,0
2501883532,32.38813798615158,-117.07609756841093,43.359306,7.119728,-0.0,0.8897886,-5.807897,0.2537258,-1.3461297,0.75723183,1.0359057,0.0,2,0,0,0
2502083615,32.3881395137131,-117.07611082215584,43.312,7.092121,-0.0,1.0567002,-6.3166714,0.6328948,-1.320193,0.7563603,1.035664,0.0,2,0,0,0
2502283584,32.3881412837536,-117.0761251843474,43.20159,7.0025215,-0.0,1.2301229,-6.8440933,0.7516526,-1.3011366,0.7556436,1.0355053,0.0,2,0,0,0
2502492396,32.38814342821674,-117.076141366392,43.08371,6.9029694,-0.0,1.428867,-7.3288546,0.67643034,-1.2975199,0.7554204,1.0355209,0.0,2,0,0,0
2502692384,32.388145843424894,-117.07615799036904,42.98439,6.819252,-0.0,1.6171868,-7.746094,0.70887136,-1.2986608,0.7549045,1.0350379,0.0,2,0,0,0
2502893210,32.38814865452885,-117.07617566725689,42.877518,6.7276154,-0.0,1.8327742,-8.191475,0.77339566,-1.298043,0.75445056,1.034975,0.0,2,0,0,0
2503101995,32.38815189583578,-117.07619502107534,42.758595,6.620949,-0.0,2.00396,-8.604738,0.7587812,-1.2983142,0.7543681,1.035397,0.0,2,0,0,0
2503302027,32.388155288568306,-117.07621443747954,42.64885,6.5207634,-0.0,2.173407,-8.937741,0.7092402,-1.2845706,0.7539089,1.035661,0.0,2,0,0,0
2503502776,32.388159000416884,-117.07623443611996,42.534256,6.4134216,-0.0,2.3686812,-9.113789,0.6757428,-1.2189895,0.7534453,1.0358886,0.0,2,0,0,0
2503702795,32.388163264938626,-117.07625460937261,42.44878,6.333542,-0.0,2.724351,-9.185657,0.594996,-1.0803816,0.7530938,1.0357183,0.0,2,0,0,0
2503907595,32.388168367014195,-117.07627531420026,42.381447,6.2698975,-0.0,3.1319237,-9.135734,0.61912507,-0.88598853,0.7530525,1.036069,0.0,2,0,0,0
2504107515,32.38817418931428,-117.07629548777949,42.294617,6.1845436,-0.0,3.5979142,-9.010635,0.77177066,-0.60908896,0.75257707,1.0358242,0.0,2,0,0,0
2504308397,32.38818094460756,-117.07631530314796,42.140266,6.02866,-0.0,4.047433,-8.818973,0.92318666,-0.25164548,0.7520965,1.0356318,0.0,2,0,0,0
2504508408,32.38818850589172,-117.07633449666206,41.913963,5.8006363,-0.0,4.4446545,-8.542356,0.9148805,0.13497613,0.75183785,1.0358735,0.0,2,0,0,0
2504709121,32.38819678108868,-117.07635307822991,41.667515,5.552738,-0.0,4.7288585,-8.222321,0.77529144,0.5247009,0.75152,1.0357041,0.0,2,0,0,0
2504909133,32.3882054901211,-117.07637066004867,41.439114,5.32275,-0.0,4.920713,-7.790512,0.7109441,0.90852886,0.7512246,1.0355712,0.0,2,0,0,0
2505117900,32.38821492075172,-117.07638798798143,41.274193,5.156925,-0.0,5.142247,-7.3581862,0.6098018,1.2855399,0.7512639,1.0352219,0.0,2,0,0,0
2505317972,32.388224325992816,-117.0764037539329,41.165024,5.0446053,-0.0,5.2866235,-6.956101,0.569871,1.6567491,0.7509531,1.0358685,0.0,2,0,0,0
2505518775,32.38823392204402,-117.07641871913036,41.007195,4.882656,-0.0,5.2907467,-6.6085887,0.5055322,2.0373755,0.7504942,1.0360774,0.0,2,0,0,0
2505718706,32.388243372840144,-117.07643294825048,40.78268,4.653549,-0.0,5.1490917,-6.2049017,0.45879605,2.4464023,0.75005245,1.0362908,0.0,2,0,0,0
2505923526,32.38825275522773,-117.07644676913239,40.569855,4.436222,-0.0,4.853941,-5.836397,0.314436,2.871925,0.7499599,1.0358391,0.0,2,0,0,0
2506123506,32.38826160504147,-117.07645980881443,40.386818,4.249542,-0.0,4.622918,-5.649337,0.35722062,-2.999456,0.74938285,1.0356202,0.0,2,0,0,0
2506328395,32.38827027673504,-117.07647285321862,40.148853,4.01046,-0.0,4.1510415,-5.480139,0.26687413,-2.5708756,0.7493695,1.0356035,0.0,2,0,0,0
2506528419,32.3882781934124,-117.07648509657778,39.900105,3.7642784,-0.0,3.8479483,-5.349894,0.21554497,-2.2087078,0.74884725,1.0357666,0.0,2,0,0,0
2506729189,32.38828615976433,-117.076497112419,39.67544,3.5457802,-0.0,3.8892224,-5.2459574,0.47472998,-1.850805,0.74850464,1.0359576,0.0,2,0,0,0
2506937203,32.388294611276194,-117.07650912662751,39.542286,3.421299,-0.0,3.878373,-5.049854,0.33498988,-1.5205759,0.7485555,1.0358226,0.0,2,0,0,0
2507137879,32.3883025866148,-117.07652010754242,39.48432,3.3729172,-0.0,3.6808038,-4.8172593,0.24247828,-1.1921475,0.74839884,1.0358537,0.0,2,0,0,0
2507337910,32.38831011747938,-117.07653026630857,39.412594,3.3106804,-0.0,3.3838334,-4.4315205,0.25719938,-0.8779218,0.74847656,1.035451,0.0,2,0,0,0
2507538787,32.38831704811928,-117.07653938084658,39.34166,3.2484627,-0.0,2.9580557,-3.9107294,0.25518778,-0.6519151,0.74864525,1.0353717,0.0,2,0,0,0
2507746718,32.38832345064676,-117.07654743513925,39.3189,3.2350807,-0.0,2.5312238,-3.3609157,0.18940786,-0.6021283,0.7492213,1.0350288,0.0,2,0,0,0
2507947612,32.388328947692166,-117.07655391943663,39.338547,3.2629814,-0.0,2.1590457,-2.8470633,0.17538346,-0.6178998,0.74938476,1.0349088,0.0,2,0,0,0
2508147589,32.38833383381006,-117.07655920509406,39.38433,3.3150597,-0.0,1.8438846,-2.4069607,0.21193703,-0.6457211,0.7496472,1.0344405,0.0,2,0,0,0
2508348330,32.38833814035657,-117.07656338886291,39.431297,3.3667793,-0.0,1.5528425,-1.942791,0.27330625,-0.66570854,0.7498805,1.0340065,0.0,2,0,0,0
2508556325,32.38834200764488,-117.07656655371231,39.458435,3.3968735,-0.0,1.2331121,-1.4666141,0.36605182,-0.67092055,0.75059503,1.0340775,0.0,2,0,0,0
2508757217,32.388345019126966,-117.07656853669933,39.446724,3.3865662,-0.0,0.87155354,-1.0349426,0.45341983,-0.6694845,0.7508434,1.0337317,0.0,2,0,0,0
2508965136,32.38834749844915,-117.07656960755283,39.399208,3.3393974,-0.0,0.60322547,-0.7057655,0.5160869,-0.6607654,0.7515282,1.0338483,0.0,2,0,0,0
2509165888,32.3883493961415,-117.07656988672979,39.32026,3.2605934,-0.0,0.45816648,-0.49393943,0.52136356,-0.6610119,0.75184697,1.033882,0.0,2,0,0,0
2509365954,32.38835104209393,-117.07656975164954,39.23432,3.1745071,-0.0,0.32910547,-0.3377882,0.5176765,-0.67122173,0.75206274,1.0336028,0.0,2,0,0,0
2509566715,32.388352430405654,-117.07656931286655,39.124306,3.0646172,-0.0,0.20844413,-0.2636534,0.5464715,-0.6871929,0.7523646,1.0333998,0.0,2,0,0,0
2509771527,32.38835360114626,-117.0765688308974,39.018036,2.9555779,-0.0,0.102255054,-0.26077488,0.49396306,-0.7042748,0.75302386,1.0333652,0.0,2,0,0,0
2509971582,32.38835446793214,-117.07656838187577,38.923042,2.8571777,-0.0,-0.024787536,-0.22544819,0.48080635,-0.7160422,0.7530792,1.0335097,0.0,2,0,0,0
2510171654,32.388355048945705,-117.07656795247627,38.813065,2.7472,-0.0,-0.14437543,-0.2339366,0.4729697,-0.7248119,0.7532775,1.0334244,0.0,2,0,0,0
2510372337,32.38835529519742,-117.07656756890282,38.704014,2.6323776,-0.0,-0.23787001,-0.25131485,0.44322857,-0.73255897,0.7534205,1.0334054,0.0,2,0,0,0
2510581240,32.38835517162628,-117.07656708464656,38.58505,2.5108452,-0.0,-0.33080348,-0.27353474,0.45678765,-0.73832107,0.7540574,1.033866,0.0,2,0,0,0
2510781112,32.388354758577606,-117.07656674519237,38.466682,2.3898773,-0.0,-0.3716555,-0.29584622,0.42504427,-0.74207026,0.75429875,1.034216,0.0,2,0,0,0
2510981969,32.38835424130606,-117.07656644372372,38.34446,2.2655983,-0.0,-0.39610988,-0.335759,0.42304602,-0.74487656,0.7544808,1.034211,0.0,2,0,0,0
2511189887,32.38835355257117,-117.07656612363778,38.213734,2.1331215,-0.0,-0.39209148,-0.3206996,0.4016566,-0.7452037,0.75511056,1.0347351,0.0,2,0,0,0
2511390727,32.3883528024277,-117.0765659152641,38.093346,2.0115395,-0.0,-0.36628816,-0.32315314,0.35065773,-0.7460449,0.7551862,1.0347475,0.0,2,0,0,0
2511590779,32.388351988062624,-117.07656575726702,37.980286,1.8983612,-0.0,-0.34040657,-0.36669612,0.37486434,-0.7463022,0.75530547,1.0347857,0.0,2,0,0,0
2511795601,32.38835111139711,-117.07656560719198,37.867355,1.7867737,-0.0,-0.28665704,-0.3717257,0.34036568,-0.7469404,0.7558282,1.0349815,0.0,2,0,0,0
2511995519,32.38835031987991,-117.07656562549305,37.759468,1.681488,-0.0,-0.20268025,-0.43390834,0.32576784,-0.7478165,0.75575745,1.0353543,0.0,2,0,0,0
2512196418,32.38834954139911,-117.0765656759702,37.668137,1.5937653,-0.0,-0.17636509,-0.39398184,0.31549737,-0.7478562,0.755888,1.0353783,0.0,2,0,0,0
2512404336,32.38834881664207,-117.07656577591003,37.584038,1.5137138,-0.0,-0.09047222,-0.40943313,0.31269208,-0.7467158,0.75638556,1.0355523,0.0,2,0,0,0
2512605193,32.38834815686123,-117.07656599026392,37.506176,1.4411087,-0.0,-0.054241095,-0.4166542,0.33600217,-0.74622834,0.7565352,1.0359046,0.0,2,0,0,0
2512805183,32.38834753008318,-117.07656616552515,37.431526,1.3725014,-0.0,-0.011518821,-0.41022107,0.35903957,-0.7466874,0.75667936,1.0362525,0.0,2,0,0,0
2513005907,32.388346903716744,-117.07656639812033,37.3562,1.3043251,-0.0,0.053512003,-0.41831687,0.36722952,-0.7445792,0.7568039,1.0361707,0.0,2,0,0,0
2513205960,32.388346374163014,-117.07656659216123,37.276047,1.232399,-0.0,0.11633578,-0.41938215,0.35534367,-0.74197453,0.7569787,1.0364884,0.0,2,0,0,0
2513410728,32.38834583157295,-117.07656669815464,37.196846,1.1619759,-0.0,0.15491813,-0.37412322,0.36587557,-0.74038327,0.7476996,1.0361978,0.0,2,0,0,0
2513610775,32.388345395812976,-117.07656680435129,37.129246,1.1034393,-0.0,0.17395158,-0.32131496,0.39995885,-0.74046266,0.7477333,1.0360259,0.0,2,0,0,0
2513819514,32.388345011581244,-117.0765669014579,37.071323,1.05513,-0.0,0.23695883,-0.3227,0.37364206,-0.741455,0.7482487,1.0360769,0.0,2,0,0,0
2514019615,32.388344669958045,-117.0765669993771,37.02327,1.0164223,-0.0,0.27183798,-0.28619742,0.38103577,-0.74436736,0.7483837,1.0359658,0.0,2,0,0,0
2514220303,32.38834441437522,-117.07656716450258,36.98965,0.9914551,-0.0,0.32698083,-0.3205273,0.38373026,-0.7471576,0.7484875,1.0358448,0.0,2,0,0,0
2514420324,32.38834422273938,-117.07656746204975,36.94624,0.95586395,-0.0,0.35008234,-0.29111305,0.4174096,-0.74972415,0.7486356,1.0357537,0.0,2,0,0,0
2514621233,32.38834408736605,-117.07656773933459,36.902916,0.92017365,-0.0,0.39354378,-0.28264746,0.40785533,-0.7523513,0.74875414,1.0356523,0.0,2,0,0,0
2514829204,32.38834395617816,-117.07656796194654,36.86168,0.88685226,-0.0,0.40065223,-0.24916846,0.44546726,-0.75250334,0.7492487,1.0357254,0.0,2,0,0,0
2515030024,32.388343848936245,-117.07656807990502,36.820427,0.85290146,-0.0,0.40724078,-0.2125228,0.43968636,-0.75198853,0.74929315,1.0360066,0.0,2,0,0,0
2515229898,32.38834372858926,-117.07656822009625,36.770805,0.8103256,-0.0,0.40138927,-0.16808578,0.44523507,-0.75209016,0.7493367,1.0355358,0.0,2,0,0,0
2515438808,32.38834361695607,-117.07656838724307,36.70855,0.7554054,-0.0,0.4035926,-0.18264629,0.47215518,-0.75182676,0.7497428,1.0356236,0.0,2,0,0,0
2515635516,32.388343542785485,-117.07656854412164,36.65158,0.70500946,-0.0,0.39454487,-0.12257623,0.49787924,-0.7508218,0.7497927,1.0355419,0.0,2,0,0,0
2515843526,32.388343536610165,-117.07656870915608,36.58633,0.6457596,-0.0,0.42942774,-0.12118974,0.4607762,-0.7487085,0.7500625,1.0359051,0.0,2,0,0,0
2516043593,32.38834357716002,-117.076569001412,36.52607,0.5907173,-0.0,0.4361276,-0.119729735,0.4727123,-0.7460444,0.7500976,1.0354124,0.0,2,0,0,0
2516252374,32.38834370779841,-117.07656935551152,36.454803,0.52479935,-0.0,0.45323837,-0.105597265,0.45242754,-0.74631065,0.7504833,1.0354843,0.0,2,0,0,0
2516453112,32.38834385998119,-117.07656973754172,36.401558,0.47686386,-0.0,0.46668443,-0.08444712,0.43500155,-0.74959666,0.7504727,1.0354124,0.0,2,0,0,0
2516653217,32.38834400290135,-117.07657001825989,36.34298,0.42362976,-0.0,0.43990648,-0.050201114,0.44242814,-0.75282085,0.75049967,1.0353532,0.0,2,0,0,0
2516853915,32.38834420071173,-117.07657030453383,36.28598,0.3711548,-0.0,0.44629097,-0.022511331,0.43933347,-0.7548627,0.7505125,1.035272,0.0,2,0,0,0
2517062007,32.38834443612184,-117.0765706674799,36.226456,0.3166237,-0.0,0.42130736,0.013803732,0.4565617,-0.7557747,0.7510037,1.0357196,0.0,2,0,0,0
2517262705,32.38834467125763,-117.07657091875429,36.15834,0.25424957,-0.0,0.42820528,0.04118053,0.43516284,-0.75443524,0.75100374,1.0356162,0.0,2,0,0,0
2517462726,32.38834492093937,-117.07657113016404,36.08097,0.18295288,-0.0,0.42871353,0.020592049,0.43185464,-0.75366986,0.7509935,1.0358841,0.0,2,0,0,0
2517667534,32.38834515140949,-117.07657135506176,36.00698,0.11479187,-0.0,0.43510452,0.021609388,0.40276936,-0.75287646,0.7513247,1.0358806,0.0,2,0,0,0
2517875508,32.38834539148533,-117.07657166676785,35.941395,0.054286957,-0.0,0.40554443,0.031220468,0.42918354,-0.7523443,0.75155395,1.0358087,0.0,2,0,0,0
2518076289,32.388345612555405,-117.07657199510027,35.869972,-0.012718201,-0.0,0.4161535,0.02634188,0.41381353,-0.75138164,0.75157154,1.0356679,0.0,2,0,0,0
2518276409,32.38834581235549,-117.07657234170435,35.78476,-0.09403229,-0.0,0.36507046,0.030490212,0.41998228,-0.75108886,0.7515906,1.0359197,0.0,2,0,0,0
2518485135,32.38834593736775,-117.07657257621003,35.68428,-0.19194794,-0.0,0.28283158,0.13819665,0.42529958,-0.7509507,0.75207025,1.0362734,0.0,2,0,0,0
2518685203,32.38834608893343,-117.07657255526738,35.599693,-0.27417374,-0.0,0.30515006,0.13172151,0.24556918,-0.70458686,0.75224763,1.0364678,0.0,2,0,0,0
2518885908,32.38834624262618,-117.07657246971864,35.51519,-0.3570366,-0.0,0.24893028,0.13443172,0.36619046,-0.7065096,0.7523914,1.0366142,0.0,2,0,0,0
2519085890,32.38834637992037,-117.07657248317634,35.412132,-0.4569397,-0.0,0.21240781,0.062425833,0.20019856,-0.72270685,0.7524383,1.0363513,0.0,2,0,0,0
2519290722,32.38834644880743,-117.07657265716895,35.39715,-0.46873856,-0.0,0.16119407,0.047426853,-0.41377982,-0.7385025,0.75285137,1.0362508,0.0,2,0,0,0
2519490774,32.38834648352526,-117.07657288038038,35.523506,-0.3398285,-0.0,0.14408495,0.023565387,-1.1594366,-0.7488109,0.7527275,1.0367278,0.0,2,0,0,0
2519699527,32.38834649971757,-117.07657317431213,35.785965,-0.07527542,-0.0,0.16852656,-0.0006173505,-1.820845,-0.7554567,0.75329465,1.0362056,0.0,2,0,0,0
2519899626,32.38834648647493,-117.07657352434882,36.120163,0.26132202,-0.0,0.15798761,0.004740707,-2.2304704,-0.7594148,0.75356823,1.0363929,0.0,2,0,0,0
2520100299,32.388346477760734,-117.0765738593944,36.513145,0.65813065,-0.0,0.14595123,-0.015344373,-2.4244044,-0.76328695,0.75381947,1.0361593,0.0,2,0,0,0
2520308397,32.38834644709055,-117.0765741161631,36.937023,1.086029,-0.0,0.113092266,0.01350433,-2.3957462,-0.765373,0.7545153,1.0364605,0.0,2,0,0,0
2520509110,32.38834632811575,-117.07657430564427,37.31613,1.4707832,-0.0,0.07985779,0.051445764,-2.1626651,-0.7672125,0.7547609,1.0362145,0.0,2,0,0,0
2520709180,32.3883461845776,-117.07657448163744,37.66284,1.8255997,-0.0,0.07281805,0.039468817,-1.9220201,-0.7678919,0.7550649,1.0360019,0.0,2,0,0,0
2520910008,32.38834605002778,-117.07657460224674,37.970047,2.1434402,-0.0,0.083157375,0.03859838,-1.7128963,-0.7670724,0.7553675,1.0361569,0.0,2,0,0,0
2521117979,32.38834592686774,-117.0765746757701,38.25766,2.44273,-0.0,0.0696592,0.07473484,-1.5630835,-0.7654433,0.75610787,1.0360605,0.0,2,0,0,0
2521318798,32.38834580713843,-117.07657466116474,38.525635,2.724266,-0.0,0.06820921,0.07110282,-1.4565082,-0.7630747,0.7563955,1.0358595,0.0,2,0,0,0
2521523646,32.38834571835354,-117.07657460063132,38.779083,2.9914818,-0.0,0.08003182,0.07073872,-1.3095075,-0.76111805,0.7571588,1.0358331,0.0,2,0,0,0
2521723550,32.38834565529855,-117.07657444633234,39.012543,3.2411156,-0.0,0.075838014,0.06908235,-1.2034765,-0.7600345,0.7572238,1.0356367,0.0,2,0,0,0
2521931584,32.38834559196918,-117.07657423210944,39.23327,3.4779396,-0.0,0.083361775,0.09116205,-1.0637898,-0.760636,0.7579013,1.0352927,0.0,2,0,0,0
2522132367,32.388345537696786,-117.07657392927032,39.42301,3.6836967,-0.0,0.07942763,0.085990064,-0.954515,-0.7596794,0.758199,1.0355781,0.0,2,0,0,0
2522332346,32.38834549200108,-117.07657355094744,39.593758,3.871025,-0.0,0.036432866,0.13085067,-0.8748801,-0.7588382,0.75833017,1.0358292,0.0,2,0,0,0
2522533195,32.388345408293866,-117.07657317199478,39.753265,4.0444336,-0.0,0.05365022,0.13807198,-0.80845374,-0.75741786,0.7586265,1.0356882,0.0,2,0,0,0
2522733908,32.38834531882309,-117.07657288425848,39.894913,4.2011337,-0.0,0.038073312,0.10881081,-0.71250194,-0.7564867,0.75888824,1.0359129,0.0,2,0,0,0
2522942022,32.38834520883698,-117.07657269635123,40.031673,4.353077,-0.0,0.045052398,0.062536895,-0.68649125,-0.7552556,0.7596217,1.0358952,0.0,2,0,0,0
2523142697,32.38834516519941,-117.07657254405312,40.15279,4.4890556,-0.0,0.067819186,0.03735065,-0.64499056,-0.75413954,0.75990486,1.035731,0.0,2,0,0,0
2523342717,32.388345215149705,-117.07657237235604,40.27426,4.625618,-0.0,0.07256406,0.04075791,-0.7609805,-0.7965078,0.7602056,1.0356073,0.0,2,0,0,0
2523551581,32.38834534016241,-117.0765721886946,40.43474,4.8016853,-0.0,0.043076776,0.024144294,-0.6930162,-1.025485,0.7607504,1.035261,0.0,2,0,0,0
2523751598,32.388345344210634,-117.0765721212955,40.560516,4.943062,-0.0,-0.043719508,-0.009794991,-0.4847883,-1.299165,0.7609591,1.0355524,0.0,2,0,0,0
2523956330,32.38834505610546,-117.07657217716647,40.664787,5.0633965,-0.0,-0.2619781,-0.02219764,-0.38185197,-1.6000785,0.761568,1.0359584,0.0,2,0,0,0
2524156430,32.38834416839297,-117.07657233649157,40.742165,5.156101,-0.0,-0.6554363,-0.06208381,-0.35630882,-1.8993157,0.76161265,1.035742,0.0,2,0,0,0
2524357128,32.38834246281605,-117.0765724291679,40.8197,5.2500534,-0.0,-1.1318829,-0.0122564295,-0.33121386,-2.1943026,0.7617597,1.03597,0.0,2,0,0,0
2524557199,32.38833986945848,-117.07657225219562,40.887215,5.3322983,-0.0,-1.6531897,0.06889253,-0.29105735,-2.4910047,0.7619896,1.0358256,0.0,2,0,0,0
2524765908,32.388336230030575,-117.07657179044122,40.951054,5.4106483,-0.0,-2.2074647,0.16520111,-0.26386175,-2.8110597,0.7625657,1.0361687,0.0,2,0,0,0
2524965918,32.388331846497145,-117.07657109865933,41.00402,5.4769287,-0.0,-2.7102256,0.26316458,-0.24271776,-3.0487876,0.76277137,1.0360014,0.0,2,0,0,0
2525166831,32.3883265563145,-117.07657020278972,41.05104,5.5355415,-0.0,-3.2147226,0.35679656,-0.24813952,3.0882432,0.762972,1.0358473,0.0,2,0,0,0
2525374717,32.3883201228371,-117.07656906813716,41.09624,5.6037445,-0.0,-3.6777225,0.40992108,-0.23825416,3.0089982,0.76364505,1.0354927,0.0,2,0,0,0
2525579588,32.388312976884585,-117.07656780494202,41.13737,5.6550484,-0.0,-4.1201863,0.5060532,-0.23923296,2.97499,0.76432395,1.0358835,0.0,2,0,0,0
2525779592,32.38830521019222,-117.07656643247148,41.180138,5.7071495,-0.0,-4.501303,0.5714818,-0.23279397,2.964372,0.7644843,1.0357069,0.0,2,0,0,0
2525980304,32.38829679263897,-117.07656497335444,41.229664,5.765362,-0.0,-4.766373,0.6145983,-0.25150824,2.9666822,0.76489407,1.0359727,0.0,2,0,0,0
2526180342,32.38828796039,-117.07656348915032,41.29193,5.827629,-0.0,-4.950505,0.6299256,-0.2752133,2.976413,0.76543254,1.0358379,0.0,2,0,0,0
2526381228,32.388278811492896,-117.07656208758002,41.36731,5.918583,-0.0,-5.0575895,0.60784936,-0.2216459,2.9889023,0.76594394,1.0360775,0.0,2,0,0,0
2526589110,32.38826916117347,-117.07656071505714,41.455257,6.011093,-0.0,-5.087066,0.61524194,-0.17465156,3.0032213,0.7670383,1.0360651,0.0,2,0,0,0
2526790011,32.38825976067305,-117.07655948845448,41.53685,6.0961456,-0.0,-5.0698285,0.569402,-0.117396526,3.0153444,0.76771057,1.0362883,0.0,2,0,0,0
2526989924,32.38825031097709,-117.07655841036153,41.605637,6.166485,-0.0,-5.0752406,0.56161183,-0.076245315,3.0239925,0.76839405,1.0364959,0.0,2,0,0,0
2527198819,32.388240345861846,-117.07655733060241,41.67077,6.231827,-0.0,-5.073801,0.56307435,-0.0384368,3.029295,0.7695194,1.0368142,0.0,2,0,0,0
2527396333,32.388230885324965,-117.07655635614759,41.729534,6.289192,-0.0,-5.051085,0.5598277,0.0098320255,3.0336275,0.7701883,1.0365659,0.0,2,0,0,0
2527603591,32.38822103637104,-117.07655539706951,41.772438,6.329262,-0.0,-5.02362,0.5889383,0.057977065,3.038937,0.7711871,1.0364218,0.0,2,0,0,0
2527803591,32.388211613227966,-117.07655458563833,41.80116,6.353981,-0.0,-4.976104,0.60876596,0.06453736,3.0427597,0.7716848,1.0365309,0.0,2,0,0,0
2528012312,32.38820191796656,-117.07655376813335,41.81327,6.3604164,-0.0,-4.8673835,0.62470376,0.06628621,3.04682,0.7728262,1.0364053,0.0,2,0,0,0
2528213220,32.388192755689204,-117.07655308507178,41.81163,6.350933,-0.0,-4.817201,0.6465485,0.05420153,3.049552,0.7733421,1.0361519,0.0,2,0,0,0
2528413216,32.388183759248996,-117.07655236032797,41.812202,6.3443604,-0.0,-4.751354,0.6770539,0.033625577,3.0506952,0.77370334,1.0363357,0.0,2,0,0,0
2528613924,32.38817468918728,-117.07655161030452,41.812946,6.336258,-0.0,-4.7453823,0.72400326,0.003087675,3.0481246,0.77418965,1.0364995,0.0,2,0,0,0
2528813958,32.38816558584838,-117.07655085011444,41.81804,6.3312187,-0.0,-4.7651925,0.7723379,-0.083226934,3.0412138,0.7747225,1.036665,0.0,2,0,0,0
2529022710,32.388156136220786,-117.07654998645913,41.826485,6.328743,-0.0,-4.7342367,0.79424655,-0.07751071,3.0351346,0.7757264,1.0365473,0.0,2,0,0,0
2529222803,32.38814707432407,-117.0765491404058,41.83585,6.3268013,-0.0,-4.732692,0.8333973,-0.069920905,3.031809,0.7643159,1.036006,0.0,2,0,0,0
2529427611,32.38813785763696,-117.07654819243133,41.84587,6.323292,-0.0,-4.7156186,0.8787569,-0.097565204,3.0281117,0.7651908,1.0359161,0.0,2,0,0,0
2529627508,32.38812894943301,-117.0765472145971,41.85669,6.3204613,-0.0,-4.7063875,0.92153215,-0.09234904,3.0235653,0.7654373,1.035649,0.0,2,0,0,0
2529828325,32.38812002476212,-117.07654606762577,41.85518,6.3045616,-0.0,-4.7271338,0.98428303,-0.11162258,3.0212767,0.7658043,1.03584,0.0,2,0,0,0
2530036378,32.388110763202484,-117.07654480867818,41.85411,6.2898674,-0.0,-4.6992803,1.0256858,-0.11891217,3.018336,0.7667143,1.0357895,0.0,2,0,0,0
2530241194,32.38810175681383,-117.07654353884331,41.862007,6.2830696,-0.0,-4.646567,1.0432189,-0.11937082,3.0165265,0.76750934,1.035742,0.0,2,0,0,0
2530441224,32.388093025631036,-117.07654233595088,41.870163,6.2770844,-0.0,-4.6564445,1.0273628,-0.12476936,3.0152442,0.7677009,1.0355349,0.0,2,0,0,0
2530641957,32.388084253143354,-117.07654108720179,41.864624,6.256241,-0.0,-4.655116,1.0211467,-0.10645906,3.0142748,0.768063,1.0353853,0.0,2,0,0,0
2530849985,32.388075227405835,-117.07653985135148,41.86374,6.2402115,-0.0,-4.60728,1.0171126,-0.16681053,3.012476,0.76891565,1.0354185,0.0,2,0,0,0
2531050697,32.38806655097603,-117.07653861053525,41.866905,6.2284164,-0.0,-4.6036053,1.0313036,-0.16781637,3.011126,0.76921695,1.0352921,0.0,2,0,0,0
2531250703,32.38805786521491,-117.07653733266812,41.872528,6.218815,-0.0,-4.6465836,1.0356139,-0.18450668,3.0110111,0.7695524,1.0351981,0.0,2,0,0,0
2531459593,32.38804873563198,-117.07653598251656,41.873375,6.205574,-0.0,-4.692114,1.0432527,-0.17907006,3.011831,0.77030396,1.0356094,0.0,2,0,0,0
2531659591,32.388039998445585,-117.0765346547812,41.86712,6.1858826,-0.0,-4.6959944,1.0458089,-0.21037513,3.013365,0.7706274,1.0358559,0.0,2,0,0,0
2531860392,32.388031151890395,-117.07653331169942,41.876163,6.183117,-0.0,-4.735332,1.0583314,-0.22266543,3.0134168,0.7709801,1.0360875,0.0,2,0,0,0
2532068380,32.388021911840944,-117.07653178955748,41.89503,6.1888657,-0.0,-4.805894,1.0975821,-0.20633268,3.0127468,0.7716739,1.0360245,0.0,2,0,0,0
2532269185,32.38801297063448,-117.07653030524929,41.916977,6.1985474,-0.0,-4.8349934,1.064771,-0.21804795,3.012739,0.77181643,1.0361919,0.0,2,0,0,0
2532469112,32.3880041084013,-117.07652885417372,41.93774,6.208145,-0.0,-4.8098216,1.0508673,-0.17356332,3.0130305,0.7720501,1.0363499,0.0,2,0,0,0
2532669914,32.387995213954405,-117.07652737329909,41.945835,6.2054367,-0.0,-4.8271255,1.055762,-0.16896461,3.014002,0.77226394,1.0361099,0.0,2,0,0,0
2532877925,32.38798600224195,-117.0765258816788,41.960808,6.2093773,-0.0,-4.8376718,1.0366735,-0.14889322,3.0151453,0.77297914,1.0356823,0.0,2,0,0,0
2533078700,32.38797718992452,-117.07652444271076,41.981056,6.2192154,-0.0,-4.8103647,1.0240079,-0.15732254,3.0172434,0.7731836,1.035531,0.0,2,0,0,0
2533283539,32.38796817410156,-117.07652293749163,42.007423,6.235958,-0.0,-4.8681293,1.0284175,-0.15149073,3.0182793,0.7738968,1.0355678,0.0,2,0,0,0
2533483610,32.38795935746151,-117.07652144600463,42.038895,6.2577286,-0.0,-4.8297086,1.0243336,-0.09826387,3.0191975,0.77389485,1.0353823,0.0,2,0,0,0
2533691518,32.387950286027866,-117.07651992487077,42.058037,6.266594,-0.0,-4.7826962,0.98453027,-0.06691179,3.0201564,0.774553,1.0354114,0.0,2,0,0,0
2533892415,32.38794164356134,-117.07651847681392,42.059914,6.2579536,-0.0,-4.7473555,0.95879906,-0.020148795,3.0192473,0.77470106,1.0353241,0.0,2,0,0,0
2534097195,32.38793278664553,-117.07651700622993,42.06172,6.250126,-0.0,-4.7875404,0.9465778,-0.050541315,3.018484,0.7753359,1.0353616,0.0,2,0,0,0
2534297176,32.38792407851654,-117.07651552053343,42.076134,6.2545013,-0.0,-4.8282413,0.9504109,-0.08251162,3.0187018,0.7751487,1.0352169,0.0,2,0,0,0
2534497932,32.38791521333286,-117.07651401260951,42.10058,6.271015,-0.0,-4.907193,0.9590626,-0.056028396,3.0185716,0.77533793,1.0355239,0.0,2,0,0,0
2534705905,32.38790593293894,-117.0765123787698,42.11846,6.279415,-0.0,-4.8745275,0.93684036,-0.012534895,3.0191607,0.7759903,1.0355676,0.0,2,0,0,0
2534906681,32.38789701691318,-117.07651082023641,42.122715,6.27512,-0.0,-4.9374404,0.9394748,-0.03224057,3.020282,0.7761335,1.0354583,0.0,2,0,0,0
2535106769,32.387888041777494,-117.07650925126235,42.1455,6.2894363,-0.0,-4.938575,0.91231316,-0.060627855,3.0215034,0.7763945,1.0353762,0.0,2,0,0,0
2535307511,32.38787902897336,-117.0765076715531,42.169476,6.3042183,-0.0,-4.9864464,0.90488243,-0.031579275,3.0215397,0.7765635,1.035624,0.0,2,0,0,0
2535507525,32.387870108624895,-117.07650617557474,42.191216,6.3165894,-0.0,-4.9557343,0.8720944,-0.00042908025,3.0209045,0.77684414,1.0358661,0.0,2,0,0,0
2535708399,32.38786118309615,-117.07650471308783,42.21226,6.327854,-0.0,-4.987808,0.8581357,0.02561203,3.0202165,0.7770649,1.0360799,0.0,2,0,0,0
2535916333,32.387851949461634,-117.07650320834473,42.233223,6.3386993,-0.0,-5.0048614,0.84413284,0.04312237,3.0195467,0.77782094,1.035694,0.0,2,0,0,0
2536117210,32.387843069526,-117.07650183357028,42.241253,6.335781,-0.0,-4.937864,0.81337494,0.09919127,3.0194118,0.77808064,1.0355613,0.0,2,0,0,0
2536317129,32.3878342374478,-117.07650043474547,42.23423,6.3162727,-0.0,-4.9939137,0.8128032,0.10330279,3.020378,0.7782616,1.035464,0.0,2,0,0,0
2536525979,32.387825085496715,-117.07649904841323,42.209934,6.2804375,-0.0,-4.935946,0.7758519,0.1282075,3.0212178,0.7789331,1.0354916,0.0,2,0,0,0
2536725906,32.38781633486181,-117.07649774593891,42.193344,6.251198,-0.0,-4.9761868,0.7701435,0.05838572,3.0219061,0.77914244,1.0357605,0.0,2,0,0,0
2536926699,32.38780744734437,-117.07649642223765,42.190372,6.2347336,-0.0,-5.029968,0.75014687,0.023261128,3.022019,0.7793017,1.0356315,0.0,2,0,0,0
2537134687,32.387798177173416,-117.0764950268059,42.183853,6.213337,-0.0,-5.040407,0.7534761,0.03704573,3.0223532,0.7799424,1.0360373,0.0,2,0,0,0
2537333202,32.387789375113215,-117.07649364730524,42.171192,6.1859894,-0.0,-4.979659,0.74754107,0.035025727,3.0221412,0.7800486,1.0358747,0.0,2,0,0,0
2537539620,32.38778026652536,-117.07649220525572,42.148865,6.149082,-0.0,-4.9838037,0.729858,0.039287735,3.021372,0.7806189,1.035836,0.0,2,0,0,0
2537740309,32.387771412216495,-117.07649080262917,42.138103,6.1234055,-0.0,-5.004028,0.73583233,-0.031254254,3.0205517,0.7806051,1.0360099,0.0,2,0,0,0
2537948400,32.38776225179168,-117.07648932645425,42.139618,6.1092644,-0.0,-4.986259,0.7305851,0.0005562003,3.0205634,0.7812843,1.0360128,0.0,2,0,0,0
2538149181,32.38775348251119,-117.07648793536615,42.13349,6.087532,-0.0,-4.978568,0.7137878,-0.019237082,3.020864,0.7814167,1.0358517,0.0,2,0,0,0
2538349120,32.387744727570755,-117.07648650016344,42.131897,6.070053,-0.0,-4.9587884,0.708824,-0.03850744,3.0200336,0.781538,1.0357058,0.0,2,0,0,0
2538549988,32.38773591725982,-117.07648501795661,42.131187,6.055645,-0.0,-4.9726024,0.7042917,-0.034710076,3.0202594,0.7816718,1.0359216,0.0,2,0,0,0
2538757929,32.387726714020566,-117.07648346454249,42.12863,6.039242,-0.0,-5.0249534,0.71562153,-0.084823936,3.021601,0.78236943,1.0359303,0.0,2,0,0,0
2538958793,32.38771777082376,-117.07648195392333,42.128654,6.0262184,-0.0,-5.0103374,0.69402623,-0.048221245,3.023971,0.78257364,1.0357682,0.0,2,0,0,0
2539163624,32.38770871210015,-117.0764804881556,42.121086,6.0057564,-0.0,-5.020042,0.6553074,-0.044059385,3.024611,0.7833154,1.0361623,0.0,2,0,0,0
2539363517,32.38769980264363,-117.07647907221609,42.130966,6.0022926,-0.0,-5.0176167,0.6414317,-0.062354982,3.0240223,0.78323704,1.0363107,0.0,2,0,0,0
2539571673,32.38769049305443,-117.07647764940327,42.14843,5.994301,-0.0,-5.0368376,0.6112444,-0.06979038,3.023021,0.7839103,1.0362464,0.0,2,0,0,0
2539772305,32.38768153414518,-117.07647632341802,42.16373,5.9972153,-0.0,-5.0325704,0.6210943,-0.01961322,3.0213146,0.7841213,1.0364277,0.0,2,0,0,0
2539973098,32.387672576436636,-117.07647501449091,42.17836,5.9982452,-0.0,-4.99671,0.5958138,-0.00016223668,3.0199265,0.7843395,1.036565,0.0,2,0,0,0
2540173197,32.38766371842245,-117.07647369827426,42.172638,5.992523,-0.0,-4.9845443,0.5914913,0.0021190578,3.0182252,0.7845926,1.0367358,0.0,2,0,0,0
2540373918,32.38765479536335,-117.07647237680692,42.180984,5.9745407,-0.0,-5.0013356,0.58652997,-0.013332659,3.0169668,0.7845313,1.0364698,0.0,2,0,0,0
2540582040,32.38764548901604,-117.07647096557392,42.185173,5.9657288,-0.0,-4.9864006,0.5909393,0.007915581,3.0162535,0.7852746,1.0367817,0.0,2,0,0,0
2540782795,32.387636432607955,-117.07646956226337,42.16694,5.934864,-0.0,-5.0188656,0.6080755,0.024191987,3.0163968,0.78541934,1.0365117,0.0,2,0,0,0
2540982704,32.387627351070414,-117.07646815284652,42.140846,5.896755,-0.0,-5.036324,0.5859922,0.014058079,3.018234,0.7855535,1.0362774,0.0,2,0,0,0
2541187524,32.3876180516701,-117.07646671542837,42.121265,5.865139,-0.0,-5.0013022,0.6145231,-0.04637233,3.0199893,0.7861463,1.0361946,0.0,2,0,0,0
2541395511,32.38760871154809,-117.07646523212087,42.11755,5.8509026,-0.0,-4.904288,0.6130998,-0.08010678,3.0208938,0.78654784,1.036071,0.0,2,0,0,0
2541596340,32.38759990699179,-117.0764638209834,42.12171,5.84404,-0.0,-4.7074866,0.5801848,-0.06665974,3.0208461,0.7867046,1.0358852,0.0,2,0,0,0
2541796399,32.38759163148295,-117.07646255752704,42.124382,5.837269,-0.0,-4.4170985,0.5118866,-0.037580047,3.0219223,0.7868492,1.0357509,0.0,2,0,0,0
2542005108,32.387583463481754,-117.07646134436847,42.129105,5.8324966,-0.0,-4.1665583,0.48826107,-0.041119676,3.0218613,0.7875088,1.035751,0.0,2,0,0,0
2542205218,32.387576093027064,-117.07646032801289,42.13732,5.8312416,-0.0,-3.8596518,0.43945318,-0.052501354,3.022223,0.78769845,1.0359792,0.0,2,0,0,0
2542405928,32.38756924799196,-117.07645944151355,42.124302,5.8101006,-0.0,-3.544673,0.41028965,-0.011640763,3.0231452,0.775865,1.0358754,0.0,2,0,0,0
2542614047,32.38756276165592,-117.07645869635485,42.095917,5.7732964,-0.0,-3.201154,0.36324355,0.0037811354,3.0201643,0.77648443,1.0358357,0.0,2,0,0,0
2542814793,32.38755705382635,-117.07645816009537,42.045776,5.7159615,-0.0,-2.9082954,0.33357567,-0.040231887,3.0139475,0.7764817,1.03567,0.0,2,0,0,0
2543014693,32.38755182299287,-117.07645778321057,41.990643,5.6547775,-0.0,-2.6108391,0.28947696,-0.11635107,3.0082235,0.7884917,1.0358342,0.0,2,0,0,0
2543215501,32.38754698130112,-117.07645750176779,41.94567,5.6063805,-0.0,-2.4053655,0.27790532,-0.17826907,3.0056095,0.7764796,1.0357529,0.0,2,0,0,0
2543423600,32.387542383450665,-117.07645731066339,41.91439,5.573082,-0.0,-2.1927521,0.27870148,-0.1971209,3.0080044,0.77696687,1.0357364,0.0,2,0,0,0
2543624318,32.387538305672294,-117.07645720807551,41.893322,5.552479,-0.0,-1.9903214,0.24147408,-0.28772867,3.0150495,0.7770121,1.0355746,0.0,2,0,0,0
2543832411,32.387534579062766,-117.07645722496497,41.905212,5.566723,-0.0,-1.7294518,0.20757337,-0.307568,3.0244384,0.77752995,1.0355693,0.0,2,0,0,0
2544033184,32.38753137479813,-117.0764572562171,41.916782,5.582714,-0.0,-1.5410428,0.21130463,-0.24294628,3.031948,0.7775537,1.0354086,0.0,2,0,0,0
2544233191,32.387528524343956,-117.07645725628248,41.934204,5.606922,-0.0,-1.3476102,0.21588105,-0.24038865,3.0367422,0.77756435,1.0356666,0.0,2,0,0,0
2544434017,32.38752591901756,-117.0764572230981,41.988567,5.668911,-0.0,-1.2430402,0.2669809,-0.42751977,2.9161267,0.77758116,1.0355167,0.0,2,0,0,0
2544633882,32.38752351552429,-117.07645705177399,42.04657,5.735241,-0.0,-1.130109,0.31436947,-0.17766505,2.681208,0.77765614,1.0354061,0.0,2,0,0,0
2544838788,32.38752114462212,-117.07645681859809,42.032154,5.7298775,-0.0,-1.0307021,0.34781352,0.25309956,2.4082031,0.77819574,1.0354248,0.0,2,0,0,0
2545046772,32.38751881176149,-117.07645639807927,41.912994,5.6227226,-0.0,-0.976563,0.39657158,0.84439975,2.1155038,0.7784272,1.0357647,0.0,2,0,0,0
2545247506,32.387516713432255,-117.07645579189216,41.656815,5.379364,-0.0,-0.87679005,0.4264573,1.573086,1.8128741,0.77843523,1.0356201,0.0,2,0,0,0
2545447514,32.38751479349631,-117.07645506426769,41.301094,5.038784,-0.0,-0.7693034,0.4373525,1.8983672,1.5076852,0.7782907,1.0358521,0.0,2,0,0,0
2545652334,32.38751292786953,-117.07645417522858,40.926567,4.680313,-0.0,-0.7273605,0.51458454,1.9900193,1.1971022,0.7783267,1.0357859,0.0,2,0,0,0
2545853173,32.3875112348833,-117.07645315089107,40.553246,4.3245354,-0.0,-0.68690085,0.539346,2.032632,0.88939524,0.77809435,1.0360019,0.0,2,0,0,0
2546061093,32.38750975153488,-117.07645193808716,40.163063,3.9516869,-0.0,-0.6520824,0.5489448,2.0456898,0.5595825,0.7783563,1.0359634,0.0,2,0,0,0
2546262039,32.38750853860448,-117.07645078530058,39.786636,3.5958557,-0.0,-0.6103203,0.50353926,2.0412643,0.27350733,0.77812874,1.0361242,0.0,2,0,0,0
2546461955,32.38750742022246,-117.07644985742965,39.431747,3.2567558,-0.0,-0.62260425,0.44464865,1.9564394,0.079757944,0.77809465,1.0362941,0.0,2,0,0,0
2546670853,32.38750627388288,-117.07644898176947,39.09356,2.9334106,-0.0,-0.63830215,0.38266453,1.9574159,-0.03393095,0.7784792,1.0362077,0.0,2,0,0,0
2546870715,32.38750522648935,-117.07644825278119,38.746323,2.600315,-0.0,-0.6062591,0.27237865,2.0560417,-0.07256383,0.7785053,1.0359766,0.0,2,0,0,0
2547071511,32.387504211390976,-117.07644778262484,38.369125,2.236576,-0.0,-0.5997208,0.16724114,2.0637257,-0.067703776,0.7785784,1.0361685,0.0,2,0,0,0
2547279527,32.38750327227913,-117.07644744555924,37.98223,1.8642311,-0.0,-0.5218255,0.103525616,2.059578,-0.02618856,0.7791173,1.0357178,0.0,2,0,0,0
2547480321,32.38750257304832,-117.07644720584557,37.602726,1.4977684,-0.0,-0.42695484,0.024987943,2.1296806,0.018909227,0.7792582,1.0359277,0.0,2,0,0,0
2547680420,32.38750202508725,-117.07644716965538,37.209137,1.1181679,-0.0,-0.35067877,-0.058062196,2.187465,0.055697735,0.7794234,1.0357714,0.0,2,0,0,0
2547885204,32.38750159505442,-117.07644743052742,36.800484,0.72237015,-0.0,-0.2792723,-0.13186355,2.1906838,0.07043851,0.78009534,1.0361015,0.0,2,0,0,0
2548085099,32.38750117723678,-117.07644779135592,36.40577,0.3394699,-0.0,-0.25747293,-0.13822052,2.1397848,0.06358175,0.7802071,1.0358578,0.0,2,0,0,0
2548285908,32.387500725858914,-117.07644807143136,36.000156,-0.053894043,-0.0,-0.2568664,-0.14455615,2.1884832,0.0559726,0.78040177,1.0357062,0.0,2,0,0,0
2548493969,32.3875003276431,-117.07644833772699,35.568756,-0.47639847,-0.0,-0.26186505,-0.17254293,2.2266595,0.0615655,0.7811638,1.035704,0.0,2,0,0,0
2548690810,32.38749983892703,-117.07644845753994,35.17165,-0.8650551,-0.0,-0.3358091,-0.1131857,2.0789099,0.057804946,0.7814321,1.0355679,0.0,2,0,0,0
2548898702,32.387499180614086,-117.07644844834633,34.791847,-1.2368126,-0.0,-0.40199345,-0.043415245,1.8300236,0.055713624,0.78196543,1.0355365,0.0,2,0,0,0
2549099584,32.387498483949805,-117.07644830308742,34.482662,-1.5394249,-0.0,-0.39478377,-0.017690826,1.5907402,0.07287804,0.7822648,1.0354177,0.0,2,0,0,0
2549299501,32.387497776981824,-117.07644805748679,34.239986,-1.7741776,-0.0,-0.38935035,0.035695147,1.4742,0.09411682,0.78240186,1.0353308,0.0,2,0,0,0
2549500455,32.38749699721675,-117.07644775596262,34.011925,-1.9980087,-0.0,-0.37581083,0.064500764,1.3690863,0.102339745,0.78259563,1.0356017,0.0,2,0,0,0
2549708327,32.387496182815084,-117.07644745904565,33.78791,-2.2190208,-0.0,-0.33077797,0.07843422,1.331942,0.10341725,0.78342694,1.0356511,0.0,2,0,0,0
2549909157,32.387495376740205,-117.0764472127379,33.579967,-2.4254456,-0.0,-0.35763392,0.0515513,1.2522869,0.094296,0.7836176,1.0358979,0.0,2,0,0,0
2550109170,32.38749456045596,-117.07644710905399,33.382416,-2.6231384,-0.0,-0.34866184,0.0027143436,1.1894044,0.078111246,0.78378415,1.0353947,0.0,2,0,0,0
2550309908,32.387493801935086,-117.07644717556813,33.179985,-2.8277016,-0.0,-0.31494433,-0.044379476,1.1418937,0.05903426,0.7838178,1.035642,0.0,2,0,0,0
2550509997,32.38749308360844,-117.07644738737858,32.9822,-3.0280342,-0.0,-0.30812693,-0.07015997,1.0286497,0.039217394,0.78390473,1.0358894,0.0,2,0,0,0
2550718716,32.387492324986766,-117.07644777250766,32.793015,-3.220932,-0.0,-0.28137308,-0.08914051,0.9207479,0.02675958,0.78444564,1.0358751,0.0,2,0,0,0
2550919568,32.3874916432779,-117.07644823352607,32.648792,-3.369419,-0.0,-0.25444907,-0.100849755,0.8552069,0.021500025,0.7844858,1.0361042,0.0,2,0,0,0
2551119579,32.38749102400987,-117.07644870422996,32.519814,-3.504696,-0.0,-0.23574753,-0.097258724,0.8190754,0.021906532,0.78454405,1.0359322,0.0,2,0,0,0
2551319583,32.387490495005736,-117.07644912495503,32.381157,-3.6517563,-0.0,-0.21626908,-0.08460941,0.80818796,0.024562448,0.7845312,1.0361385,0.0,2,0,0,0
2551528423,32.387490026826306,-117.07644951252296,32.239063,-3.8026886,-0.0,-0.1626239,-0.054700147,0.73400575,0.026442291,0.78507596,1.0361038,0.0,2,0,0,0
2551729123,32.38748959250997,-117.07644979255646,32.114372,-3.9360313,-0.0,-0.1845603,-0.019472484,0.6900777,0.029530242,0.78495735,1.0359303,0.0,2,0,0,0
2551929186,32.387489104279,-117.07645004509381,32.006725,-4.053211,-0.0,-0.14722824,0.010949559,0.6024229,0.035064645,0.7849209,1.0354171,0.0,2,0,0,0
2552130015,32.38748861221429,-117.0764502340388,31.901402,-4.169895,-0.0,-0.15512283,0.052985303,0.5899349,0.041112095,0.7848178,1.0353122,0.0,2,0,0,0
2552338039,32.38748811734344,-117.07645032737437,31.784897,-4.3000717,-0.0,-0.12821332,0.09180786,0.5393385,0.044540606,0.7850463,1.0353693,0.0,2,0,0,0
2552538810,32.3874877791676,-117.07645031248744,31.672611,-4.423191,-0.0,-0.099531405,0.11191417,0.50568336,0.045392144,0.78496885,1.035274,0.0,2,0,0,0
2552746708,32.38748760193111,-117.07645021462073,31.572586,-4.5359764,-0.0,-0.033051718,0.123992175,0.38023564,0.04526275,0.78537405,1.0357265,0.0,2,0,0,0
2552947582,32.387487521482626,-117.07645015045578,31.496166,-4.625149,-0.0,-0.072730996,0.14015646,0.3605773,0.04530489,0.78521234,1.0355986,0.0,2,0,0,0
2553147501,32.387487357510906,-117.07645017796972,31.402775,-4.7315254,-0.0,-0.051148567,0.1564897,0.3384385,0.044692792,0.7851497,1.0358578,0.0,2,0,0,0
2553352349,32.387487240655815,-117.07645013179827,31.331795,-4.8153267,-0.0,-0.078626454,0.16085854,0.27682185,0.04479965,0.7855454,1.0358692,0.0,2,0,0,0
2553552338,32.387487223874096,-117.07645003328156,31.270226,-4.8889885,-0.0,-0.037060525,0.15284362,0.2691852,0.0467643,0.78524584,1.0360343,0.0,2,0,0,0
2553761192,32.38748726134044,-117.07645002179838,31.208714,-4.961628,-0.0,-0.026936447,0.14561659,0.2511844,0.047350083,0.78566664,1.0359954,0.0,2,0,0,0
2553961180,32.38748728167771,-117.07645001766595,31.156794,-5.02413,-0.0,-0.039716356,0.14413306,0.27257597,0.049607586,0.7855472,1.036233,0.0,2,0,0,0
2554162019,32.387487248649755,-117.07645007179751,31.081306,-5.109974,-0.0,-0.04447774,0.10573842,0.46522078,0.051688284,0.7853942,1.036037,0.0,2,0,0,0
2554369926,32.38748720159102,-117.0764501205601,30.943138,-5.265541,-0.0,-0.054132704,0.093600996,0.8779077,0.048311114,0.7857495,1.0359935,0.0,2,0,0,0
2554566725,32.38748716698176,-117.0764501745152,30.7215,-5.4947433,-0.0,-0.069566235,0.07956823,1.3848447,0.036295164,0.78560454,1.03619,0.0,2,0,0,0
2554775586,32.38748713618693,-117.07645035034568,30.375294,-5.8471375,-0.0,-0.08827512,0.055600855,1.8499473,0.018509522,0.78576463,1.0364606,0.0,2,0,0,0
2554975573,32.38748699484402,-117.07645051482118,29.973328,-6.254936,-0.0,-0.20471586,0.023347555,1.9889632,0.006959817,0.78561044,1.0362611,0.0,2,0,0,0
2555175513,32.38748663643596,-117.07645068057383,29.539186,-6.6950397,-0.0,-0.25596544,0.047767565,2.0059,-0.0014549054,0.78541756,1.0364344,0.0,2,0,0,0
2555376385,32.38748623992342,-117.07645074547503,29.10183,-7.138836,-0.0,-0.22699869,0.109340265,1.9347259,0.008093168,0.7852759,1.0362011,0.0,2,0,0,0
2555584325,32.387485971590046,-117.07645071678164,28.652283,-7.594265,-0.0,-0.0957415,0.10595172,1.8792872,0.02363376,0.78567684,1.0365373,0.0,2,0,0,0
2555785205,32.387485881815834,-117.07645070599544,28.241575,-8.009508,-0.0,-0.033931475,0.104510225,1.787507,0.036407456,0.7855538,1.0362916,0.0,2,0,0,0
2555985160,32.38748580777486,-117.07645072941628,27.863197,-8.39212,-0.0,-0.020918565,0.10706563,1.6992656,0.05046027,0.78550994,1.0364621,0.0,2,0,0,0
2556193995,32.38748571357004,-117.07645069615758,27.492453,-8.766195,-0.0,-0.05473491,0.11383444,1.6954736,0.07424037,0.7859763,1.0363581,0.0,2,0,0,0
2556393970,32.387485606609665,-117.07645062741334,27.131784,-9.128771,-0.0,-0.030541522,0.12626693,1.7168572,0.08547692,0.7859396,1.0361634,0.0,2,0,0,0
2556598788,32.387485546399,-117.0764504885931,26.765852,-9.495825,-0.0,0.029752707,0.18521573,1.7451024,0.08188955,0.78625965,1.0360606,0.0,2,0,0,0
2556799498,32.38748559042781,-117.0764501951022,26.404675,-9.857964,-0.0,0.054348815,0.2202612,1.7507827,0.0722648,0.786266,1.03589,0.0,2,0,0,0
2556999558,32.38748564263682,-117.07644983644468,26.056026,-10.208855,-0.0,0.04447545,0.2456414,1.759636,0.063298136,0.7863891,1.0357643,0.0,2,0,0,0
2557199525,32.38748570801734,-117.07644949553566,25.693377,-10.573389,-0.0,0.06243256,0.20863552,1.8275692,0.061070256,0.78639907,1.0356153,0.0,2,0,0,0
2557408396,32.3874858232169,-117.07644921804506,25.306816,-10.962067,-0.0,0.07212707,0.159886,1.8183715,0.053230796,0.7870619,1.0356431,0.0,2,0,0,0
2557609117,32.38748600033709,-117.07644903249229,24.948181,-11.322937,-0.0,0.08818996,0.109233946,1.8161439,0.046092216,0.77508986,1.0355799,0.0,2,0,0,0
2557809190,32.387486059096986,-117.07644894380326,24.588629,-11.683828,-0.0,0.0007427158,0.11474147,1.8649151,0.02485759,0.78734136,1.0357524,0.0,2,0,0,0
2558013911,32.387486009751,-117.07644885408587,24.226372,-12.047405,-0.0,-0.021555955,0.12032666,1.9022478,0.019440573,0.7757573,1.0358078,0.0,2,0,0,0
2558214023,32.38748603372904,-117.07644868948724,23.84637,-12.426884,-0.0,-0.0012357186,0.1268888,2.037148,0.014123308,0.78785425,1.0362555,0.0,2,0,0,0
2558414730,32.38748611163325,-117.07644852499648,23.465588,-12.807941,-0.0,0.0022162683,0.13986558,1.9224123,-0.0005193733,0.7877537,1.0360378,0.0,2,0,0,0
2558622774,32.38748612024389,-117.07644842378575,23.115183,-13.158808,-0.0,0.0015047608,0.086854994,1.6179872,-0.014049802,0.7760674,1.0360751,0.0,2,0,0,0
2558819506,32.38748614015527,-117.07644852024958,22.87988,-13.396215,-0.0,0.011595628,0.04858203,1.090447,0.00016178204,0.77615494,1.035882,0.0,2,0,0,0
2559027487,32.38748614340097,-117.07644865378207,22.733034,-13.547869,-0.0,0.013611387,0.03884421,0.66718143,0.03334102,0.7765368,1.0354239,0.0,2,0,0,0
2559228320,32.387486083377354,-117.07644881939513,22.648357,-13.639168,-0.0,-0.028003847,0.03588789,0.4965539,0.06324787,0.77666956,1.0356518,0.0,2,0,0,0
2559428427,32.38748591296004,-117.07644911872471,22.582056,-13.712702,-0.0,-0.05606664,0.028658502,0.4517995,0.077485844,0.77686983,1.0358697,0.0,2,0,0,0
2559629113,32.387485798445255,-117.07644949020734,22.503342,-13.799675,-0.0,-0.0148487035,0.0011368282,0.50754744,0.07667264,0.7770133,1.0360551,0.0,2,0,0,0
2559837207,32.38748570089498,-117.07644985641363,22.408886,-13.901791,-0.0,0.009234825,0.007055322,0.50061184,0.07190899,0.7777153,1.0356323,0.0,2,0,0,0
2560037909,32.38748555029952,-117.0764501412677,22.320747,-13.997181,-0.0,-0.0125414645,0.02015411,0.5133971,0.06768912,0.7778635,1.0354811,0.0,2,0,0,0
2560237920,32.38748540660742,-117.07645038334516,22.234394,-14.090664,-0.0,-0.003220613,0.0496011,0.49241126,0.06600203,0.77799827,1.0357442,0.0,2,0,0,0
2560442724,32.38748526351916,-117.07645062075571,22.142622,-14.189085,-0.0,-0.002365883,0.079922825,0.52408546,0.066615395,0.77858996,1.0357422,0.0,2,0,0,0
2560642785,32.38748507485569,-117.07645067561089,22.044939,-14.2931,-0.0,0.011206525,0.108852945,0.5037606,0.06733786,0.7785118,1.0355357,0.0,2,0,0,0
2560843504,32.387484891927286,-117.07645058989641,21.949392,-14.394438,-0.0,0.0053285337,0.13478252,0.47283745,0.067227215,0.77858204,1.0361426,0.0,2,0,0,0
2561043483,32.38748475947968,-117.07645044843804,21.85183,-14.498383,-0.0,0.0007669218,0.1480834,0.46035075,0.06615965,0.778626,1.0359576,0.0,2,0,0,0
2561244413,32.387484713106026,-117.07645027693421,21.759064,-14.597855,-0.0,0.061402496,0.16808112,0.4321934,0.064367674,0.7785612,1.0361419,0.0,2,0,0,0
2561452400,32.387484608677646,-117.07645005618156,21.664478,-14.698769,-0.0,0.08057727,0.1627023,0.41251826,0.060323857,0.7790612,1.0360838,0.0,2,0,0,0
2561653199,32.38748453040655,-117.07644984035733,21.579062,-14.790838,-0.0,0.07248463,0.17824961,0.3855657,0.05757329,0.7790297,1.035864,0.0,2,0,0,0
2561853233,32.38748446680464,-117.07644970349605,21.492191,-14.884781,-0.0,0.10374696,0.15328558,0.4010025,0.053483848,0.7790353,1.0357001,0.0,2,0,0,0
2562054003,32.387484400234975,-117.07644958228337,21.39431,-14.989246,-0.0,0.109824285,0.13222446,0.41448367,0.05017165,0.7790071,1.0355574,0.0,2,0,0,0
2562261936,32.38748430521914,-117.0764493682505,21.288216,-15.102154,-0.0,0.06765687,0.15420249,0.3827325,0.045789793,0.77950865,1.035567,0.0,2,0,0,0
2562462836,32.38748416022344,-117.0764491907975,21.190636,-15.20557,-0.0,0.06841745,0.13819778,0.3461263,0.04041406,0.7794797,1.0354497,0.0,2,0,0,0
2562662775,32.38748401403156,-117.07644909786686,21.101446,-15.299917,-0.0,0.08125609,0.12796785,0.35485998,0.033123158,0.7794896,1.035003,0.0,2,0,0,0
2562867570,32.3874839404828,-117.07644905021385,21.003723,-15.401936,-0.0,0.124810465,0.09820227,0.3484729,0.023135042,0.77978784,1.0350324,0.0,2,0,0,0
2563068418,32.38748399932726,-117.07644903494231,20.911667,-15.497494,-0.0,0.15919295,0.09316485,0.34008214,0.013068822,0.77973884,1.0353454,0.0,2,0,0,0
2563268327,32.38748403756507,-117.07644906633983,20.826693,-15.585939,-0.0,0.13764562,0.06974208,0.3522658,0.009604917,0.77975285,1.0352819,0.0,2,0,0,0
2563477192,32.387483999291995,-117.0764491806461,20.740572,-15.675657,-0.0,0.1421989,0.043311633,0.35015258,0.015363657,0.7802584,1.0353236,0.0,2,0,0,0
2563677200,32.38748395546891,-117.07644930187779,20.645496,-15.774052,-0.0,0.13169138,0.04552048,0.38822114,0.024347652,0.780326,1.0352453,0.0,2,0,0,0
2563877965,32.387483910891234,-117.07644938969588,20.560759,-15.862326,-0.0,0.16396171,0.032860205,0.34041545,0.030594034,0.7803312,1.0355158,0.0,2,0,0,0
2564085909,32.38748397647112,-117.07644947920633,20.482786,-15.945154,-0.0,0.19610865,0.035670206,0.35061365,0.039100334,0.78080636,1.0359354,0.0,2,0,0,0
2564286813,32.387484119002785,-117.07644962621272,20.41784,-16.015648,-0.0,0.25346056,-0.034116857,-0.13595758,0.04870195,0.78064793,1.0357674,0.0,2,0,0,0
2564486699,32.38748419317293,-117.07644977868578,20.43223,-16.007078,-0.0,0.20924331,0.007809641,0.043765012,0.035471972,0.78069425,1.0356365,0.0,2,0,0,0
2564691510,32.38748421362101,-117.07644987314119,20.432182,-16.014416,-0.0,0.19973636,0.06042527,0.02706624,0.035782807,0.7812022,1.0355734,0.0,2,0,0,0
2564891571,32.38748423723681,-117.07644986677307,20.441967,-16.01123,-0.0,0.17975684,0.0726733,-0.0305745,0.03381055,0.7810323,1.0359988,0.0,2,0,0,0
2565092397,32.387484272431024,-117.0764498740248,20.46345,-15.997072,-0.0,0.17387317,0.06623125,-0.031600058,0.03310188,0.7809447,1.0356252,0.0,2,0,0,0
2565300330,32.38748428246484,-117.07644989542453,20.47481,-15.992662,-0.0,0.16852465,0.06825897,-0.027764546,0.032772105,0.78144807,1.0350132,0.0,2,0,0,0
2565501211,32.38748425398918,-117.07644994547573,20.485298,-15.989525,-0.0,0.15177335,0.068299435,-0.03676478,0.031863805,0.7814083,1.0350001,0.0,2,0,0,0
2565701121,32.38748419934967,-117.07645001192459,20.485746,-15.9961605,-0.0,0.14378916,0.060973417,-0.03673266,0.031898946,0.7814677,1.0346149,0.0,2,0,0,0
2565909978,32.38748412941005,-117.07645007445048,20.487152,-16.001465,-0.0,0.12892787,0.055075698,-0.043215938,0.031897943,0.7819997,1.0343655,0.0,2,0,0,0
2566109964,32.387484058202695,-117.07645011953005,20.489262,-16.006207,-0.0,0.11378904,0.0484575,-0.035001427,0.032131746,0.78213996,1.0340081,0.0,2,0,0,0
2566310700,32.387484022584616,-117.0764501655466,20.488037,-16.014282,-0.0,0.10942317,0.04912195,-0.0365607,0.031730182,0.7821705,1.0340022,0.0,2,0,0,0
2566518777,32.387483998490794,-117.07645022434251,20.489288,-16.019333,-0.0,0.10009215,0.039517496,-0.034385566,0.031720698,0.7828256,1.0334765,0.0,2,0,0,0
2566715652,32.38748397106269,-117.07645026484535,20.49245,-16.02235,-0.0,0.092831306,0.04403849,-0.033055063,0.031307217,0.782829,1.0335248,0.0,2,0,0,0
2566923490,32.387483944909015,-117.0764503162956,20.486868,-16.033213,-0.0,0.083497785,0.03776784,-0.03249604,0.03161058,0.7832352,1.0333498,0.0,2,0,0,0
2567124400,32.38748391410414,-117.07645038291838,20.474358,-16.051155,-0.0,0.07199342,0.03358159,-0.029485166,0.03156774,0.7832501,1.0334704,0.0,2,0,0,0
2567324336,32.38748388732826,-117.07645045438962,20.46505,-16.065708,-0.0,0.06160109,0.0284485,-0.02175178,0.03165793,0.7832382,1.0333155,0.0,2,0,0,0
2567525182,32.387483865636966,-117.07645051190201,20.45365,-16.081774,-0.0,0.054358296,0.026256956,-0.016756652,0.03167527,0.7831595,1.0331811,0.0,2,0,0,0
