timestamp,timestamp_sample,control[0],control[1],control[2],control[3],control[4],control[5],control[6],control[7]
2480611279,2480611204,0.07634851,0.018556746,0.010617616,0.0,0.0,0.0,0.0,0.0
2480715276,2480715198,0.0757308,0.018423123,-0.0019380125,0.0,0.0,0.0,0.0,0.0
2480816132,2480815991,0.07976249,0.02515314,0.0014233885,0.0,0.0,0.0,0.0,0.0
2480916078,2480916000,0.07126237,0.018953124,-0.004611155,0.0,0.0,0.0,0.0,0.0
2481020070,2481019990,0.06768356,-0.0031683426,-0.00391921,0.0,0.0,0.0,0.0,0.0
2481124068,2481123989,0.07161079,0.0056712804,-0.008108482,0.0,0.0,0.0,0.0,0.0
2481224843,2481224768,0.07597986,0.020395868,-0.00566236,0.0,0.0,0.0,0.0,0.0
2481328843,2481328768,0.084188044,0.032554157,-0.0026203932,0.0,0.0,0.0,0.0,0.0
2481428867,2481428789,0.07594442,0.039808508,0.001656016,0.0,0.0,0.0,0.0,0.0
2481528864,2481528790,0.07256153,0.025437176,-0.001815869,0.0,0.0,0.0,0.0,0.0
2481629664,2481629590,0.08053213,0.001844719,0.00967092,0.0,0.0,0.0,0.0,0.0
2481733661,2481733587,0.070563495,0.010629829,0.007782265,0.0,0.0,0.0,0.0,0.0
2481833664,2481833590,0.08720063,0.012756225,0.009451507,0.0,0.0,0.0,0.0,0.0
2481937663,2481937589,0.07103062,0.028808076,0.0072383857,0.0,0.0,0.0,0.0,0.0
2482038494,2482038413,0.071511194,0.0376397,0.001412732,0.0,0.0,0.0,0.0,0.0
2482138464,2482138390,0.07183087,0.0121495975,0.0009914257,0.0,0.0,0.0,0.0,0.0
2482242450,2482242369,0.062202204,0.03536085,-0.002712425,0.3727216,0.0,0.0,0.0,0.0
2482343271,2482343194,-0.015886784,0.029622667,-0.0030212048,0.5863145,0.0,0.0,0.0,0.0
2482443269,2482443193,-0.03947754,-0.032761056,-0.010954685,0.70477426,0.0,0.0,0.0,0.0
2482543267,2482543192,-0.081870124,0.006854357,-0.008892877,0.7435971,0.0,0.0,0.0,0.0
2482647276,2482647197,-0.038776435,0.0025395616,-0.017760871,0.76238626,0.0,0.0,0.0,0.0
2482748076,2482747997,-0.033405412,-0.00860811,-0.010671442,0.46603253,0.0,0.0,0.0,0.0
2482848089,2482848008,-0.05660449,-0.012070874,-0.0067167953,0.23869036,0.0,0.0,0.0,0.0
2482952075,2482951996,-0.04651388,-0.036227822,-0.004812613,0.13007389,0.0,0.0,0.0,0.0
2483052079,2483051996,0.16264184,-0.21714024,-0.029006215,0.12405068,0.0,0.0,0.0,0.0
2483152844,2483152768,0.22751915,-0.104370676,-0.043089498,0.24944204,0.0,0.0,0.0,0.0
2483256844,2483256768,-0.13622528,0.097648315,-0.021380037,0.3674728,0.0,0.0,0.0,0.0
2483356844,2483356768,-0.057375286,0.00513128,-0.014995988,0.43196693,0.0,0.0,0.0,0.0
2483456871,2483456796,-0.026340589,-0.0059098653,-0.012103978,0.46317157,0.0,0.0,0.0,0.0
2483561702,2483561590,-0.070837624,-0.01914657,0.008030304,0.48367295,0.0,0.0,0.0,0.0
2483661702,2483661590,0.011432333,-0.054935846,-0.013260951,0.47824264,0.0,0.0,0.0,0.0
2483761737,2483761621,-0.008164684,-0.003910032,-0.0015829192,0.4801917,0.0,0.0,0.0,0.0
2483865665,2483865590,-0.017268334,-0.05318523,-0.014139025,0.47032157,0.0,0.0,0.0,0.0
2483966465,2483966390,-0.019367035,-0.007241551,-0.011545114,0.46620464,0.0,0.0,0.0,0.0
2484066465,2484066389,-0.024596766,-0.049680404,-0.02152435,0.46555418,0.0,0.0,0.0,0.0
2484170465,2484170390,-0.029430624,-0.016500458,-0.021555716,0.47807142,0.0,0.0,0.0,0.0
2484271283,2484271208,-0.021540208,-0.005031352,-0.021894852,0.4800372,0.0,0.0,0.0,0.0
2484371269,2484371193,-0.029918289,-0.037158784,-0.030150509,0.4766582,0.0,0.0,0.0,0.0
2484475272,2484475193,-0.0032472024,-0.054248005,-0.011631034,0.47655767,0.0,0.0,0.0,0.0
2484579270,2484579191,0.0074161906,-0.056622177,-0.018285077,0.48594493,0.0,0.0,0.0,0.0
2484679274,2484679198,-0.01724964,-0.02660082,-0.002532499,0.47743875,0.0,0.0,0.0,0.0
2484780084,2484780002,-0.034570746,0.011453417,0.0065353136,0.47747526,0.0,0.0,0.0,0.0
2484884126,2484883990,-0.025420418,-0.05748409,0.0037284028,0.48571408,0.0,0.0,0.0,0.0
2484988078,2484987997,0.0055817803,-0.060476214,-0.0032573573,0.48641518,0.0,0.0,0.0,0.0
2485088844,2485088768,-0.013460319,-0.044318553,0.005627886,0.48701888,0.0,0.0,0.0,0.0
2485192844,2485192768,0.010205597,-0.073363826,-0.002911629,0.49404752,0.0,0.0,0.0,0.0
2485292844,2485292768,0.0012394004,-0.051679246,0.008980976,0.49185514,0.0,0.0,0.0,0.0
2485392844,2485392768,-0.018875815,-0.045521453,0.0015496854,0.4931169,0.0,0.0,0.0,0.0
2485493671,2485493596,-0.01660557,-0.042068336,0.004814055,0.49397254,0.0,0.0,0.0,0.0
2485597674,2485597595,0.0044441437,-0.06622573,0.0011090068,0.48550743,0.0,0.0,0.0,0.0
2485697674,2485697596,0.004641451,-0.055801865,0.007871956,0.48914123,0.0,0.0,0.0,0.0
2485801711,2485801595,-0.024873247,-0.0599408,0.0034757406,0.49044883,0.0,0.0,0.0,0.0
2485902458,2485902383,-0.03381999,-0.06653577,0.013224186,0.49430662,0.0,0.0,0.0,0.0
2486002465,2486002390,-0.018583912,-0.05961007,0.013965877,0.5095442,0.0,0.0,0.0,0.0
2486106474,2486106390,0.0075535756,-0.034796625,0.0110267345,0.5061803,0.0,0.0,0.0,0.0
2486206466,2486206390,0.0016783499,-0.019242782,0.00073214294,0.50726354,0.0,0.0,0.0,0.0
2486307267,2486307191,-0.021350797,-0.05494283,0.0115671,0.511975,0.0,0.0,0.0,0.0
2486407270,2486407191,0.01316544,-0.0942886,-0.0072591417,0.50791746,0.0,0.0,0.0,0.0
2486511272,2486511194,-0.021925617,-0.013867917,0.0050388398,0.5181635,0.0,0.0,0.0,0.0
2486611264,2486611193,0.006718041,-0.09502998,-0.008733607,0.5324512,0.0,0.0,0.0,0.0
2486712081,2486712002,-0.0051958165,-0.02937575,-0.007303685,0.5376131,0.0,0.0,0.0,0.0
2486816074,2486815990,0.011911228,-0.0051748846,-0.0019989014,0.530978,0.0,0.0,0.0,0.0
2486916068,2486915990,-0.035236094,-0.07128532,-0.012191804,0.5300411,0.0,0.0,0.0,0.0
2487016067,2487015990,-0.01025315,-0.0204243,-0.00680295,0.52525526,0.0,0.0,0.0,0.0
2487120847,2487120771,-0.02348142,-0.034007475,-0.0033289497,0.52646214,0.0,0.0,0.0,0.0
2487220844,2487220768,-0.017581236,-0.039367612,-0.022251667,0.6311327,0.0,0.0,0.0,0.0
2487320844,2487320768,-0.009067585,-0.09033295,-0.021448622,0.7235604,0.0,0.0,0.0,0.0
2487424844,2487424768,-0.01224228,-0.120056555,-0.008579159,0.5885868,0.0,0.0,0.0,0.0
2487525665,2487525590,-0.026170496,-0.06925688,-0.001797892,0.5098641,0.0,0.0,0.0,0.0
2487625689,2487625612,0.016368296,-0.021034446,-0.0054434,0.5001122,0.0,0.0,0.0,0.0
2487729643,2487729567,-0.011266085,-0.058724083,-0.006369788,0.50925016,0.0,0.0,0.0,0.0
2487830477,2487830389,-0.0060956143,-0.061195184,-0.002681364,0.5186006,0.0,0.0,0.0,0.0
2487930465,2487930390,0.0006435262,-0.05327289,0.0016470782,0.52130985,0.0,0.0,0.0,0.0
2488034466,2488034390,-0.022257525,-0.07296267,0.0011702743,0.524102,0.0,0.0,0.0,0.0
2488139250,2488139171,0.005358604,-0.06588736,-0.0012864185,0.5234267,0.0,0.0,0.0,0.0
2488239247,2488239171,0.0009213346,-0.06613881,0.006731473,0.52281505,0.0,0.0,0.0,0.0
2488339271,2488339195,-0.007971598,-0.10609624,-0.002508291,0.51597583,0.0,0.0,0.0,0.0
2488443273,2488443191,-0.011921301,-0.047402352,0.0050373394,0.5162753,0.0,0.0,0.0,0.0
2488543268,2488543192,-0.011861624,-0.08617666,-0.0031342427,0.5176338,0.0,0.0,0.0,0.0
2488644088,2488644002,0.012988707,-0.06370314,0.00500072,0.5196182,0.0,0.0,0.0,0.0
2488748071,2488747990,-0.009199999,-0.0757143,0.0039318847,0.5266617,0.0,0.0,0.0,0.0
2488848067,2488847990,0.0026016403,-0.052985564,0.009868207,0.51623726,0.0,0.0,0.0,0.0
2488948134,2488947990,0.013704787,-0.04202909,-0.002151196,0.50418776,0.0,0.0,0.0,0.0
2489052883,2489052796,-0.015165132,-0.071329266,0.0020505562,0.5192133,0.0,0.0,0.0,0.0
2489152852,2489152776,0.024871334,-0.06799658,-0.0053508277,0.5215232,0.0,0.0,0.0,0.0
2489252844,2489252768,-0.016614228,-0.038713224,0.0109458715,0.5316477,0.0,0.0,0.0,0.0
2489356875,2489356796,0.0119278785,-0.062181003,0.00027233257,0.52071714,0.0,0.0,0.0,0.0
2489461708,2489461596,0.07297219,-0.10830542,0.107020676,0.5221551,0.0,0.0,0.0,0.0
2489561708,2489561595,0.030481828,-0.067080624,0.1999203,0.51740664,0.0,0.0,0.0,0.0
2489665676,2489665601,-0.014521245,-0.072936974,0.25289306,0.49659607,0.0,0.0,0.0,0.0
2489765677,2489765601,-0.077798374,-0.15781681,0.17688413,0.48068157,0.0,0.0,0.0,0.0
2489866471,2489866396,-0.06283352,-0.10350949,0.12706044,0.46709624,0.0,0.0,0.0,0.0
2489970472,2489970390,-0.04378704,-0.062124074,0.10634966,0.4698351,0.0,0.0,0.0,0.0
2490070465,2490070389,-0.050208524,-0.089624405,0.08785356,0.47386312,0.0,0.0,0.0,0.0
2490171252,2490171176,-0.049335185,-0.06561635,0.07539298,0.4770861,0.0,0.0,0.0,0.0
2490271250,2490271175,-0.06972158,-0.03932976,0.0689656,0.48094612,0.0,0.0,0.0,0.0
2490375293,2490375208,-0.09800351,-0.056110464,0.064328715,0.49222255,0.0,0.0,0.0,0.0
2490475275,2490475196,-0.09719247,-0.044209816,0.064038284,0.49046227,0.0,0.0,0.0,0.0
2490576088,2490576002,-0.098128736,0.0037348503,0.06463342,0.48728934,0.0,0.0,0.0,0.0
2490680074,2490679989,-0.072210975,-0.018487655,0.074309096,0.48524892,0.0,0.0,0.0,0.0
2490780073,2490779996,-0.094936244,-0.017500985,0.07630297,0.47806597,0.0,0.0,0.0,0.0
2490880073,2490879996,-0.082217164,0.008241657,0.07199699,0.46799937,0.0,0.0,0.0,0.0
2490983274,2490983199,-0.077343404,0.025303582,0.06718732,0.4535289,0.0,0.0,0.0,0.0
2491084866,2491084790,-0.027168563,0.0718018,0.069468975,0.4366718,0.0,0.0,0.0,0.0
2491184844,2491184768,-0.03362702,0.03523108,0.056591086,0.43957567,0.0,0.0,0.0,0.0
2491288844,2491288768,-0.045344137,0.08128163,0.0459905,0.4448299,0.0,0.0,0.0,0.0
2491389665,2491389590,-0.039296437,0.07964942,0.04174809,0.45186174,0.0,0.0,0.0,0.0
2491489638,2491489561,-0.018026423,0.10765239,0.038414158,0.44996607,0.0,0.0,0.0,0.0
2491593675,2491593590,0.00010130741,0.08740523,0.032698095,0.45365247,0.0,0.0,0.0,0.0
2491697665,2491697590,0.012546016,0.052914117,0.045916684,0.45948568,0.0,0.0,0.0,0.0
2491798465,2491798390,0.009178548,0.055858713,0.04912821,0.46218917,0.0,0.0,0.0,0.0
2491902471,2491902390,0.020321235,0.060964152,0.052795187,0.46847934,0.0,0.0,0.0,0.0
2492002465,2492002390,0.062900834,0.032259688,0.04057859,0.48459983,0.0,0.0,0.0,0.0
2492102465,2492102390,0.0581775,0.017787594,0.03267452,0.4971906,0.0,0.0,0.0,0.0
2492203246,2492203171,0.022530371,0.008983476,0.030190991,0.51035184,0.0,0.0,0.0,0.0
2492307283,2492307207,0.04764641,-0.010212601,0.022290573,0.5186954,0.0,0.0,0.0,0.0
2492407284,2492407208,0.039172865,-0.027119946,-0.01812483,0.51505506,0.0,0.0,0.0,0.0
2492511267,2492511192,0.014400057,-0.049895547,0.013004724,0.5058569,0.0,0.0,0.0,0.0
2492612070,2492611991,0.035860017,-0.017831132,0.06745206,0.50568837,0.0,0.0,0.0,0.0
2492712073,2492711996,0.02029729,-0.011809923,0.07691406,0.49922252,0.0,0.0,0.0,0.0
2492812073,2492811996,0.022644622,-0.06475589,0.09065654,0.50016993,0.0,0.0,0.0,0.0
2492916872,2492916796,-0.016442325,-0.08071408,0.07351692,0.5114877,0.0,0.0,0.0,0.0
2493016865,2493016789,-0.040726144,-0.044535704,0.06652996,0.5151959,0.0,0.0,0.0,0.0
2493116864,2493116789,-0.00042021065,-0.07226466,0.06752899,0.5113807,0.0,0.0,0.0,0.0
2493220844,2493220768,-0.043462068,-0.08152615,0.055259578,0.49797806,0.0,0.0,0.0,0.0
2493321705,2493321590,-0.062381465,-0.03164906,0.0434112,0.4823106,0.0,0.0,0.0,0.0
2493421723,2493421614,-0.06390255,-0.058004793,0.03469208,0.4630799,0.0,0.0,0.0,0.0
2493525665,2493525589,-0.07032583,-0.020365635,0.03816814,0.45163652,0.0,0.0,0.0,0.0
2493625664,2493625589,-0.0920161,-0.06768898,0.031521965,0.4491847,0.0,0.0,0.0,0.0
2493726465,2493726390,-0.23945755,0.028490456,0.043502353,0.45358622,0.0,0.0,0.0,0.0
2493830472,2493830394,0.043044306,0.021250801,0.054721355,0.4231926,0.0,0.0,0.0,0.0
2493930471,2493930396,-0.05291204,-0.0062024724,0.060193107,0.43638095,0.0,0.0,0.0,0.0
2494030471,2494030390,-0.056995623,0.0114112785,0.06891074,0.4366654,0.0,0.0,0.0,0.0
2494135247,2494135171,-0.06004362,0.04487897,0.07895574,0.43616128,0.0,0.0,0.0,0.0
2494235247,2494235171,-0.032994326,0.039352775,0.07509849,0.44159642,0.0,0.0,0.0,0.0
2494335251,2494335176,-0.050579727,0.07247039,0.063157976,0.433608,0.0,0.0,0.0,0.0
2494439267,2494439192,-0.021035418,0.0968346,0.060828928,0.40704286,0.0,0.0,0.0,0.0
2494540071,2494539989,0.0024349382,0.13431172,0.058276765,0.38133362,0.0,0.0,0.0,0.0
2494640067,2494639990,-0.041571867,0.06130176,-0.39891878,0.39659783,0.0,0.0,0.0,0.0
2494744073,2494743996,-0.0484006,0.09777643,-0.2703505,0.38011423,0.0,0.0,0.0,0.0
2494844073,2494843996,-0.040373813,0.0707356,-0.18239078,0.36894816,0.0,0.0,0.0,0.0
2494944878,2494944803,0.050242763,0.048130438,-0.117124885,0.38828215,0.0,0.0,0.0,0.0
2495044871,2495044796,0.03926222,0.0073168003,-0.080933765,0.41618785,0.0,0.0,0.0,0.0
2495148874,2495148795,-0.0021212501,0.12363807,-0.049209267,0.4386143,0.0,0.0,0.0,0.0
2495248844,2495248768,-0.0033705358,0.09743382,-0.030339679,0.45209655,0.0,0.0,0.0,0.0
2495349674,2495349595,0.004002157,0.070667446,-0.029206825,0.4581276,0.0,0.0,0.0,0.0
2495453669,2495453591,0.016174214,0.046992157,-0.017917717,0.46897912,0.0,0.0,0.0,0.0
2495553679,2495553596,0.013447279,0.06330489,-0.031930953,0.4751837,0.0,0.0,0.0,0.0
2495653671,2495653596,0.00779193,0.03304162,-0.036584683,0.47692686,0.0,0.0,0.0,0.0
2495758468,2495758390,0.0014120359,0.025519945,-0.04567025,0.4831263,0.0,0.0,0.0,0.0
2495858465,2495858390,0.00075641484,0.053876534,-0.042274795,0.4821282,0.0,0.0,0.0,0.0
2495962471,2495962390,0.022267083,-0.0134944385,-0.053971644,0.48768395,0.0,0.0,0.0,0.0
2496063260,2496063184,0.005449505,0.030797621,-0.045121208,0.4887825,0.0,0.0,0.0,0.0
2496163249,2496163173,0.0013441406,0.040085502,-0.040051408,0.48846486,0.0,0.0,0.0,0.0
2496263249,2496263173,0.01253425,0.017993122,-0.041642647,0.4914134,0.0,0.0,0.0,0.0
2496367253,2496367178,0.00072789565,0.02495502,-0.03248269,0.4906055,0.0,0.0,0.0,0.0
2496468069,2496467989,0.002160538,0.0024596343,-0.031800453,0.49192593,0.0,0.0,0.0,0.0
2496568143,2496568002,0.011925009,-0.017302975,-0.038918786,0.49068406,0.0,0.0,0.0,0.0
2496672067,2496671990,-0.0019046469,0.030818298,-0.026135739,0.48670015,0.0,0.0,0.0,0.0
2496772069,2496771990,0.009857891,0.02128187,-0.02844238,0.48433065,0.0,0.0,0.0,0.0
2496872865,2496872790,0.0022757612,-0.022876093,-0.024954509,0.49018213,0.0,0.0,0.0,0.0
2496976865,2496976790,0.0041741095,-0.0047918595,-0.021281388,0.48817664,0.0,0.0,0.0,0.0
2497076865,2497076790,0.010909677,0.007058221,-0.0143075865,0.48650417,0.0,0.0,0.0,0.0
2497176868,2497176790,-0.0075787986,0.049665976,-0.012321085,0.48275793,0.0,0.0,0.0,0.0
2497281705,2497281590,-0.0024706302,0.029413305,-0.011217698,0.48550105,0.0,0.0,0.0,0.0
2497381702,2497381590,0.008498278,0.012569409,-0.018543318,0.4929835,0.0,0.0,0.0,0.0
2497481727,2497481613,0.0053919083,-0.015927032,-0.021590577,0.49047473,0.0,0.0,0.0,0.0
2497585674,2497585595,0.0140513275,-0.018427853,-0.026166901,0.48138413,0.0,0.0,0.0,0.0
2497686465,2497686390,0.00048517087,-0.014809892,-0.017156607,0.47995377,0.0,0.0,0.0,0.0
2497786465,2497786390,0.009979879,0.025934214,-0.012744311,0.48230922,0.0,0.0,0.0,0.0
2497890467,2497890389,0.011842503,-0.011673648,-0.02346919,0.4866578,0.0,0.0,0.0,0.0
2497991275,2497991199,0.0125963595,0.034194127,-0.015635692,0.4903652,0.0,0.0,0.0,0.0
2498091254,2498091178,-0.008759666,0.041694697,-0.02126306,0.4897682,0.0,0.0,0.0,0.0
2498195248,2498195172,0.00198993,0.013284979,-0.017658312,0.4892671,0.0,0.0,0.0,0.0
2498295246,2498295171,0.013160311,0.02685598,-0.019049294,0.48850372,0.0,0.0,0.0,0.0
2498395263,2498395181,0.014738222,-0.013516708,-0.028456353,0.48041973,0.0,0.0,0.0,0.0
2498496076,2498495997,0.025665179,-0.004944718,-0.0296368,0.35934392,0.0,0.0,0.0,0.0
2498600079,2498599996,0.029881082,-0.026895203,-0.037322212,0.30222276,0.0,0.0,0.0,0.0
2498700080,2498699996,0.034936924,-0.002033248,0.06990451,0.2718825,0.0,0.0,0.0,0.0
2498800866,2498800790,0.0050705397,-0.010466205,0.18176885,0.33426568,0.0,0.0,0.0,0.0
2498904868,2498904789,0.030218782,-0.006647519,0.17732367,0.3755739,0.0,0.0,0.0,0.0
2499004865,2499004790,0.008343231,0.0034222715,0.13227823,0.40840313,0.0,0.0,0.0,0.0
2499108868,2499108789,0.038777024,0.060029894,0.07821788,0.43590945,0.0,0.0,0.0,0.0
2499209644,2499209568,-0.0011737673,-0.010805577,0.018009545,0.44820902,0.0,0.0,0.0,0.0
2499309665,2499309590,-0.012041468,-0.00041967258,0.005746558,0.4615905,0.0,0.0,0.0,0.0
2499409665,2499409590,0.011676237,-0.055255063,-0.06456424,0.46453723,0.0,0.0,0.0,0.0
2499513667,2499513592,0.010085213,-0.061931893,-0.04168216,0.46714276,0.0,0.0,0.0,0.0
2499614468,2499614390,0.040666476,-0.037041344,-0.02882384,0.4643211,0.0,0.0,0.0,0.0
2499714474,2499714390,-0.01267118,-0.027574569,-0.011926157,0.46048346,0.0,0.0,0.0,0.0
2499818465,2499818390,0.013978037,-0.059830695,-0.024554487,0.464184,0.0,0.0,0.0,0.0
2499918465,2499918390,0.014869783,-0.03121167,-0.018759817,0.47855303,0.0,0.0,0.0,0.0
2500019274,2500019198,0.031184489,-0.058857594,-0.01103682,0.4758112,0.0,0.0,0.0,0.0
2500123247,2500123171,-0.025075488,-0.010835822,0.012542693,0.4782118,0.0,0.0,0.0,0.0
2500227246,2500227171,0.004970966,-0.074585274,0.008331779,0.48447937,0.0,0.0,0.0,0.0
2500327249,2500327171,-0.01448194,-0.026254646,0.017746251,0.4862823,0.0,0.0,0.0,0.0
2500428069,2500427990,0.001823169,0.002314659,0.018381098,0.49033463,0.0,0.0,0.0,0.0
2500532071,2500531990,-0.025022246,-0.012855066,0.02481443,0.4828945,0.0,0.0,0.0,0.0
2500632067,2500631990,-0.011547569,-0.04793579,0.012060342,0.47754288,0.0,0.0,0.0,0.0
2500736073,2500735995,-0.023287015,-0.03388114,0.020137813,0.4809497,0.0,0.0,0.0,0.0
2500836880,2500836804,-0.021603394,-0.052094474,0.0035530971,0.4854908,0.0,0.0,0.0,0.0
2500936879,2500936803,-0.008366418,-0.06266937,0.00260858,0.47893196,0.0,0.0,0.0,0.0
2501040872,2501040797,-0.0056622988,-0.022429734,0.008786039,0.49237007,0.0,0.0,0.0,0.0
2501140871,2501140796,0.017463338,-0.06062532,0.0021363026,0.49325004,0.0,0.0,0.0,0.0
2501241681,2501241568,-0.0052267564,-0.050850414,0.007370667,0.49521294,0.0,0.0,0.0,0.0
2501341710,2501341595,-0.011080492,-0.019471822,0.011749662,0.49096352,0.0,0.0,0.0,0.0
2501445671,2501445596,-0.014890634,-0.09328586,-0.0012888392,0.49836984,0.0,0.0,0.0,0.0
2501546465,2501546390,-0.001276837,-0.038248762,0.007987356,0.4974042,0.0,0.0,0.0,0.0
2501646471,2501646390,-0.017406467,-0.07235359,0.009007076,0.44890663,0.0,0.0,0.0,0.0
2501750468,2501750390,-0.024783535,-0.0070593823,0.0064692893,0.44296026,0.0,0.0,0.0,0.0
2501850471,2501850395,0.0068165697,-0.063530825,0.025771726,0.44363704,0.0,0.0,0.0,0.0
2501951272,2501951193,-0.010500408,-0.05278823,0.02973781,0.39954677,0.0,0.0,0.0,0.0
2502055280,2502055201,-0.019921485,-0.05725409,-0.019685285,0.46274662,0.0,0.0,0.0,0.0
2502155248,2502155172,-0.0017544003,-0.029394783,-0.024649352,0.4975819,0.0,0.0,0.0,0.0
2502255246,2502255171,-0.00031038653,-0.11357133,-0.020722862,0.51310307,0.0,0.0,0.0,0.0
2502360079,2502359990,-0.058766615,-0.04581624,-0.0054909233,0.5102686,0.0,0.0,0.0,0.0
2502460070,2502459990,-0.030316416,-0.06165337,0.0023010385,0.50054145,0.0,0.0,0.0,0.0
2502560081,2502560002,-0.032620747,-0.061533853,0.0007874118,0.5023765,0.0,0.0,0.0,0.0
2502664069,2502663989,0.022257507,-0.072119914,-0.014443695,0.5051518,0.0,0.0,0.0,0.0
2502764868,2502764790,-0.014683777,-0.053484496,-0.0062366314,0.52488047,0.0,0.0,0.0,0.0
2502864866,2502864790,-0.012566948,-0.050299257,-0.007147426,0.5233103,0.0,0.0,0.0,0.0
2502968865,2502968790,-0.019414183,-0.047391742,-0.003387077,0.52804226,0.0,0.0,0.0,0.0
2503068865,2503068790,-0.015684398,-0.07304748,-0.010788447,0.52200794,0.0,0.0,0.0,0.0
2503169644,2503169568,-0.01459652,-0.08314653,-0.00234415,0.5015108,0.0,0.0,0.0,0.0
2503273644,2503273568,-0.018021584,-0.048901446,0.037753917,0.4936267,0.0,0.0,0.0,0.0
2503373664,2503373589,0.012955606,-0.07637182,0.03054523,0.4884185,0.0,0.0,0.0,0.0
2503473700,2503473621,-0.034455597,-0.09043718,0.079959154,0.49340886,0.0,0.0,0.0,0.0
2503578474,2503578389,-0.03164456,-0.06915881,0.07859969,0.4734135,0.0,0.0,0.0,0.0
2503678465,2503678389,-0.026844366,-0.07888046,0.08748482,0.456258,0.0,0.0,0.0,0.0
2503778466,2503778390,-0.029221317,-0.10927094,0.07843946,0.45433646,0.0,0.0,0.0,0.0
2503879278,2503879199,-0.060992934,-0.1366671,0.18391085,0.37316433,0.0,0.0,0.0,0.0
2503983280,2503983201,-0.08423777,-0.09486759,0.15831988,0.37947175,0.0,0.0,0.0,0.0
2504083278,2504083201,-0.056433037,-0.08383134,0.16952026,0.36943778,0.0,0.0,0.0,0.0
2504187250,2504187174,-0.046357058,-0.06559998,0.16741577,0.37568533,0.0,0.0,0.0,0.0
2504292075,2504291996,-0.063166134,-0.070555046,0.12853202,0.39607862,0.0,0.0,0.0,0.0
2504392073,2504391996,-0.046262562,-0.04644268,0.11328812,0.40606564,0.0,0.0,0.0,0.0
2504492097,2504492008,-0.05742984,-0.01980775,0.11385559,0.40817356,0.0,0.0,0.0,0.0
2504596077,2504595996,-0.12596732,-0.07211977,0.10084065,0.40033,0.0,0.0,0.0,0.0
2504696865,2504696790,-0.07906542,-0.041020125,0.083805844,0.3899626,0.0,0.0,0.0,0.0
2504796868,2504796790,-0.09264054,-0.023800135,0.08694507,0.3861044,0.0,0.0,0.0,0.0
2504900871,2504900796,-0.14163472,-0.038857967,0.11745112,0.3917952,0.0,0.0,0.0,0.0
2505000865,2505000790,-0.08489485,0.014792534,0.12034111,0.37785578,0.0,0.0,0.0,0.0
2505101681,2505101569,-0.01668004,0.018927608,0.13439181,0.35483336,0.0,0.0,0.0,0.0
2505205644,2505205569,-0.044123113,0.09035578,0.1270169,0.34192848,0.0,0.0,0.0,0.0
2505305644,2505305568,-0.04779091,0.10766959,0.12828642,0.33127275,0.0,0.0,0.0,0.0
2505405693,2505405617,-0.027080169,0.07572776,0.11213867,0.30976912,0.0,0.0,0.0,0.0
2505510473,2505510389,-0.0024546636,0.05459258,0.09340019,0.3114903,0.0,0.0,0.0,0.0
2505614471,2505614396,0.023503948,0.17473036,0.102081686,0.31533247,0.0,0.0,0.0,0.0
2505714471,2505714395,0.069128774,0.18728097,0.08629575,0.3169035,0.0,0.0,0.0,0.0
2505818471,2505818390,0.07402229,0.18042456,0.07062386,0.31443757,0.0,0.0,0.0,0.0
2505919254,2505919177,0.006057431,0.038025424,0.07467647,0.29809996,0.0,0.0,0.0,0.0
2506019268,2506019192,-0.09285534,-0.04332016,0.08479652,0.29733992,0.0,0.0,0.0,0.0
2506119268,2506119193,-0.014619382,0.07978715,0.07796901,0.3132929,0.0,0.0,0.0,0.0
2506223247,2506223172,0.123959936,0.13319671,0.07676516,0.32610014,0.0,0.0,0.0,0.0
2506324070,2506323989,0.62307584,0.19142959,0.09381169,0.34682432,0.0,0.0,0.0,0.0
2506424146,2506424002,0.1724304,0.032119244,0.1430079,0.30794677,0.0,0.0,0.0,0.0
2506528073,2506527996,-0.24000144,-0.1261052,0.086430885,0.33529264,0.0,0.0,0.0,0.0
2506628865,2506628790,-0.015014134,-0.06213147,0.0047314875,0.3881336,0.0,0.0,0.0,0.0
2506728864,2506728789,0.07279555,-8.904282e-05,0.026354004,0.41526106,0.0,0.0,0.0,0.0
2506832865,2506832790,0.050893184,-0.03561622,0.08743705,0.3914288,0.0,0.0,0.0,0.0
2506936865,2506936790,0.0039598513,-0.07019073,0.10007741,0.35438028,0.0,0.0,0.0,0.0
2507037645,2507037569,-0.028237637,-0.07701829,0.10120273,0.31922394,0.0,0.0,0.0,0.0
2507137645,2507137569,-0.010328073,-0.07748537,0.08322725,0.29567954,0.0,0.0,0.0,0.0
2507241682,2507241567,0.02938177,-0.17596135,-0.023560941,0.2851147,0.0,0.0,0.0,0.0
2507341684,2507341572,0.064896874,-0.2177848,-0.16897005,0.2765474,0.0,0.0,0.0,0.0
2507442472,2507442390,0.02566167,-0.25548142,-0.2852821,0.3115568,0.0,0.0,0.0,0.0
2507546464,2507546389,0.01315774,-0.21619253,-0.20849097,0.3739482,0.0,0.0,0.0,0.0
2507646468,2507646389,-0.044938847,-0.1380293,-0.11761838,0.38639814,0.0,0.0,0.0,0.0
2507750474,2507750389,-0.040000714,-0.18381387,-0.07760476,0.41420048,0.0,0.0,0.0,0.0
2507851276,2507851199,-0.031028561,-0.12791897,-0.048207354,0.3949053,0.0,0.0,0.0,0.0
2507955277,2507955198,0.0067384583,-0.21079673,-0.031705182,0.39020145,0.0,0.0,0.0,0.0
2508055283,2508055205,-0.025274428,-0.15533979,-0.012949578,0.3835511,0.0,0.0,0.0,0.0
2508159247,2508159171,-0.016980968,-0.12215646,-0.0068284087,0.38585293,0.0,0.0,0.0,0.0
2508260073,2508259990,-0.0148480665,-0.1542445,-0.012555525,0.3875065,0.0,0.0,0.0,0.0
2508360070,2508359989,-0.01816025,-0.12599176,-0.019001585,0.3882125,0.0,0.0,0.0,0.0
2508464069,2508463990,-0.0029109754,-0.093973786,-0.028958987,0.393085,0.0,0.0,0.0,0.0
2508564070,2508563990,0.017182559,-0.11414258,-0.031920925,0.4063712,0.0,0.0,0.0,0.0
2508664871,2508664796,-0.015880875,-0.14257482,-0.04311443,0.41331428,0.0,0.0,0.0,0.0
2508768874,2508768795,0.007824036,-0.11764205,-0.056456476,0.42080042,0.0,0.0,0.0,0.0
2508868871,2508868796,0.026283331,-0.06712469,-0.06532839,0.42825127,0.0,0.0,0.0,0.0
2508968871,2508968796,0.012979657,-0.089100935,-0.06956211,0.4361361,0.0,0.0,0.0,0.0
2509069644,2509069569,0.0029283566,-0.11751766,-0.063865624,0.4448223,0.0,0.0,0.0,0.0
2509173644,2509173565,-0.007171684,0.024898132,-0.051835496,0.4414769,0.0,0.0,0.0,0.0
2509273647,2509273568,-0.0022160006,-0.07866088,-0.046226796,0.43908438,0.0,0.0,0.0,0.0
2509377674,2509377595,0.01903987,-0.02227575,-0.033914026,0.44549704,0.0,0.0,0.0,0.0
2509478474,2509478396,-0.001996777,-0.06818395,-0.030329201,0.45783246,0.0,0.0,0.0,0.0
2509582468,2509582389,0.025647795,-0.091475695,-0.030637506,0.46228686,0.0,0.0,0.0,0.0
2509682471,2509682390,0.009985937,-0.061203707,-0.02073008,0.45748913,0.0,0.0,0.0,0.0
2509787263,2509787193,-0.00852253,-0.08547905,-0.008864928,0.450711,0.0,0.0,0.0,0.0
2509891249,2509891170,-0.023465758,0.0378672,2.6134774e-05,0.45547864,0.0,0.0,0.0,0.0
2509995267,2509995191,-0.023085756,-0.016200565,-0.007593944,0.45342293,0.0,0.0,0.0,0.0
2510095268,2510095192,-0.0127653405,-0.03570365,-0.009160332,0.452776,0.0,0.0,0.0,0.0
2510200069,2510199990,0.0051522874,-0.05445888,-0.00986051,0.4526691,0.0,0.0,0.0,0.0
2510300067,2510299989,-0.0040015727,-0.03876331,-0.009126771,0.447086,0.0,0.0,0.0,0.0
2510400083,2510400002,0.007832626,-0.054558713,-0.005711169,0.45382318,0.0,0.0,0.0,0.0
2510504135,2510503996,-0.02770596,-0.027099138,0.005087052,0.4505785,0.0,0.0,0.0,0.0
2510604865,2510604790,-0.026601378,-0.0035966802,0.0067228274,0.4616392,0.0,0.0,0.0,0.0
2510704864,2510704789,-0.026421826,-0.038594734,-0.0003046682,0.452742,0.0,0.0,0.0,0.0
2510808865,2510808790,-0.019425567,-0.043831963,0.0001896969,0.4567612,0.0,0.0,0.0,0.0
2510908865,2510908790,-0.030069731,-0.06429224,0.0071705077,0.45934042,0.0,0.0,0.0,0.0
2511009644,2511009568,-0.036268346,-0.023515206,0.0037279218,0.46299368,0.0,0.0,0.0,0.0
2511109646,2511109568,-0.021793127,-0.023344588,-0.0019060681,0.46319556,0.0,0.0,0.0,0.0
2511213644,2511213569,-0.026877996,-0.03965139,0.0032723616,0.4567005,0.0,0.0,0.0,0.0
2511313669,2511313592,-0.018068908,-0.023143472,0.00048529892,0.45590684,0.0,0.0,0.0,0.0
2511418473,2511418389,-0.00832727,-0.037116356,-0.0044816434,0.45198682,0.0,0.0,0.0,0.0
2511518468,2511518390,-0.0002289284,-0.037442036,-0.0008293479,0.46176577,0.0,0.0,0.0,0.0
2511618465,2511618390,-0.019136814,0.008105015,0.0022361511,0.45806238,0.0,0.0,0.0,0.0
2511719277,2511719202,0.0022375358,-0.021528248,-0.0036425658,0.4522184,0.0,0.0,0.0,0.0
2511823289,2511823209,-0.016159263,-0.019321445,0.0032878174,0.45428562,0.0,0.0,0.0,0.0
2511923275,2511923199,-0.01833966,-0.013330043,0.0017438248,0.44967157,0.0,0.0,0.0,0.0
2512027274,2512027198,-0.014998348,-0.0072734356,-0.0040370068,0.45003292,0.0,0.0,0.0,0.0
2512132046,2512131968,-0.031110864,-0.044370957,-0.0011245038,0.44811618,0.0,0.0,0.0,0.0
2512232075,2512231996,-0.028020203,-0.015436051,0.005444695,0.44916055,0.0,0.0,0.0,0.0
2512332087,2512332008,-0.038177386,0.041305095,0.0009716165,0.4502451,0.0,0.0,0.0,0.0
2512436066,2512435989,-0.02745699,-0.0534759,-0.0074398844,0.4468171,0.0,0.0,0.0,0.0
2512540868,2512540790,-0.035819616,-0.054136585,-0.00042100914,0.44891647,0.0,0.0,0.0,0.0
2512640867,2512640791,-0.024422217,-0.020143501,0.003621423,0.44596243,0.0,0.0,0.0,0.0
2512744867,2512744789,-0.0077857217,-0.030726073,-0.009875811,0.4510085,0.0,0.0,0.0,0.0
2512844865,2512844790,-0.019541236,-0.023674594,-0.008671929,0.45254508,0.0,0.0,0.0,0.0
2512945665,2512945590,-0.00015335158,-0.06175594,-0.017103044,0.45894992,0.0,0.0,0.0,0.0
2513045646,2513045568,-0.006778642,-0.075116634,-0.015793359,0.45220727,0.0,0.0,0.0,0.0
2513149641,2513149566,-0.018235466,0.003761406,-0.00582161,0.44642434,0.0,0.0,0.0,0.0
2513249644,2513249568,-0.014076569,-0.018615337,-0.011096996,0.45088154,0.0,0.0,0.0,0.0
2513350471,2513350390,-0.02748902,0.025294952,-0.003785919,0.45466313,0.0,0.0,0.0,0.0
2513454468,2513454389,-0.005556279,-0.074649274,-0.020117486,0.44929203,0.0,0.0,0.0,0.0
2513554465,2513554390,-0.025628677,-0.039806496,-0.013227566,0.45592192,0.0,0.0,0.0,0.0
2513658483,2513658390,-0.012117632,-0.09076261,-0.016552191,0.4557445,0.0,0.0,0.0,0.0
2513759282,2513759202,-0.023058305,-0.02787241,-0.007993892,0.44763085,0.0,0.0,0.0,0.0
2513859268,2513859192,-0.01294709,-0.08495453,-0.006240217,0.44892812,0.0,0.0,0.0,0.0
2513959273,2513959198,-0.0195909,-0.03433762,-0.010688822,0.4524619,0.0,0.0,0.0,0.0
2514063272,2514063196,-0.0033326047,-0.033816997,-0.0021252763,0.44203854,0.0,0.0,0.0,0.0
2514164048,2514163969,-0.012940493,-0.0011622589,-0.0012612513,0.43790647,0.0,0.0,0.0,0.0
2514264081,2514264002,-0.021995205,-0.036607947,0.002861746,0.43954718,0.0,0.0,0.0,0.0
2514368075,2514367996,-0.017919254,-0.046282623,-0.004186498,0.44238174,0.0,0.0,0.0,0.0
2514468073,2514467996,-0.07096724,-0.0030758188,0.0072665485,0.44760433,0.0,0.0,0.0,0.0
2514568871,2514568796,-0.0242097,-0.04165466,0.0014386752,0.44102603,0.0,0.0,0.0,0.0
2514672871,2514672796,-0.006855162,-0.08015621,-0.007667845,0.4365417,0.0,0.0,0.0,0.0
2514772874,2514772795,-0.0069532855,-0.021397408,-0.0046280245,0.4379224,0.0,0.0,0.0,0.0
2514872871,2514872796,-0.016424662,0.0007907562,-0.0016735732,0.44520274,0.0,0.0,0.0,0.0
2514977671,2514977593,-0.010011389,-0.058658846,-0.013869615,0.44263455,0.0,0.0,0.0,0.0
2515077647,2515077569,0.0028608171,-0.044958547,-0.007314142,0.44173458,0.0,0.0,0.0,0.0
2515177673,2515177598,0.0036436403,-0.035668127,-0.01104118,0.44271904,0.0,0.0,0.0,0.0
2515282471,2515282390,-0.0026033558,-0.09759857,-0.007654355,0.44347095,0.0,0.0,0.0,0.0
2515382468,2515382389,0.007284701,-0.044966225,-0.012972038,0.4526533,0.0,0.0,0.0,0.0
2515482465,2515482390,0.0033009956,-0.07301965,-0.013206531,0.44660622,0.0,0.0,0.0,0.0
2515582469,2515582394,0.023979912,-0.040636837,-0.011959101,0.45047534,0.0,0.0,0.0,0.0
2515687271,2515687193,-0.0016002096,-0.058620453,-0.010165645,0.45230922,0.0,0.0,0.0,0.0
2515787269,2515787193,-0.022157978,-0.04317136,-0.014880765,0.44635308,0.0,0.0,0.0,0.0
2515891268,2515891192,-0.026489746,-0.058501847,-0.009671029,0.4434346,0.0,0.0,0.0,0.0
2515991268,2515991193,-0.029503264,-0.047016963,-0.012637715,0.4482967,0.0,0.0,0.0,0.0
2516092048,2516091968,-0.02719314,-0.05618941,-0.010853708,0.45145938,0.0,0.0,0.0,0.0
2516196057,2516195980,-0.066194355,-0.029095722,-0.002259698,0.44771776,0.0,0.0,0.0,0.0
2516300067,2516299990,-0.017069835,-0.041398473,-0.0052139005,0.44569087,0.0,0.0,0.0,0.0
2516400069,2516399990,-0.03485887,-0.03151964,0.0031097974,0.4431618,0.0,0.0,0.0,0.0
2516500864,2516500789,-0.042656552,-0.041926388,0.004306759,0.43947518,0.0,0.0,0.0,0.0
2516604871,2516604796,-0.012945036,-0.06295796,-0.0034646327,0.44866738,0.0,0.0,0.0,0.0
2516704873,2516704794,-0.02557657,-0.04090444,-0.004311102,0.43903503,0.0,0.0,0.0,0.0
2516804868,2516804789,-0.017644819,0.0065890625,0.003046407,0.4375584,0.0,0.0,0.0,0.0
2516909671,2516909596,-0.0094216,-0.04253432,-0.00358719,0.44233978,0.0,0.0,0.0,0.0
2517009671,2517009596,0.00272968,-0.048664674,-0.011202432,0.44327113,0.0,0.0,0.0,0.0
2517109685,2517109598,-0.0045636613,-0.01299236,-0.0033061116,0.44836622,0.0,0.0,0.0,0.0
2517213644,2517213569,0.009083164,-0.0495934,-0.012104271,0.4439362,0.0,0.0,0.0,0.0
2517314465,2517314390,0.013721306,-0.07576719,-0.014150329,0.44759393,0.0,0.0,0.0,0.0
2517414438,2517414362,0.005705969,-0.05203482,-0.012161821,0.44495994,0.0,0.0,0.0,0.0
2517518472,2517518396,0.011789856,-0.08501283,-0.011652095,0.44289407,0.0,0.0,0.0,0.0
2517619274,2517619199,-0.0017327408,-0.06579495,-0.013449604,0.44506273,0.0,0.0,0.0,0.0
2517719281,2517719205,0.0110819675,-0.06542211,-0.014758272,0.4381252,0.0,0.0,0.0,0.0
2517823287,2517823211,-0.0007531985,-0.0517446,-0.0076631745,0.4430172,0.0,0.0,0.0,0.0
2517923275,2517923199,0.036131307,-0.118350536,-0.018061915,0.44806746,0.0,0.0,0.0,0.0
2518024045,2518023968,0.004634348,-0.056280512,-0.010718653,0.44299775,0.0,0.0,0.0,0.0
2518128115,2518127980,-0.014557285,-0.048581872,-0.0051574428,0.44513318,0.0,0.0,0.0,0.0
2518228055,2518227968,-0.0060037677,-0.09419574,-0.009524824,0.44486734,0.0,0.0,0.0,0.0
2518328072,2518327990,-0.0042759273,-0.06508899,-0.012016212,0.45029008,0.0,0.0,0.0,0.0
2518428870,2518428795,-0.022365818,-0.133376,-0.009349265,0.45272085,0.0,0.0,0.0,0.0
2518532870,2518532795,-0.03467109,-0.029546496,0.41904503,0.41904032,0.0,0.0,0.0,1.0
2518632878,2518632803,0.0011985558,-0.049540553,-0.098214,0.3725291,0.0,0.0,0.0,1.0
2518736872,2518736797,0.032544248,-0.09560805,-0.06598901,0.38688827,0.0,0.0,0.0,1.0
2518837688,2518837611,-0.005098668,-0.022292107,-0.031802677,0.44597894,0.0,0.0,0.0,1.0
2518941702,2518941590,-0.031427313,-0.08940931,-0.023573427,0.50964403,0.0,0.0,0.0,1.0
2519041676,2519041561,0.0010612961,-0.027343418,-0.007815254,0.5621788,0.0,0.0,0.0,1.0
2519145644,2519145568,-0.018301275,-0.02306103,0.0010689376,0.5975166,0.0,0.0,0.0,1.0
2519246466,2519246390,-0.004937343,-0.02649819,0.0017035799,0.6234087,0.0,0.0,0.0,1.0
2519346474,2519346395,-0.023755813,-0.056452405,-0.004275388,0.6437644,0.0,0.0,0.0,1.0
2519450465,2519450390,-0.022098912,-0.033782933,0.0003134627,0.64109814,0.0,0.0,0.0,1.0
2519551268,2519551193,-0.02272725,-0.0031782177,-0.0006673839,0.62234247,0.0,0.0,0.0,1.0
2519651268,2519651192,-0.014809828,-0.017622836,0.009204251,0.6063877,0.0,0.0,0.0,1.0
2519755276,2519755197,-0.017330995,-0.0062224274,0.005652749,0.589338,0.0,0.0,0.0,1.0
2519859268,2519859192,-0.01673674,-0.035913154,-0.00032821298,0.576142,0.0,0.0,0.0,1.0
2519959271,2519959196,-0.00029774662,-0.02155445,0.009825919,0.55475795,0.0,0.0,0.0,1.0
2520060053,2520059979,-0.016417252,-0.0065884613,0.012437585,0.5324529,0.0,0.0,0.0,1.0
2520164048,2520163969,-0.019536978,0.015705004,0.012727085,0.5053107,0.0,0.0,0.0,1.0
2520268048,2520267968,-0.022871725,-0.032227263,0.00916139,0.47146073,0.0,0.0,0.0,1.0
2520368086,2520368002,-0.010720115,-0.033619106,0.006715696,0.4541138,0.0,0.0,0.0,1.0
2520472865,2520472790,-0.0078035723,0.000512769,0.012088904,0.43552646,0.0,0.0,0.0,1.0
2520572865,2520572789,0.008842742,-0.0033485247,0.011177136,0.43062848,0.0,0.0,0.0,1.0
2520672857,2520672790,0.0049252687,-0.06541005,0.00531092,0.43469477,0.0,0.0,0.0,1.0
2520773671,2520773596,-0.012689725,-0.026345622,0.0049422113,0.44322273,0.0,0.0,0.0,1.0
2520877667,2520877592,-0.037316952,-0.023094838,0.015814412,0.4459296,0.0,0.0,0.0,1.0
2520977671,2520977596,-0.004815552,0.030988477,0.013741115,0.45138413,0.0,0.0,0.0,1.0
2521081709,2521081597,0.0025798297,-0.061115086,0.0033452183,0.45182818,0.0,0.0,0.0,1.0
2521182466,2521182389,-0.015761057,0.0061401203,0.011458865,0.45889777,0.0,0.0,0.0,1.0
2521282471,2521282396,-0.009790828,0.0072369613,0.01200649,0.44846708,0.0,0.0,0.0,1.0
2521386471,2521386390,-0.01283681,-0.051093847,0.0013474736,0.44341218,0.0,0.0,0.0,1.0
2521486465,2521486390,0.012241112,-0.0424226,-9.643787e-05,0.44834176,0.0,0.0,0.0,1.0
2521587278,2521587199,-0.006811563,-0.018185955,0.005477483,0.43977773,0.0,0.0,0.0,1.0
2521687284,2521687209,-0.0037653365,-0.0042705983,0.01360923,0.4416944,0.0,0.0,0.0,1.0
2521791284,2521791217,-0.006375603,0.0010737497,0.010099884,0.4365551,0.0,0.0,0.0,1.0
2521891273,2521891197,-0.02317111,0.0060388674,0.011421076,0.44299585,0.0,0.0,0.0,1.0
2521992057,2521991980,-0.012678711,-0.051465273,0.0029344526,0.44486815,0.0,0.0,0.0,1.0
2522096051,2522095969,-0.014693776,-0.012527812,0.013509222,0.452826,0.0,0.0,0.0,1.0
2522196050,2522195968,-0.022407165,-0.04547218,0.012846509,0.4478766,0.0,0.0,0.0,1.0
2522300053,2522299979,0.022283468,-0.04119148,0.0032950281,0.45561942,0.0,0.0,0.0,1.0
2522400868,2522400790,-0.006820581,-0.03658449,0.002475812,0.4535591,0.0,0.0,0.0,1.0
2522500868,2522500789,-0.029055538,-0.057295382,0.012328558,0.4522924,0.0,0.0,0.0,1.0
2522600865,2522600790,-0.022451445,-0.029617883,0.013556983,0.45116198,0.0,0.0,0.0,1.0
2522704865,2522704790,0.010571312,-0.058985848,0.0010021506,0.46681923,0.0,0.0,0.0,1.0
2522805669,2522805590,-0.016644403,-0.045488313,0.0074114725,0.46498778,0.0,0.0,0.0,1.0
2522905639,2522905561,-0.009725615,-0.021831822,0.010391784,0.4618407,0.0,0.0,0.0,1.0
2523009665,2523009590,0.0002822508,-0.028304039,0.0015599893,0.4582354,0.0,0.0,0.0,1.0
2523109665,2523109590,0.008888259,-0.040933587,0.004674376,0.45959058,0.0,0.0,0.0,1.0
2523210470,2523210395,-0.011972817,0.015922677,0.013917531,0.45809117,0.0,0.0,0.0,1.0
2523314466,2523314390,0.00964096,-0.03638311,-0.2832972,0.43888026,0.0,0.0,0.0,1.0
2523414465,2523414390,0.019282697,-0.043437466,-0.17514332,0.3934927,0.0,0.0,0.0,1.0
2523515268,2523515192,0.0021814045,-0.009323771,-0.119628236,0.39343262,0.0,0.0,0.0,1.0
2523619273,2523619192,-0.016937323,-0.017696181,-0.08913249,0.41646957,0.0,0.0,0.0,1.0
2523719265,2523719194,0.006353893,-0.059733503,-0.07310198,0.4363665,0.0,0.0,0.0,1.0
2523819267,2523819192,-0.0016777706,-0.033116903,-0.0530855,0.4495009,0.0,0.0,0.0,1.0
2523920077,2523919995,0.011713706,-0.012448467,-0.05517856,0.4543175,0.0,0.0,0.0,1.0
2524024116,2524023968,0.020096362,-0.001231974,-0.051354572,0.46020722,0.0,0.0,0.0,1.0
2524124047,2524123968,-0.0033708126,-0.020922475,-0.039317746,0.46482876,0.0,0.0,0.0,1.0
2524228048,2524227968,-0.032106962,0.03906374,-0.037936825,0.46522185,0.0,0.0,0.0,1.0
2524332877,2524332802,0.0058495235,0.016064359,-0.043078937,0.4676641,0.0,0.0,0.0,1.0
2524432880,2524432802,-0.0066847713,0.021454232,-0.03779347,0.46313852,0.0,0.0,0.0,1.0
2524532871,2524532796,-0.00014609421,-0.005103424,-0.041669454,0.4686777,0.0,0.0,0.0,1.0
2524636871,2524636796,-0.00419117,0.034761056,-0.039172485,0.4729277,0.0,0.0,0.0,1.0
2524741702,2524741590,-0.008878042,0.0068143047,0.0041804686,0.47172385,0.0,0.0,0.0,1.0
2524841702,2524841590,-0.008491769,-0.035701893,0.048605844,0.47752154,0.0,0.0,0.0,1.0
2524945668,2524945589,0.0075921826,-0.028409442,0.06663697,0.47822687,0.0,0.0,0.0,1.0
2525045665,2525045590,-0.017196748,-0.049197413,0.07300611,0.47623715,0.0,0.0,0.0,1.0
2525146475,2525146399,0.00071732793,-0.0025056559,0.08148564,0.47203502,0.0,0.0,0.0,1.0
2525250471,2525250390,-0.00094653247,-0.022486465,0.08127285,0.47242767,0.0,0.0,0.0,1.0
2525350465,2525350390,-0.0069098882,0.0076111453,0.07903704,0.47650674,0.0,0.0,0.0,1.0
2525451269,2525451194,-0.0029729782,-0.035767287,0.07238806,0.47470036,0.0,0.0,0.0,1.0
2525551268,2525551193,-0.005591511,-0.037700795,0.06254819,0.47497606,0.0,0.0,0.0,1.0
2525655272,2525655193,-0.0056422204,-0.012134766,0.06236136,0.47142035,0.0,0.0,0.0,1.0
2525755263,2525755182,0.024465753,-0.060290046,0.048097376,0.47076634,0.0,0.0,0.0,1.0
2525855269,2525855193,0.0002472489,-0.021247577,0.050944302,0.46697122,0.0,0.0,0.0,1.0
2525960142,2525959989,-0.017939754,-0.032872006,0.047293518,0.46273947,0.0,0.0,0.0,1.0
2526060046,2526059968,0.01124656,-0.030441903,0.029177962,0.45208034,0.0,0.0,0.0,1.0
2526164057,2526163980,-0.00075884676,-0.017163005,0.03231541,0.44106144,0.0,0.0,0.0,1.0
2526264865,2526264790,0.005207466,-0.032367736,0.025755592,0.4422197,0.0,0.0,0.0,1.0
2526364868,2526364789,-0.028346946,-0.017483799,0.020994911,0.43959725,0.0,0.0,0.0,1.0
2526464864,2526464789,0.009314646,-0.014604384,0.011120901,0.4326468,0.0,0.0,0.0,1.0
2526568865,2526568789,0.01211147,-0.02013888,0.001861583,0.42507374,0.0,0.0,0.0,1.0
2526669665,2526669590,-0.017309384,-0.035139166,0.0060300943,0.41894358,0.0,0.0,0.0,1.0
2526769649,2526769561,-0.006176547,-0.079901084,-0.0056702695,0.4159332,0.0,0.0,0.0,1.0
2526873667,2526873589,8.3772466e-07,-0.08436107,-0.007938484,0.42065832,0.0,0.0,0.0,1.0
2526973665,2526973590,0.015813842,-0.015244558,-0.008901516,0.41884047,0.0,0.0,0.0,1.0
2527074444,2527074368,-0.016548147,-0.03372845,-0.0021588283,0.41413,0.0,0.0,0.0,1.0
2527178444,2527178368,0.0035238573,-0.07149771,-0.009795841,0.41609812,0.0,0.0,0.0,1.0
2527278468,2527278390,-0.014258574,-0.05627665,-0.014073274,0.41587088,0.0,0.0,0.0,1.0
2527378471,2527378390,-0.004860712,-0.04534626,-0.011424024,0.41514322,0.0,0.0,0.0,1.0
2527482465,2527482390,0.0160452,-0.050752796,-0.020658365,0.41210222,0.0,0.0,0.0,1.0
2527583279,2527583200,-0.0071159024,-0.0390289,-0.019926397,0.42050052,0.0,0.0,0.0,1.0
2527683274,2527683198,-0.025122691,-0.1044257,-0.02077532,0.42510885,0.0,0.0,0.0,1.0
2527787266,2527787199,0.015736578,-0.1305051,-0.030191256,0.42453164,0.0,0.0,0.0,1.0
2527892073,2527891990,0.030071009,-0.087885365,-0.033277966,0.42511797,0.0,0.0,0.0,1.0
2527992067,2527991990,-0.0059806653,-0.061147474,-0.026043411,0.4360232,0.0,0.0,0.0,1.0
2528096054,2528095980,0.002252172,-0.08662586,-0.032868337,0.44292438,0.0,0.0,0.0,1.0
2528196051,2528195968,0.022502117,-0.015004544,-0.028747244,0.44112542,0.0,0.0,0.0,1.0
2528296871,2528296795,-0.007018138,-0.021917067,-0.028468708,0.43822464,0.0,0.0,0.0,1.0
2528396865,2528396790,0.0372696,-0.045815594,-0.03327014,0.44465873,0.0,0.0,0.0,1.0
2528500864,2528500789,-0.021848382,-0.023224238,-0.025225729,0.45052323,0.0,0.0,0.0,1.0
2528600865,2528600790,-0.015493535,-0.04730592,-0.01828469,0.4468591,0.0,0.0,0.0,1.0
2528701676,2528701561,-0.0019151215,-0.12680429,-0.024532123,0.44454128,0.0,0.0,0.0,1.0
2528805667,2528805588,0.03254725,-0.10310237,-0.020111438,0.43079343,0.0,0.0,0.0,1.0
2528909665,2528909590,0.00751755,-0.07429754,-0.016937505,0.4309802,0.0,0.0,0.0,1.0
2529010444,2529010368,0.026451292,-0.050100416,-0.018685214,0.43505967,0.0,0.0,0.0,1.0
2529114450,2529114369,0.0022951753,-0.020648513,-0.011900968,0.43728992,0.0,0.0,0.0,1.0
2529214464,2529214389,-0.0031470852,-0.0033438504,-0.008866539,0.44046786,0.0,0.0,0.0,1.0
2529318468,2529318389,-0.02886597,-0.03039705,-0.004155296,0.44253996,0.0,0.0,0.0,1.0
2529419268,2529419192,-0.030685596,-0.067716815,-0.0058008367,0.4397106,0.0,0.0,0.0,1.0
2529523267,2529523191,-0.04201672,-0.075850055,-0.0040374896,0.44417432,0.0,0.0,0.0,1.0
2529623269,2529623193,0.009725882,-0.078982525,-0.008695356,0.44038996,0.0,0.0,0.0,1.0
2529723268,2529723192,0.012269757,-0.06193165,-0.019305177,0.444688,0.0,0.0,0.0,1.0
2529828074,2529827995,0.012786591,-0.13267313,-0.015043374,0.4454155,0.0,0.0,0.0,1.0
2529932073,2529931996,0.024594922,-0.121408366,-0.01046101,0.4463878,0.0,0.0,0.0,1.0
2530032048,2530031968,0.003884242,-0.091409914,-0.009399779,0.44949463,0.0,0.0,0.0,1.0
2530132046,2530131968,0.015190537,-0.068690956,-0.008167488,0.45446244,0.0,0.0,0.0,1.0
2530236839,2530236763,0.01997025,-0.07676706,-0.013001358,0.45198825,0.0,0.0,0.0,1.0
2530336874,2530336796,0.029573247,-0.081280634,-0.0057039494,0.44721624,0.0,0.0,0.0,1.0
2530440871,2530440796,-0.0016065184,-0.08099182,-0.0063321935,0.45235318,0.0,0.0,0.0,1.0
2530540871,2530540796,0.019354397,-0.06923272,-0.012417137,0.45819345,0.0,0.0,0.0,1.0
2530641716,2530641591,0.02528054,-0.0985739,-0.006920876,0.4616971,0.0,0.0,0.0,1.0
2530741705,2530741589,0.016682938,-0.07755478,-0.0053681987,0.4588181,0.0,0.0,0.0,1.0
2530845668,2530845592,0.0018668752,-0.03129769,0.006137772,0.45635116,0.0,0.0,0.0,1.0
2530945668,2530945589,0.0020819586,-0.06829749,0.00038746418,0.46041125,0.0,0.0,0.0,1.0
2531046453,2531046368,-0.010526275,-0.019482492,0.003794957,0.45645446,0.0,0.0,0.0,1.0
2531150444,2531150368,0.0101487525,-0.02701484,0.0024767825,0.4557891,0.0,0.0,0.0,1.0
2531250444,2531250369,0.0056612184,-0.00026666233,0.005119634,0.4506422,0.0,0.0,0.0,1.0
2531351270,2531351193,0.0032760515,-0.01517792,0.006740648,0.4490757,0.0,0.0,0.0,1.0
2531455267,2531455192,-0.00015632226,-0.022982627,-0.0005308739,0.45233953,0.0,0.0,0.0,1.0
2531555268,2531555193,0.0106613105,-0.012833087,-0.0019323551,0.46270615,0.0,0.0,0.0,1.0
2531655268,2531655192,0.0059114294,-0.010515606,0.0021322388,0.4556263,0.0,0.0,0.0,1.0
2531760070,2531759990,0.0063822605,-0.08868447,-0.007805565,0.45031258,0.0,0.0,0.0,1.0
2531860067,2531859990,0.0058570495,-0.02311406,-0.0027923752,0.45414716,0.0,0.0,0.0,1.0
2531960084,2531960002,0.00092306815,-0.026874883,0.00022622943,0.44723645,0.0,0.0,0.0,1.0
2532064046,2532063968,0.00011189841,-0.062207337,-0.0059846924,0.44974294,0.0,0.0,0.0,1.0
2532164865,2532164790,0.020725226,-0.07099065,-0.0053528575,0.44715205,0.0,0.0,0.0,1.0
2532264865,2532264790,0.0013492359,-0.046740074,-0.0032178964,0.43890682,0.0,0.0,0.0,1.0
2532368865,2532368790,0.0033735419,-0.05968684,-0.005169604,0.441643,0.0,0.0,0.0,1.0
2532468865,2532468790,0.012591545,-0.049030583,-0.0027540755,0.44819924,0.0,0.0,0.0,1.0
2532569671,2532569596,-0.01448182,-0.056079023,0.00021364517,0.4500989,0.0,0.0,0.0,1.0
2532673674,2532673595,-0.0042701485,-0.070164055,-0.006716883,0.45154494,0.0,0.0,0.0,1.0
2532773674,2532773595,0.008963735,-0.07432641,-0.005108902,0.44920918,0.0,0.0,0.0,1.0
2532873651,2532873573,-0.01196458,-0.049047545,0.001489724,0.44891033,0.0,0.0,0.0,1.0
2532978453,2532978368,0.011211624,-0.085360296,-0.0070271916,0.44687253,0.0,0.0,0.0,1.0
2533078447,2533078369,-0.0041850302,-0.07223699,-0.008942837,0.44358915,0.0,0.0,0.0,1.0
2533178444,2533178368,-0.002009282,-0.045146815,-0.0014848342,0.43679896,0.0,0.0,0.0,1.0
2533279274,2533279199,-0.030684993,-0.01148206,0.0015088508,0.43537423,0.0,0.0,0.0,1.0
2533383279,2533383201,0.0012996335,-0.055204622,-0.0058526173,0.43482396,0.0,0.0,0.0,1.0
2533483274,2533483198,-0.026435971,0.010211486,0.006026355,0.43854773,0.0,0.0,0.0,1.0
2533587275,2533587199,-0.0323507,0.049661893,0.0019048725,0.44495687,0.0,0.0,0.0,1.0
2533687282,2533687199,-0.0011929711,-0.015602443,0.00347121,0.44727135,0.0,0.0,0.0,1.0
2533788069,2533787990,0.0020689259,-0.057556547,0.0033812106,0.45355505,0.0,0.0,0.0,1.0
2533888070,2533887990,-0.0010684375,-0.057137124,0.00028284662,0.46094692,0.0,0.0,0.0,1.0
2533992073,2533991990,-0.010993125,0.0024833456,0.006454977,0.45614547,0.0,0.0,0.0,1.0
2534092048,2534091969,-0.0015009353,-0.034009814,0.0023893325,0.45321336,0.0,0.0,0.0,1.0
2534192865,2534192790,0.012375937,-0.012353247,0.0045636883,0.45065224,0.0,0.0,0.0,1.0
2534296865,2534296790,-0.005304236,-0.0173771,0.00045633572,0.44127142,0.0,0.0,0.0,1.0
2534396865,2534396790,-0.0005785278,-0.0048915287,0.002324427,0.43346247,0.0,0.0,0.0,1.0
2534497685,2534497608,0.0063801007,-0.025349062,0.004037722,0.43553454,0.0,0.0,0.0,1.0
2534601707,2534601589,-0.008195782,-0.020607213,0.0053861653,0.4317882,0.0,0.0,0.0,1.0
2534701702,2534701590,-0.00083095254,-0.07281743,-0.004217185,0.44505635,0.0,0.0,0.0,1.0
2534801705,2534801589,-0.007549246,-0.12313626,-0.008646445,0.44855058,0.0,0.0,0.0,1.0
2534906444,2534906368,-0.013290986,-0.11113113,-0.0052245334,0.4388096,0.0,0.0,0.0,1.0
2535006444,2535006369,0.0011032508,-0.09507706,-0.012195005,0.43092692,0.0,0.0,0.0,1.0
2535106451,2535106369,-0.010878362,-0.011903841,-0.005886185,0.42551875,0.0,0.0,0.0,1.0
2535210444,2535210368,0.009205456,0.043924134,-0.0028604642,0.42604277,0.0,0.0,0.0,1.0
2535311268,2535311193,-0.0043611936,-0.028583556,0.0020522308,0.4209503,0.0,0.0,0.0,1.0
2535411268,2535411193,-0.0016585356,-0.15534271,-0.0062304772,0.43107253,0.0,0.0,0.0,1.0
2535515267,2535515191,-0.008032042,-0.16921225,-0.0044642566,0.42463005,0.0,0.0,0.0,1.0
2535615267,2535615191,-0.011955797,-0.09718627,-0.010205134,0.42705366,0.0,0.0,0.0,1.0
2535716073,2535715996,0.011974402,0.05667201,0.002194525,0.42440173,0.0,0.0,0.0,1.0
2535820075,2535819996,-0.0045344085,-0.010435928,-0.00075558457,0.42667812,0.0,0.0,0.0,1.0
2535924073,2535923996,-0.005987726,0.026743658,-0.00047593028,0.42213392,0.0,0.0,0.0,1.0
2536024844,2536024769,0.0129863545,-0.027015494,0.0036692142,0.42970067,0.0,0.0,0.0,1.0
2536124880,2536124803,0.0023398122,-0.11592881,-0.0069104778,0.43717813,0.0,0.0,0.0,1.0
2536228871,2536228796,-0.0053603295,-0.12655447,-0.006939931,0.43622115,0.0,0.0,0.0,1.0
2536328871,2536328796,-0.011293931,-0.102239594,-0.007857167,0.44097504,0.0,0.0,0.0,1.0
2536432875,2536432796,-0.0015914356,-0.08346431,-0.0111210225,0.4548967,0.0,0.0,0.0,1.0
2536533683,2536533604,0.019816343,-0.104098886,-0.0138421245,0.45962754,0.0,0.0,0.0,1.0
2536633668,2536633589,-0.0015548104,-0.07634203,-0.007716135,0.45776677,0.0,0.0,0.0,1.0
2536733668,2536733589,0.0066981884,-0.08826904,-0.013741875,0.44531408,0.0,0.0,0.0,1.0
2536838465,2536838389,0.014586908,-0.080242135,-0.015187043,0.4404898,0.0,0.0,0.0,1.0
2536938444,2536938368,-0.002539914,-0.09314523,-0.006899572,0.43625927,0.0,0.0,0.0,1.0
2537038451,2537038368,-0.007462026,0.0014404319,-0.0017798372,0.44342837,0.0,0.0,0.0,1.0
2537142447,2537142369,-0.011520521,-0.035101537,-0.004999434,0.4434439,0.0,0.0,0.0,1.0
2537244070,2537243990,-0.017762706,-0.028256863,-0.00039047934,0.44809845,0.0,0.0,0.0,1.0
2537344872,2537344797,-0.017733146,-0.023406494,0.0019630396,0.44940415,0.0,0.0,0.0,1.0
2537447267,2537447192,-0.0056700865,-0.046571217,0.0038208233,0.4562204,0.0,0.0,0.0,1.0
2537547268,2537547192,-0.037687324,0.0023496356,0.004496439,0.45952553,0.0,0.0,0.0,1.0
2537648069,2537647990,-0.009548106,-0.02714673,0.005007144,0.44960198,0.0,0.0,0.0,1.0
2537752134,2537751990,-0.012691382,-0.065031774,-0.0045314543,0.4423768,0.0,0.0,0.0,1.0
2537852069,2537851990,-0.02178638,-0.0020979196,-0.000120267505,0.4460141,0.0,0.0,0.0,1.0
2537952083,2537952002,0.010313288,-0.05541054,0.0027839425,0.45095655,0.0,0.0,0.0,1.0
2538056844,2538056768,-0.009477089,-0.026170488,-0.0013578248,0.44723225,0.0,0.0,0.0,1.0
2538156865,2538156790,-0.006085945,-0.00595898,-0.0011487978,0.44918025,0.0,0.0,0.0,1.0
2538256865,2538256790,-0.002394789,-0.03703926,0.0039370684,0.44582018,0.0,0.0,0.0,1.0
2538360868,2538360789,-0.0054462412,-0.020860236,0.0049735853,0.44542396,0.0,0.0,0.0,1.0
2538461712,2538461597,-0.010776619,0.024217866,0.0012429422,0.44616535,0.0,0.0,0.0,1.0
2538561708,2538561596,0.0071852216,-0.020586729,0.0008861704,0.4469784,0.0,0.0,0.0,1.0
2538665674,2538665596,-0.006357584,-0.029333986,0.0008107731,0.44077432,0.0,0.0,0.0,1.0
2538765678,2538765597,-0.010323713,-0.03711,-0.004894377,0.43276796,0.0,0.0,0.0,1.0
2538866466,2538866390,0.012961881,-0.081093326,-0.010900928,0.4375127,0.0,0.0,0.0,1.0
2538970450,2538970369,0.0029255822,-0.07521629,-0.011999368,0.44397283,0.0,0.0,0.0,1.0
2539070444,2539070368,0.03382358,-0.07965878,-0.01861308,0.45016688,0.0,0.0,0.0,1.0
2539171272,2539171197,0.0032328116,-0.063847415,-0.009442296,0.4479404,0.0,0.0,0.0,1.0
2539271267,2539271192,-0.014269952,-0.062085386,-0.0054593473,0.44802812,0.0,0.0,0.0,1.0
2539375273,2539375197,-0.00015872717,-0.04925953,-0.00917501,0.43961138,0.0,0.0,0.0,1.0
2539475274,2539475198,-0.0607554,-0.033549815,0.0016301852,0.43321693,0.0,0.0,0.0,1.0
2539579274,2539579198,-0.018459313,-0.052211832,-0.0007292358,0.43065986,0.0,0.0,0.0,1.0
2539680069,2539679989,-0.011994406,-0.06485118,0.0020888206,0.44070002,0.0,0.0,0.0,1.0
2539780069,2539779990,0.010142534,-0.053288255,-0.010774348,0.439548,0.0,0.0,0.0,1.0
2539880069,2539879990,0.01366465,-0.069302626,-0.006158321,0.4333666,0.0,0.0,0.0,1.0
2539984845,2539984769,-0.0036164508,-0.05821593,-0.0052383896,0.44054446,0.0,0.0,0.0,1.0
2540084844,2540084768,0.01614603,-0.0062791915,-0.0023852675,0.4490218,0.0,0.0,0.0,1.0
2540184865,2540184790,-0.011709275,-0.0376927,0.0072625987,0.44399798,0.0,0.0,0.0,1.0
2540288865,2540288790,-0.0037364084,-0.053283136,-0.0043447255,0.43902278,0.0,0.0,0.0,1.0
2540389667,2540389588,-0.0032126438,-0.03410191,0.003972848,0.43542105,0.0,0.0,0.0,1.0
2540489639,2540489562,-0.023311589,-0.041206323,0.008130087,0.43754515,0.0,0.0,0.0,1.0
2540593665,2540593590,-0.030292695,-0.030640062,0.0091598565,0.4414914,0.0,0.0,0.0,1.0
2540693666,2540693590,-0.0056939386,-0.051366698,0.0011600801,0.4505083,0.0,0.0,0.0,1.0
2540794466,2540794390,0.0066140033,-0.043895096,-0.0006100456,0.45264262,0.0,0.0,0.0,1.0
2540898465,2540898390,-0.032309595,-0.03755098,0.00792492,0.4566552,0.0,0.0,0.0,1.0
2540998446,2540998368,-0.012650808,-0.035472073,-0.0018449671,0.45810887,0.0,0.0,0.0,1.0
2541098453,2541098369,0.009252704,-0.048220262,-0.0035459292,0.45554122,0.0,0.0,0.0,1.0
2541203267,2541203191,-0.020761058,-0.025411552,0.0030036021,0.44838333,0.0,0.0,0.0,1.0
2541307267,2541307192,-0.00082994066,-0.0371698,-0.0035833926,0.44133323,0.0,0.0,0.0,1.0
2541407268,2541407193,-0.010294555,-0.061382234,0.0011258381,0.44043288,0.0,0.0,0.0,1.0
2541511268,2541511193,0.009633272,-0.050782382,0.0006961324,0.43780026,0.0,0.0,0.0,1.0
2541612077,2541611996,-0.063346215,-0.028272541,0.0014832783,0.44549423,0.0,0.0,0.0,1.0
2541712128,2541711990,0.002352194,-0.049119316,-0.006100864,0.44753668,0.0,0.0,0.0,1.0
2541812069,2541811990,0.007831402,-0.06166656,-0.012384376,0.45617273,0.0,0.0,0.0,1.0
2541916085,2541915996,-0.018145781,-0.082248785,-0.00560415,0.453461,0.0,0.0,0.0,1.0
2542016847,2542016768,0.01858732,-0.07851477,-0.006619746,0.45353886,0.0,0.0,0.0,1.0
2542116844,2542116768,0.015913509,-0.09139348,-0.010868257,0.4426377,0.0,0.0,0.0,1.0
2542220865,2542220790,0.02789183,-0.08086348,-0.012777153,0.4483239,0.0,0.0,0.0,1.0
2542320865,2542320790,0.021797873,-0.043342352,-0.01813972,0.45156,0.0,0.0,0.0,1.0
2542421682,2542421567,0.02831855,0.0015787557,-0.00486096,0.46424955,0.0,0.0,0.0,1.0
2542525675,2542525598,0.012305334,-0.06594413,-0.0029510972,0.4790022,0.0,0.0,0.0,1.0
2542625672,2542625597,0.0077633467,-0.038712543,-0.0025262937,0.4802062,0.0,0.0,0.0,1.0
2542726465,2542726390,0.015617186,0.00013849325,0.0144496225,0.48573038,0.0,0.0,0.0,1.0
2542830465,2542830390,0.008358911,-0.04741019,0.005548882,0.48736566,0.0,0.0,0.0,1.0
2542930465,2542930390,0.008864187,0.011431284,0.018683005,0.49136525,0.0,0.0,0.0,1.0
2543030450,2543030369,0.019447522,-0.018529119,0.008266207,0.48592103,0.0,0.0,0.0,1.0
2543133671,2543133596,0.016067887,0.0062227896,0.010740132,0.48425153,0.0,0.0,0.0,1.0
2543235270,2543235191,0.00414055,-0.018434603,0.009880104,0.48350114,0.0,0.0,0.0,1.0
2543335273,2543335197,-0.018230768,0.0058055995,0.013880211,0.48372704,0.0,0.0,0.0,1.0
2543439274,2543439199,0.00435433,-8.030795e-06,0.007376431,0.48932084,0.0,0.0,0.0,1.0
2543540067,2543539990,-0.005546021,-0.017892696,-0.0050064083,0.4873217,0.0,0.0,0.0,1.0
2543640068,2543639989,0.015565246,-0.019951563,-0.012621932,0.47028998,0.0,0.0,0.0,1.0
2543744069,2543743990,0.018412158,-0.0072856387,-0.01592952,0.4619388,0.0,0.0,0.0,1.0
2543848068,2543847990,-0.0098836925,-0.022802,-0.014375744,0.4638493,0.0,0.0,0.0,1.0
2543948844,2543948768,0.01904245,0.013135329,-0.015750475,0.468856,0.0,0.0,0.0,1.0
2544048844,2544048768,-0.008701184,-0.020913903,-0.0152880205,0.47738814,0.0,0.0,0.0,1.0
2544152844,2544152768,0.011782966,0.025914777,-0.023820998,0.4789043,0.0,0.0,0.0,1.0
2544252870,2544252790,0.019375598,-0.011420889,-0.02330853,0.4696779,0.0,0.0,0.0,1.0
2544353639,2544353561,0.022798426,0.0064898767,-0.24107364,0.4193316,0.0,0.0,0.0,1.0
2544457665,2544457589,0.0044338508,-0.009832604,-0.17179586,0.3728297,0.0,0.0,0.0,1.0
2544557673,2544557589,0.020016758,-0.0096768085,-0.1361618,0.36071444,0.0,0.0,0.0,1.0
2544657665,2544657590,-0.01658877,0.023254275,-0.10580084,0.35507098,0.0,0.0,0.0,1.0
2544762468,2544762390,-0.018978883,0.049600128,-0.093273275,0.33504125,0.0,0.0,0.0,1.0
2544862465,2544862390,-0.023243234,0.036022954,-0.08529382,0.29858398,0.0,0.0,0.0,1.0
2544962478,2544962390,-0.0066609476,0.068551354,-0.07562134,0.25300738,0.0,0.0,0.0,1.0
2545067283,2545067207,-0.004314153,0.054730214,-0.0705172,0.21156754,0.0,0.0,0.0,1.0
2545167268,2545167193,0.07374698,0.022362199,-0.057993256,0.24801941,0.0,0.0,0.0,1.0
2545267269,2545267192,-0.025425496,-0.016885662,-0.04748718,0.34515837,0.0,0.0,0.0,1.0
2545371273,2545371197,-0.04254955,0.03595918,-0.049870424,0.4098713,0.0,0.0,0.0,1.0
2545472070,2545471990,-0.04181615,0.09268835,-0.04046501,0.43072122,0.0,0.0,0.0,1.0
2545572071,2545571989,-0.041133516,0.07110444,-0.04931504,0.44030616,0.0,0.0,0.0,1.0
2545676067,2545675990,0.00646082,0.026462592,-0.06125457,0.4482122,0.0,0.0,0.0,1.0
2545776067,2545775990,-0.035050776,0.037775353,-0.054680284,0.45133728,0.0,0.0,0.0,1.0
2545876844,2545876768,-0.05656915,0.009359434,-0.051345102,0.45320883,0.0,0.0,0.0,1.0
2545980843,2545980767,-0.03961574,-0.011055579,-0.035727303,0.45106816,0.0,0.0,0.0,1.0
2546084844,2546084768,-0.086643875,0.032816455,0.025202196,0.45212522,0.0,0.0,0.0,1.0
2546184844,2546184768,-0.058708698,-0.08502237,0.08570427,0.44616213,0.0,0.0,0.0,1.0
2546285645,2546285567,-0.056284845,-0.08528725,0.11931777,0.4370113,0.0,0.0,0.0,1.0
2546389671,2546389596,-0.089634396,-0.08092214,0.15791608,0.42212516,0.0,0.0,0.0,1.0
2546493671,2546493596,-0.06886051,-0.07606906,0.166856,0.40067565,0.0,0.0,0.0,1.0
2546593645,2546593567,-0.054562256,-0.061608825,0.16807926,0.39289466,0.0,0.0,0.0,1.0
2546698472,2546698390,-0.023722965,-0.06608586,0.14356944,0.39342746,0.0,0.0,0.0,1.0
2546798464,2546798389,-0.0077791493,-0.08409949,0.12612897,0.40632436,0.0,0.0,0.0,1.0
2546898465,2546898390,-0.054530937,-0.06252511,0.1164045,0.41766116,0.0,0.0,0.0,1.0
2546999248,2546999172,-0.021344492,-0.1215193,0.08183618,0.4173375,0.0,0.0,0.0,1.0
2547103275,2547103199,-0.06737459,-0.017660322,0.057934307,0.41020915,0.0,0.0,0.0,1.0
2547203267,2547203191,-0.05550967,-0.04993568,0.020205524,0.41062605,0.0,0.0,0.0,1.0
2547307273,2547307197,-0.03226003,-0.04376421,-0.014931655,0.41307184,0.0,0.0,0.0,1.0
2547407273,2547407193,-0.023814779,-0.03001045,-0.027000105,0.42218676,0.0,0.0,0.0,1.0
2547508076,2547507998,-0.013979527,-0.009034246,-0.043476045,0.43224716,0.0,0.0,0.0,1.0
2547608135,2547607996,-0.010572005,-0.06845131,-0.042241752,0.4489738,0.0,0.0,0.0,1.0
2547712067,2547711990,0.029706609,-0.061545275,-0.045862474,0.4423429,0.0,0.0,0.0,1.0
2547812865,2547812790,-0.001805935,-0.06461448,-0.04910765,0.44928992,0.0,0.0,0.0,1.0
2547912844,2547912768,-0.08534953,-0.0151130855,-0.017984929,0.43686384,0.0,0.0,0.0,1.0
2548016847,2548016772,-0.07422177,0.012440681,-0.011005944,0.43266544,0.0,0.0,0.0,1.0
2548116844,2548116768,-0.037972547,0.04901265,0.019024355,0.42641088,0.0,0.0,0.0,1.0
2548217638,2548217561,0.04437451,-0.035235696,-0.017674765,0.43073037,0.0,0.0,0.0,1.0
2548321708,2548321596,0.036606222,0.007958411,-0.016265254,0.44965577,0.0,0.0,0.0,1.0
2548421708,2548421596,0.02664381,-0.09011593,-0.03400488,0.45716992,0.0,0.0,0.0,1.0
2548521708,2548521596,-0.059088822,-0.08927954,-0.032149214,0.47711357,0.0,0.0,0.0,1.0
2548626468,2548626393,-0.083623156,-0.086541176,-0.0016928476,0.49982235,0.0,0.0,0.0,1.0
2548726465,2548726390,-0.021233737,-0.038172875,-0.004307187,0.5072083,0.0,0.0,0.0,1.0
2548826470,2548826389,-0.021908993,-0.04194407,-0.008513314,0.5136707,0.0,0.0,0.0,1.0
2548930465,2548930390,-0.051816713,-0.021437116,-0.030242346,0.50484926,0.0,0.0,0.0,1.0
2549031247,2549031171,-0.031092228,-0.02847038,-0.04592646,0.4947478,0.0,0.0,0.0,1.0
2549131267,2549131191,-0.010735174,-0.036000382,-0.07020009,0.47373986,0.0,0.0,0.0,1.0
2549235273,2549235197,-0.02773583,-0.058504295,-0.07693567,0.47035187,0.0,0.0,0.0,1.0
2549339276,2549339198,-0.08597657,0.00079597905,-0.06407584,0.46811005,0.0,0.0,0.0,1.0
2549440077,2549439996,-0.027959198,0.004574951,-0.06135512,0.46299767,0.0,0.0,0.0,1.0
2549540075,2549539996,-0.03923834,0.0024648393,-0.07311806,0.46166253,0.0,0.0,0.0,1.0
2549644080,2549643996,-0.0008808337,-0.077247635,-0.07404809,0.46710595,0.0,0.0,0.0,1.0
2549744075,2549743996,-0.018424075,-0.053828858,-0.06609993,0.47556564,0.0,0.0,0.0,1.0
2549844865,2549844790,-0.01716175,-0.075619474,-0.05121526,0.4781247,0.0,0.0,0.0,1.0
2549948844,2549948768,-0.051263176,-0.016135134,-0.030072704,0.4696264,0.0,0.0,0.0,1.0
2550048836,2550048769,-0.02871291,0.011461304,-0.024167882,0.48159286,0.0,0.0,0.0,1.0
2550152844,2550152768,-0.026775979,-0.035195313,-0.021128014,0.47866422,0.0,0.0,0.0,1.0
2550253673,2550253589,-0.031076707,0.0015531061,-0.0047691483,0.48668844,0.0,0.0,0.0,1.0
2550353665,2550353590,-0.025217928,-0.03439958,0.0011727493,0.49612254,0.0,0.0,0.0,1.0
2550453665,2550453590,-0.011156195,-0.0022242907,0.0092864465,0.49276084,0.0,0.0,0.0,1.0
2550558465,2550558390,-0.010700369,-0.06905854,0.0026750863,0.4927344,0.0,0.0,0.0,1.0
2550658465,2550658390,-0.016887218,-0.015878964,0.015330216,0.49061564,0.0,0.0,0.0,1.0
2550758474,2550758390,-0.035526745,-0.039460972,0.015151008,0.48223913,0.0,0.0,0.0,1.0
2550862469,2550862390,-0.04292571,-0.071917556,0.010065228,0.47395498,0.0,0.0,0.0,1.0
2550967250,2550967171,-0.021669876,-0.04469738,0.0045407778,0.4690484,0.0,0.0,0.0,1.0
2551067248,2551067170,-0.015989933,-0.027561458,0.00785093,0.46136785,0.0,0.0,0.0,1.0
2551171269,2551171193,-0.03419006,0.0031106991,0.00894655,0.468407,0.0,0.0,0.0,1.0
2551271276,2551271197,-0.02410954,-0.008709027,-0.001242538,0.47668457,0.0,0.0,0.0,1.0
2551372070,2551371990,-0.023233905,-0.017156536,0.0058948733,0.47691196,0.0,0.0,0.0,1.0
2551472066,2551471989,-0.03863852,-0.011881079,0.0034554675,0.47774684,0.0,0.0,0.0,1.0
2551576070,2551575990,-0.05015921,-0.013117824,0.008438409,0.47009325,0.0,0.0,0.0,1.0
2551676069,2551675989,-0.016078416,-0.071666494,-0.004229209,0.47093892,0.0,0.0,0.0,1.0
2551776874,2551776796,-0.06686992,-0.021088865,0.0018655648,0.4687903,0.0,0.0,0.0,1.0
2551880871,2551880796,-0.027531255,-0.03347835,-0.01071544,0.45600176,0.0,0.0,0.0,1.0
2551980844,2551980768,-0.039979666,-0.001051018,-0.0046838894,0.45448205,0.0,0.0,0.0,1.0
2552084844,2552084768,-0.018618386,-0.034285955,-0.019258387,0.45865017,0.0,0.0,0.0,1.0
2552185640,2552185564,-0.038156796,-0.037266426,-0.0128043005,0.4617012,0.0,0.0,0.0,1.0
2552285677,2552285602,-0.02472407,-0.0076874075,-0.0076658144,0.4651395,0.0,0.0,0.0,1.0
2552385674,2552385597,-0.034322307,-0.013658972,-0.004539395,0.46087345,0.0,0.0,0.0,1.0
2552489668,2552489593,-0.03277646,-0.05575993,-0.012825867,0.46892503,0.0,0.0,0.0,1.0
2552590472,2552590390,-0.027100667,-0.043693658,-0.004882186,0.48050755,0.0,0.0,0.0,1.0
2552690474,2552690390,-0.047152236,-0.0441077,-0.0079486845,0.46598202,0.0,0.0,0.0,1.0
2552794473,2552794389,-0.011952563,-0.0591605,-0.011768207,0.44701692,0.0,0.0,0.0,1.0
2552895247,2552895171,-0.021151261,-0.01972202,-0.008753465,0.45446163,0.0,0.0,0.0,1.0
2552995246,2552995171,-0.041873008,-0.01159901,-0.0011737961,0.45808104,0.0,0.0,0.0,1.0
2553099248,2553099171,-0.0007255192,-0.028621193,-0.01272749,0.47104695,0.0,0.0,0.0,1.0
2553199273,2553199198,-0.038958453,-0.026325647,-0.010768218,0.46167982,0.0,0.0,0.0,1.0
2553300073,2553299996,-0.023917625,0.008460629,-0.004409314,0.45260757,0.0,0.0,0.0,1.0
2553404069,2553403990,-0.037444886,-0.028972926,-0.016917003,0.45778012,0.0,0.0,0.0,1.0
2553504127,2553503990,-0.030836813,-0.04723673,-0.015756456,0.45736665,0.0,0.0,0.0,1.0
2553604087,2553604002,-0.030161131,-0.06679028,-0.01774699,0.45721868,0.0,0.0,0.0,1.0
2553708866,2553708790,-0.047211878,-0.014708445,-0.006707469,0.4605104,0.0,0.0,0.0,1.0
2553808878,2553808796,-0.045573186,-0.0018018363,-0.009794342,0.44510314,0.0,0.0,0.0,1.0
2553908865,2553908790,-0.043393023,-0.054451074,-0.015394323,0.42421725,0.0,0.0,0.0,1.0
2554012844,2554012769,-0.0084671695,-0.07867305,-0.023795623,0.3937925,0.0,0.0,0.0,1.0
2554113668,2554113592,-0.028099898,0.022602944,-0.01426255,0.35703447,0.0,0.0,0.0,1.0
2554213670,2554213595,-0.046106145,-0.06820531,-0.01312776,0.3287186,0.0,0.0,0.0,1.0
2554317665,2554317590,-0.01467873,-0.02946663,-0.0077048372,0.29603186,0.0,0.0,0.0,1.0
2554417665,2554417590,-0.022792717,-0.03851524,0.0012897374,0.27504578,0.0,0.0,0.0,1.0
2554518464,2554518389,-0.06832777,-0.06403099,0.015426503,0.27921245,0.0,0.0,0.0,1.0
2554622474,2554622390,-0.06230609,-0.06945938,0.03016083,0.30217895,0.0,0.0,0.0,1.0
2554722465,2554722390,-0.0291471,-0.09023353,0.034702424,0.361041,0.0,0.0,0.0,1.0
2554823250,2554823172,-0.009928223,-0.057001654,0.036425788,0.41249305,0.0,0.0,0.0,1.0
2554923248,2554923172,0.0010237098,-0.15349731,0.039089754,0.43676844,0.0,0.0,0.0,1.0
2555027246,2555027171,-0.104852475,-0.064989254,0.061571307,0.4468336,0.0,0.0,0.0,1.0
2555127273,2555127198,-0.036516346,-0.102244325,0.045101393,0.45373312,0.0,0.0,0.0,1.0
2555231275,2555231198,0.0041483017,-0.12374125,0.018435916,0.4526952,0.0,0.0,0.0,1.0
2555336067,2555335990,-0.082125366,-0.0036990596,0.02075971,0.45069712,0.0,0.0,0.0,1.0
2555436067,2555435990,-0.029007528,-0.06679804,-0.0015227114,0.46413633,0.0,0.0,0.0,1.0
2555536080,2555536001,-0.02448615,-0.085524105,0.007665734,0.47222927,0.0,0.0,0.0,1.0
2555640067,2555639990,-0.04053606,-0.02166399,-0.0002580473,0.4666208,0.0,0.0,0.0,1.0
2555740874,2555740795,-0.02186865,-0.054378044,-0.0012734255,0.46713853,0.0,0.0,0.0,1.0
2555840871,2555840796,-0.029589716,-0.053606015,-0.0044427393,0.4619402,0.0,0.0,0.0,1.0
2555944844,2555944768,-0.002945731,-0.12443667,-0.039150175,0.45251557,0.0,0.0,0.0,1.0
2556045671,2556045596,-0.0059753163,-0.16968031,-0.05453854,0.44139516,0.0,0.0,0.0,1.0
2556145674,2556145595,-0.01837888,-0.12071812,-0.054784287,0.4403353,0.0,0.0,0.0,1.0
2556249671,2556249596,-0.028860025,-0.025053935,-0.054765683,0.43950155,0.0,0.0,0.0,1.0
2556349671,2556349596,-0.044517204,-0.05860424,-0.051244095,0.44298157,0.0,0.0,0.0,1.0
2556450471,2556450396,-0.049582332,-0.024664186,-0.04218638,0.4427483,0.0,0.0,0.0,1.0
2556554471,2556554390,-0.0732286,-0.014991302,-0.033001352,0.4450802,0.0,0.0,0.0,1.0
2556654465,2556654390,-0.049297675,-0.038349792,-0.023260154,0.44371444,0.0,0.0,0.0,1.0
2556754465,2556754390,-0.055293538,0.004861362,-0.014543024,0.44248796,0.0,0.0,0.0,1.0
2556855250,2556855171,-0.07163418,0.010415794,-0.009004383,0.43698102,0.0,0.0,0.0,1.0
2556959252,2556959175,0.014108466,-0.027556134,-0.014453453,0.4330361,0.0,0.0,0.0,1.0
2557059246,2557059171,-0.03446058,-0.01110419,-0.015715592,0.43460128,0.0,0.0,0.0,1.0
2557163275,2557163199,-0.029948257,-0.02049458,-0.020326186,0.4401895,0.0,0.0,0.0,1.0
2557264075,2557263996,-0.02264635,-0.043602005,-0.012146821,0.43847045,0.0,0.0,0.0,1.0
2557364075,2557363996,-0.0010270616,-0.074861035,-0.009909971,0.4305205,0.0,0.0,0.0,1.0
2557464132,2557463996,-0.02747872,-0.014776066,-0.011749777,0.42825615,0.0,0.0,0.0,1.0
2557568072,2557567990,-0.06664985,-0.050574943,0.004876637,0.41989577,0.0,0.0,0.0,1.0
2557668865,2557668790,-0.036274068,-0.081693895,0.02574914,0.41507804,0.0,0.0,0.0,1.0
2557768875,2557768796,-0.055617254,-0.08304679,0.025213994,0.42015785,0.0,0.0,0.0,1.0
2557872868,2557872790,-0.031501003,-0.08772706,0.030968199,0.41553366,0.0,0.0,0.0,1.0
2557972844,2557972768,-0.07424344,0.0131184645,0.024920046,0.4115151,0.0,0.0,0.0,1.0
2558073689,2558073612,-0.08773059,-0.03458522,0.027725728,0.41613373,0.0,0.0,0.0,1.0
2558177670,2558177594,-0.060660463,-0.051827148,0.034114312,0.45082495,0.0,0.0,0.0,1.0
2558277674,2558277595,-0.035080552,-0.028088205,0.04455248,0.47829303,0.0,0.0,0.0,1.0
2558377671,2558377596,-0.076072186,-0.08161923,0.054375805,0.50254965,0.0,0.0,0.0,1.0
2558482465,2558482390,-0.025142191,-0.018717438,0.06296861,0.52572185,0.0,0.0,0.0,1.0
2558582471,2558582390,-0.014838945,-0.031591944,0.07333024,0.55781764,0.0,0.0,0.0,1.0
2558682471,2558682389,-0.008849413,-0.011819951,0.046777695,0.561831,0.0,0.0,0.0,1.0
2558787247,2558787171,-0.034244403,-0.04200663,0.0017332691,0.55183977,0.0,0.0,0.0,1.0
2558887246,2558887171,-0.04105703,-0.01581902,-0.009779759,0.53862864,0.0,0.0,0.0,1.0
2558987246,2558987171,-0.04588956,-0.031871732,-0.024609873,0.5188232,0.0,0.0,0.0,1.0
2559091248,2559091171,-0.03226056,-0.048734725,-0.04131135,0.495898,0.0,0.0,0.0,1.0
2559192078,2559191997,-0.017992139,-0.022381641,-0.044007633,0.48688176,0.0,0.0,0.0,1.0
2559292073,2559291996,-0.029987337,-0.043157466,-0.044760868,0.4658033,0.0,0.0,0.0,1.0
2559396073,2559395996,-0.008203689,-0.062727846,-0.043975525,0.44303504,0.0,0.0,0.0,1.0
2559496075,2559495996,-0.017784627,-0.05116938,-0.03489762,0.4475505,0.0,0.0,0.0,1.0
2559596868,2559596789,0.0041381503,-0.07263416,-0.031784646,0.45822582,0.0,0.0,0.0,1.0
2559700865,2559700790,-0.03196925,-0.041916415,-0.01547273,0.4594779,0.0,0.0,0.0,1.0
2559800865,2559800790,-0.028638994,-0.027104853,-0.014560378,0.46247762,0.0,0.0,0.0,1.0
2559900865,2559900790,-0.036462225,-0.050038897,-0.013347861,0.45657498,0.0,0.0,0.0,1.0
2560001702,2560001590,-0.03977859,0.004329242,-0.011595509,0.46291083,0.0,0.0,0.0,1.0
2560105669,2560105590,-0.006581711,-0.03638736,-0.024872903,0.4647437,0.0,0.0,0.0,1.0
2560205674,2560205595,-0.023275012,-0.035591923,-0.026023643,0.45863426,0.0,0.0,0.0,1.0
2560309667,2560309589,-0.014269855,-0.026715813,-0.017936796,0.4567635,0.0,0.0,0.0,1.0
2560410465,2560410390,-0.026296299,-0.0073709786,-0.019393906,0.4658053,0.0,0.0,0.0,-1.0
2560510467,2560510390,-0.03565727,-0.004547894,-0.021176537,0.45624784,0.0,0.0,0.0,-1.0
2560610465,2560610390,-0.061259113,0.006214218,-0.01735633,0.46843967,0.0,0.0,0.0,-1.0
2560715268,2560715193,0.020135468,-0.047592886,-0.031656936,0.46158394,0.0,0.0,0.0,-1.0
2560815246,2560815171,-0.020144511,-0.07049861,-0.030155916,0.4613136,0.0,0.0,0.0,-1.0
2560915247,2560915171,-0.014103954,-0.048575327,-0.032802798,0.46523654,0.0,0.0,0.0,-1.0
2561019256,2561019181,-0.04257707,0.017553363,-0.015930763,0.46525785,0.0,0.0,0.0,-1.0
2561119246,2561119171,-0.021355394,-0.00054683816,-0.016699016,0.46735284,0.0,0.0,0.0,-1.0
2561220083,2561220001,-0.012028016,-0.026810907,-0.024726324,0.46121964,0.0,0.0,0.0,-1.0
2561324073,2561323989,-0.03169667,-0.02677647,-0.019174041,0.4651194,0.0,0.0,0.0,-1.0
2561424129,2561423989,-0.040373154,-0.02040061,-0.015454746,0.4639817,0.0,0.0,0.0,-1.0
2561524868,2561524790,-0.029603232,-0.004123105,-0.010412374,0.45514476,0.0,0.0,0.0,-1.0
2561628865,2561628789,0.0076530813,0.0019100665,-0.021815812,0.45666802,0.0,0.0,0.0,-1.0
2561728865,2561728790,-0.008577505,-0.025212422,-0.020688746,0.45440245,0.0,0.0,0.0,-1.0
2561828868,2561828789,-0.04223962,-0.031157404,-0.01602378,0.45873433,0.0,0.0,0.0,-1.0
2561933647,2561933569,-0.007111571,-0.0009833584,-0.0069052647,0.45672005,0.0,0.0,0.0,-1.0
2562033668,2562033589,-0.015034466,-0.0054367855,-0.013859606,0.4609843,0.0,0.0,0.0,-1.0
2562133699,2562133621,-0.0130959265,-0.014504474,-0.013064397,0.46383607,0.0,0.0,0.0,-1.0
2562237665,2562237590,-0.047027655,0.004412729,0.0054216003,0.46741244,0.0,0.0,0.0,-1.0
2562338465,2562338390,-0.012961026,-0.041793354,-0.00811604,0.46514732,0.0,0.0,0.0,-1.0
2562438465,2562438390,-0.04096364,-0.046083726,0.0017286558,0.46261674,0.0,0.0,0.0,-1.0
2562542465,2562542389,-0.005601179,-0.02655853,0.0013765497,0.44945416,0.0,0.0,0.0,-1.0
2562642465,2562642390,-0.024733864,-0.0047897436,0.014487377,0.4606472,0.0,0.0,0.0,-1.0
2562743286,2562743209,-0.0395493,-0.02087463,0.017037772,0.46000925,0.0,0.0,0.0,-1.0
2562847247,2562847171,-0.033521473,-0.0041555017,0.026135009,0.4611491,0.0,0.0,0.0,-1.0
2562947260,2562947181,-0.0558282,-0.03086386,0.040313534,0.46029302,0.0,0.0,0.0,-1.0
2563048073,2563047996,-0.01479165,-0.028205696,0.027879458,0.45994973,0.0,0.0,0.0,-1.0
2563148073,2563147996,-0.006283122,0.018411977,0.03802164,0.4593527,0.0,0.0,0.0,-1.0
2563252076,2563251997,-0.0014307215,0.0069615664,0.03489613,0.45363694,0.0,0.0,0.0,-1.0
2563352075,2563351996,-0.025086597,-0.0032609524,0.016223064,0.45374814,0.0,0.0,0.0,-1.0
2563456081,2563456001,-0.0041946,-0.025492985,0.011727833,0.44745356,0.0,0.0,0.0,-1.0
2563556885,2563556810,-0.005973861,-0.0044277813,0.012916774,0.45462236,0.0,0.0,0.0,-1.0
2563656871,2563656796,-0.02901366,0.015394672,0.0045170295,0.45849696,0.0,0.0,0.0,-1.0
2563760868,2563760790,-0.0014331788,0.04490316,0.010704872,0.44868264,0.0,0.0,0.0,-1.0
2563860868,2563860789,0.0034878275,-0.008491092,0.00034395626,0.44176647,0.0,0.0,0.0,-1.0
2563961684,2563961568,-0.015272599,0.020739378,0.0002570507,0.4335009,0.0,0.0,0.0,-1.0
2564061705,2564061589,-0.0024910974,-0.006122358,-0.004165949,0.42958263,0.0,0.0,0.0,-1.0
2564165665,2564165585,-0.029123928,0.08974538,-0.013026771,0.43084157,0.0,0.0,0.0,-1.0
2564266465,2564266390,0.1448545,0.2960344,0.012896804,0.3772517,0.0,0.0,0.0,-1.0
2564366471,2564366390,-0.084032744,-0.052870326,0.006409234,0.2552378,0.0,0.0,0.0,-1.0
2564470463,2564470396,-0.0299934,0.08728474,0.025740067,0.2673364,0.0,0.0,0.0,-1.0
2564570471,2564570396,-0.03224054,-0.06495666,0.037621766,0.28116783,0.0,0.0,0.0,-1.0
2564671268,2564671192,0.046058178,0.10114979,-0.010339724,0.22009736,0.0,0.0,0.0,-1.0
2564775277,2564775201,0.056357533,0.073759615,0.0318283,0.20341921,0.0,0.0,0.0,-1.0
2564875260,2564875183,0.03182705,0.044094976,0.013270467,0.16986516,0.0,0.0,0.0,-1.0
2564975252,2564975176,0.06297227,0.026612677,0.02338013,0.14399156,0.0,0.0,0.0,-1.0
2565080067,2565079990,0.054980334,0.033347264,0.01481534,0.12,0.0,0.0,0.0,-1.0
2565180069,2565179990,0.05901377,0.032634035,0.01079081,0.12,0.0,0.0,0.0,-1.0
2565280080,2565280002,0.06608903,0.02319334,0.0066636363,0.0,0.0,0.0,0.0,-1.0
2565384129,2565383990,0.06352197,0.018871225,0.01654025,0.0,0.0,0.0,0.0,-1.0
2565484870,2565484796,0.073932916,-0.005228054,0.018769795,0.0,0.0,0.0,0.0,-1.0
2565584870,2565584796,0.0724451,0.011174682,0.022208838,0.0,0.0,0.0,0.0,-1.0
2565688873,2565688796,0.072522625,0.023337267,0.009623297,0.0,0.0,0.0,0.0,-1.0
2565788870,2565788796,0.054633696,0.048881106,0.009333167,0.0,0.0,0.0,0.0,-1.0
2565889643,2565889568,0.053180527,0.025018815,0.0006987862,0.0,0.0,0.0,0.0,-1.0
2565993643,2565993568,0.06299631,0.016593173,-0.0004431717,0.0,0.0,0.0,0.0,-1.0
2566093673,2566093595,0.06618672,0.015617388,0.004139279,0.0,0.0,0.0,0.0,-1.0
2566193643,2566193567,0.059180524,0.045459434,0.00043969974,0.0,0.0,0.0,0.0,-1.0
2566298470,2566298390,0.06847458,0.031157311,-0.0032085618,0.0,0.0,0.0,0.0,-1.0
2566398467,2566398389,0.05410918,0.00022552162,0.009860031,0.0,0.0,0.0,0.0,-1.0
2566498464,2566498390,0.058480814,0.032303255,0.007473535,0.0,0.0,0.0,0.0,-1.0
2566599277,2566599199,0.07375835,0.027659971,-0.0022176374,0.0,0.0,0.0,0.0,-1.0
2566703266,2566703191,0.07059243,0.019497462,0.00613681,0.0,0.0,0.0,0.0,-1.0
2566803270,2566803192,0.06751522,0.022681529,0.0014255707,0.0,0.0,0.0,0.0,-1.0
2566907246,2566907171,0.07527778,0.025833908,0.002907868,0.0,0.0,0.0,0.0,-1.0
2567008069,2567007990,0.07088463,0.02553468,0.00163592,0.0,0.0,0.0,0.0,-1.0
2567108075,2567107989,0.07116599,0.020979919,0.0035158873,0.0,0.0,0.0,0.0,-1.0
2567208069,2567207990,0.06918264,0.023152942,0.0030695251,0.0,0.0,0.0,0.0,-1.0
2567312070,2567311989,0.07030666,0.022037748,0.00068856374,0.0,0.0,0.0,0.0,-1.0
2567412867,2567412789,0.07057794,0.023565954,0.0019024946,0.0,0.0,0.0,0.0,-1.0
2567512867,2567512790,0.06878179,0.022169378,0.0013319328,0.0,0.0,0.0,0.0,-1.0
