timestamp,time_utc_usec,lat,lon,alt,alt_ellipsoid,s_variance_m_s,c_variance_rad,eph,epv,hdop,vdop,noise_per_ms,jamming_indicator,vel_m_s,vel_n_m_s,vel_e_m_s,vel_d_m_s,cog_rad,timestamp_time_relative,heading,heading_offset,fix_type,vel_ned_valid,satellites_used
2480561809,1544809260400359,323874842,-1170764482,18458,-15986,0.24200001,0.7355089,0.772,1.2470001,0.53,0.77,97,2,0.043,-0.043,0.0,0.022000002,4.999067,0,nan,0.0,4,1,22
2480770030,1544809260600358,323874841,-1170764482,18464,-15980,0.30400002,0.73552024,0.77300006,1.248,0.53,0.77,97,2,0.016,-0.010000001,-0.012,-0.037,4.999067,0,nan,0.0,4,1,22
2480962038,1544809260800358,323874841,-1170764482,18448,-15996,0.303,0.7355316,0.77400005,1.2490001,0.53,0.77,97,2,0.032,-0.031000001,-0.009000001,-0.062000003,4.999067,0,nan,0.0,4,1,22
2481166018,1544809261000358,323874841,-1170764481,18438,-16006,0.23900001,0.7355405,0.776,1.251,0.53,0.77,94,2,0.067,-0.016,0.065000005,0.008,4.999067,0,nan,0.0,4,1,22
2481363126,1544809261200358,323874841,-1170764480,18420,-16024,0.25,0.7355499,0.777,1.2520001,0.53,0.77,94,2,0.07,0.062000003,0.031000001,-0.010000001,4.999067,0,nan,0.0,4,1,22
2481562032,1544809261400358,323874842,-1170764479,18404,-16040,0.324,0.73556197,0.77900004,1.2540001,0.53,0.77,94,2,0.027,0.019000001,0.019000001,-0.047000002,4.999067,0,nan,0.0,4,1,22
2481765145,1544809261600358,323874842,-1170764478,18383,-16062,0.277,0.7355723,0.78000003,1.256,0.53,0.77,94,2,0.026,0.015000001,0.021000002,0.033,4.999067,0,nan,0.0,4,1,22
2481959728,1544809261800358,323874842,-1170764477,18364,-16080,0.317,0.73558414,0.78200006,1.258,0.53,0.77,94,2,0.016,0.014,0.008,0.069000006,4.999067,0,nan,0.0,4,1,22
2482181063,1544809262000358,323874843,-1170764476,18345,-16099,0.32700002,0.73559636,0.78300005,1.2600001,0.53,0.77,94,3,0.028,0.013,-0.025,0.08400001,4.999067,0,nan,0.0,4,1,22
2482370054,1544809262200358,323874843,-1170764476,18336,-16108,0.323,0.7356084,0.78400004,1.261,0.53,0.77,94,3,0.023000002,-0.021000002,-0.009000001,0.058000002,4.999067,0,nan,0.0,4,1,22
2482571101,1544809262400358,323874842,-1170764474,18357,-16087,0.33100003,0.7356206,0.786,1.263,0.53,0.77,94,3,0.074,0.004,0.074,-0.28800002,4.999067,0,nan,0.0,4,1,22
2482770024,1544809262600358,323874841,-1170764471,18603,-15841,0.33800003,0.7356855,0.78700006,1.264,0.53,0.77,94,3,0.18400002,-0.098000005,0.155,-1.7320001,4.999067,0,nan,0.0,4,1,22
2482969090,1544809262800358,323874839,-1170764467,19042,-15402,0.33900002,0.73578274,0.79,1.268,0.53,0.77,94,3,0.21900001,-0.106000006,0.19100001,-2.598,4.999067,0,nan,0.0,4,1,22
2483170127,1544809263000358,323874838,-1170764465,19434,-15010,0.33900002,0.73585224,0.79300004,1.2720001,0.53,0.77,94,2,0.057000004,-0.044000003,0.036000002,-1.866,4.999067,0,nan,0.0,4,1,22
2483366308,1544809263200358,323874839,-1170764462,19720,-14724,0.344,0.735885,0.79700005,1.2750001,0.53,0.77,94,2,0.33600003,0.23200001,0.24300002,-0.813,4.999067,0,nan,0.0,4,1,22
2483572049,1544809263400358,323874844,-1170764459,19832,-14612,0.32500002,0.7336264,0.8,1.276,0.53,0.77,94,2,0.37100002,0.36900002,0.043,-0.72400004,5.7006826,0,nan,0.0,4,1,22
2483772314,1544809263600357,323874853,-1170764457,19965,-14479,0.326,0.37505692,0.80300003,1.279,0.53,0.77,94,2,0.76900005,0.75100005,0.16800001,-0.59300005,0.053540938,0,nan,0.0,4,1,22
2483965084,1544809263800357,323874870,-1170764455,20082,-14363,0.293,0.21776246,0.80700004,1.2820001,0.53,0.77,94,2,1.2260001,1.222,0.09900001,-0.605,0.07405815,0,nan,0.0,4,1,22
2484170086,1544809264000357,323874895,-1170764451,20196,-14248,0.312,0.18259005,0.81000006,1.2870001,0.53,0.77,94,2,1.6500001,1.626,0.27800003,-0.587,0.13009962,0,nan,0.0,4,1,22
2484366015,1544809264200357,323874927,-1170764443,20337,-14107,0.273,0.13375278,0.814,1.2900001,0.53,0.77,94,2,2.1160002,2.056,0.497,-0.49500003,0.19979341,0,nan,0.0,4,1,22
2484558035,1544809264400357,323874969,-1170764431,20447,-13997,0.29900002,0.09746616,0.81700003,1.292,0.53,0.77,94,2,2.638,2.585,0.52400005,-0.49,0.19991907,0,nan,0.0,4,1,22
2484763017,1544809264600357,323875019,-1170764417,20541,-13903,0.289,0.09202597,0.82000005,1.2950001,0.53,0.77,94,2,3.1350002,3.029,0.81000006,-0.55700004,0.23261677,0,nan,0.0,4,1,22
2484962071,1544809264800357,323875078,-1170764398,20668,-13776,0.29200003,0.07045667,0.823,1.299,0.53,0.77,94,2,3.703,3.6000001,0.87100005,-0.588,0.2355889,0,nan,0.0,4,1,22
2485172121,1544809265000357,323875146,-1170764377,20771,-13673,0.29500002,0.061064877,0.82500005,1.302,0.53,0.77,93,2,4.17,4.0490003,0.99500006,-0.57500005,0.23871669,0,nan,0.0,4,1,22
2485367110,1544809265200357,323875221,-1170764354,20906,-13538,0.287,0.06462238,0.82800007,1.3060001,0.53,0.77,93,2,4.52,4.373,1.141,-0.43800002,0.24673404,0,nan,0.0,4,1,22
2485569033,1544809265400357,323875304,-1170764327,20984,-13460,0.30900002,0.05770861,0.83100003,1.3110001,0.53,0.77,93,2,5.058,4.852,1.427,-0.514,0.26919502,0,nan,0.0,4,1,22
2485772015,1544809265600357,323875396,-1170764295,21106,-13338,0.31300002,0.046829276,0.83400005,1.314,0.53,0.77,93,2,5.4540005,5.2530003,1.468,-0.647,0.27130967,0,nan,0.0,4,1,22
2485968996,1544809265800357,323875496,-1170764260,21190,-13254,0.27800003,0.042028397,0.837,1.3160001,0.53,0.77,93,2,6.111,5.8690004,1.705,-0.503,0.278055,0,nan,0.0,4,1,22
2486189023,1544809266000357,323875607,-1170764221,21247,-13197,0.30100003,0.04234535,0.84000003,1.319,0.53,0.77,93,2,6.702,6.4270005,1.899,-0.323,0.2831212,0,nan,0.0,4,1,22
2486370021,1544809266200357,323875724,-1170764178,21314,-13130,0.28300002,0.039490342,0.84300005,1.3240001,0.53,0.77,93,2,6.991,6.6770005,2.0730002,-0.41200003,0.29354534,0,nan,0.0,4,1,22
2486570030,1544809266400357,323875848,-1170764131,21364,-13080,0.289,0.034580205,0.845,1.3260001,0.53,0.77,93,2,7.4540005,7.1140003,2.2250001,-0.312,0.29953983,0,nan,0.0,4,1,22
2486767234,1544809266600356,323875982,-1170764079,21394,-13050,0.27600002,0.03278636,0.84700006,1.3280001,0.53,0.77,93,2,8.064,7.668,2.4950001,-0.24100001,0.3146097,0,nan,0.0,4,1,22
2486966015,1544809266800356,323876124,-1170764023,21415,-13029,0.294,0.031883847,0.84900004,1.33,0.53,0.77,93,2,8.548,8.133,2.6290002,-0.22600001,0.3126448,0,nan,0.0,4,1,22
2487155244,1544809267000356,323876273,-1170763964,21469,-12975,0.305,0.032187186,0.85300004,1.3330001,0.53,0.77,93,2,8.981001,8.502001,2.891,-0.215,0.32774663,0,nan,0.0,4,1,22
2487362049,1544809267200356,323876428,-1170763901,21521,-12922,0.273,0.031921722,0.85600007,1.335,0.53,0.77,93,2,9.349,8.811001,3.1250002,-0.303,0.34085563,0,nan,0.0,4,1,22
2487567239,1544809267400356,323876589,-1170763832,21686,-12758,0.279,0.026673691,0.85800004,1.3360001,0.53,0.77,93,2,9.593,9.034,3.2280002,-1.118,0.34313938,0,nan,0.0,4,1,22
2487756099,1544809267600356,323876753,-1170763761,21937,-12507,0.29900002,0.029005975,0.86,1.3390001,0.53,0.77,93,2,9.712001,9.063001,3.4910002,-1.276,0.36765847,0,nan,0.0,4,1,22
2487976155,1544809267800356,323876915,-1170763685,22163,-12281,0.28500003,0.02873667,0.86300004,1.343,0.53,0.77,93,2,9.6640005,8.962001,3.6160002,-1.065,0.38345736,0,nan,0.0,4,1,22
2488173063,1544809268000356,323877078,-1170763607,22418,-12026,0.29000002,0.026863582,0.86500007,1.3440001,0.53,0.77,93,2,9.856001,9.136001,3.6980002,-1.1320001,0.38460666,0,nan,0.0,4,1,22
2488362048,1544809268200356,323877240,-1170763527,22634,-11810,0.256,0.028675757,0.86700004,1.3460001,0.53,0.77,93,2,9.8220005,9.04,3.8420002,-1.22,0.4018671,0,nan,0.0,4,1,22
2488565819,1544809268400356,323877403,-1170763447,22827,-11617,0.27,0.027687727,0.86800003,1.348,0.53,0.77,93,2,9.867001,9.103001,3.808,-1.136,0.39620647,0,nan,0.0,4,1,22
2488767107,1544809268600356,323877568,-1170763363,23062,-11382,0.30600002,0.028562311,0.87100005,1.3520001,0.53,0.77,93,2,10.052,9.226001,3.9900002,-1.225,0.40820298,0,nan,0.0,4,1,22
2488970021,1544809268800356,323877734,-1170763277,23282,-11162,0.294,0.027373219,0.873,1.3540001,0.53,0.77,93,2,10.1,9.232,4.099,-1.312,0.41784087,0,nan,0.0,4,1,22
2489172052,1544809269000356,323877899,-1170763188,23561,-10883,0.29700002,0.029706724,0.87600005,1.3570001,0.53,0.77,93,2,10.109,9.169001,4.2580004,-1.355,0.4347346,0,nan,0.0,4,1,22
2489368059,1544809269200356,323878065,-1170763099,23799,-10645,0.28300002,0.028496513,0.87900007,1.358,0.53,0.77,93,2,10.193001,9.294001,4.1870003,-1.3260001,0.4232762,0,nan,0.0,4,1,22
2489568183,1544809269400355,323878232,-1170763010,24053,-10391,0.30200002,0.028739462,0.882,1.3620001,0.53,0.77,93,2,10.282001,9.34,4.2990003,-1.386,0.43136543,0,nan,0.0,4,1,22
2489764169,1544809269600355,323878398,-1170762918,24369,-10075,0.28500003,0.027227484,0.88400006,1.3640001,0.53,0.77,93,2,10.129001,9.156,4.3320003,-1.478,0.44190285,0,nan,0.0,4,1,22
2489961362,1544809269800355,323878561,-1170762822,24677,-9766,0.28300002,0.025374992,0.88600004,1.3640001,0.53,0.77,93,2,10.092,8.982,4.602,-1.667,0.4734743,0,nan,0.0,4,1,22
2490169016,1544809270000355,323878718,-1170762718,25003,-9440,0.28800002,0.025768388,0.887,1.366,0.53,0.77,93,2,9.898001,8.565001,4.9620004,-1.432,0.5250554,0,nan,0.0,4,1,22
2490362033,1544809270200355,323878869,-1170762609,25368,-9075,0.28100002,0.025493324,0.8880001,1.366,0.55,0.79999995,93,2,9.722,8.288,5.0820003,-1.485,0.5500098,0,nan,0.0,4,1,21
2490562211,1544809270400355,323879012,-1170762493,25573,-8870,0.317,0.021458123,0.8880001,1.3590001,0.53,0.77,93,2,9.858001,8.085,5.6390004,-1.5320001,0.60900676,0,nan,0.0,4,1,22
2490761715,1544809270600355,323879154,-1170762371,25914,-8529,0.321,0.025905745,0.88900006,1.36,0.53,0.77,93,2,9.567,7.6580005,5.734,-1.7350001,0.64268184,0,nan,0.0,4,1,22
2490965022,1544809270800355,323879284,-1170762247,26215,-8228,0.337,0.027387006,0.89000005,1.36,0.53,0.77,93,2,9.1970005,7.0210004,5.94,-1.7760001,0.7022126,0,nan,0.0,4,1,22
2491167102,1544809271000355,323879407,-1170762119,26563,-7880,0.31800002,0.030923044,0.89300007,1.3610001,0.53,0.77,93,2,9.062,6.6800003,6.123,-1.8180001,0.7419227,0,nan,0.0,4,1,22
2491365089,1544809271200355,323879522,-1170761991,27055,-7389,0.31,0.033318333,0.89400005,1.358,0.53,0.77,93,2,8.742001,6.334,6.025,-1.9060001,0.7604673,0,nan,0.0,4,1,22
2491559246,1544809271400355,323879635,-1170761863,27365,-7078,0.31300002,0.035544153,0.896,1.3610001,0.55,0.77,93,2,8.833,6.2900004,6.201,-1.7930001,0.77832866,0,nan,0.0,4,1,21
2491761054,1544809271600355,323879744,-1170761733,27814,-6629,0.286,0.031789947,0.897,1.363,0.53,0.77,93,2,8.280001,5.6710005,6.0330005,-2.078,0.8163681,0,nan,0.0,4,1,22
2491958018,1544809271800355,323879843,-1170761609,28231,-6212,0.293,0.029414207,0.896,1.363,0.53,0.77,93,2,7.8100004,5.3170004,5.721,-2.0730002,0.8220143,0,nan,0.0,4,1,22
2492173128,1544809272000355,323879937,-1170761494,28628,-5815,0.303,0.032414254,0.89500004,1.365,0.53,0.77,93,2,7.392,5.1280003,5.3230004,-2.112,0.8121175,0,nan,0.0,4,1,22
2492356576,1544809272200355,323880027,-1170761387,29092,-5351,0.27400002,0.036883693,0.89400005,1.3620001,0.53,0.77,93,2,6.9220004,4.9350004,4.854,-2.1680002,0.7940717,0,nan,0.0,4,1,22
2492558699,1544809272400354,323880114,-1170761287,29572,-4871,0.312,0.040012717,0.89500004,1.366,0.53,0.77,93,2,6.6150002,4.7660003,4.5870004,-2.3460002,0.7795206,0,nan,0.0,4,1,22
2492755267,1544809272600354,323880197,-1170761193,30187,-4256,0.266,0.042463858,0.89300007,1.358,0.53,0.77,93,2,6.4800005,4.7440004,4.414,-2.4160001,0.7637468,0,nan,0.0,4,1,22
2492952087,1544809272800354,323880286,-1170761103,30637,-3806,0.31300002,0.044476397,0.89400005,1.363,0.53,0.77,93,2,6.4700003,4.9620004,4.1530004,-2.3400002,0.72866756,0,nan,0.0,4,1,22
2493154037,1544809273000354,323880377,-1170761017,31127,-3316,0.305,0.042061035,0.896,1.363,0.53,0.77,93,2,6.453,5.1470003,3.8930001,-2.292,0.68236715,0,nan,0.0,4,1,22
2493353072,1544809273200354,323880469,-1170760936,31594,-2849,0.305,0.041763633,0.897,1.363,0.53,0.77,93,2,6.235,4.9940004,3.7330003,-2.229,0.66009694,0,nan,0.0,4,1,22
2493553096,1544809273400354,323880558,-1170760856,31965,-2478,0.32200003,0.03846583,0.896,1.36,0.53,0.77,93,2,6.399,5.0400004,3.9420002,-2.176,0.66221434,0,nan,0.0,4,1,22
2493752060,1544809273600354,323880645,-1170760773,32411,-2032,0.333,0.042919215,0.897,1.3590001,0.53,0.77,93,2,6.1080003,4.6870003,3.9160001,-2.1430001,0.6790973,0,nan,0.0,4,1,22
2493957196,1544809273800354,323880728,-1170760692,32878,-1564,0.347,0.04611247,0.90000004,1.3590001,0.53,0.77,93,2,5.7770004,4.4960003,3.6280003,-2.266,0.67897475,0,nan,0.0,4,1,22
2494166211,1544809274000354,323880806,-1170760613,33292,-1151,0.31800002,0.047237158,0.90200007,1.3610001,0.53,0.77,93,2,5.6740003,4.1850004,3.831,-2.088,0.7116637,0,nan,0.0,4,1,22
2494357040,1544809274200354,323880880,-1170760536,33677,-765,0.317,0.053267095,0.90300006,1.3640001,0.53,0.77,93,2,5.452,4.083,3.614,-1.9260001,0.7177731,0,nan,0.0,4,1,22
2494559225,1544809274400354,323880952,-1170760462,34042,-400,0.337,0.056571003,0.906,1.3690001,0.53,0.77,93,2,5.215,3.9270003,3.4320002,-1.8690001,0.71804655,0,nan,0.0,4,1,22
2494762071,1544809274600354,323881021,-1170760390,34476,33,0.32000002,0.061217595,0.90700006,1.373,0.53,0.77,93,2,4.7180004,3.5470002,3.111,-1.8220001,0.7190339,0,nan,0.0,4,1,22
2494956083,1544809274800354,323881083,-1170760328,34895,452,0.307,0.063392796,0.90800005,1.3750001,0.53,0.77,93,2,4.097,3.249,2.4950001,-1.9930001,0.687098,0,nan,0.0,4,1,22
2495159556,1544809275000354,323881139,-1170760277,35249,807,0.30900002,0.07435102,0.90900004,1.3790001,0.53,0.77,93,3,3.6590002,2.8500001,2.295,-1.7500001,0.6830918,0,nan,0.0,4,1,22
2495359017,1544809275200354,323881186,-1170760231,35563,1120,0.30800003,0.087187916,0.91,1.3820001,0.53,0.77,93,3,3.0820003,2.2840002,2.0700002,-1.6710001,0.70594203,0,nan,0.0,4,1,22
2495556279,1544809275400353,323881223,-1170760192,35824,1382,0.31300002,0.10134725,0.9110001,1.3850001,0.53,0.77,93,3,2.584,1.8280001,1.8260001,-1.519,0.73994136,0,nan,0.0,4,1,22
2495757014,1544809275600353,323881253,-1170760157,36082,1639,0.30200002,0.11817659,0.9110001,1.386,0.53,0.77,93,3,2.173,1.4460001,1.621,-1.4870001,0.78366464,0,nan,0.0,4,1,22
2495947739,1544809275800353,323881274,-1170760128,36403,1960,0.32700002,0.17050801,0.9110001,1.389,0.53,0.77,93,3,1.5410001,0.93000007,1.2290001,-1.514,0.8291113,0,nan,0.0,4,1,22
2496173029,1544809276000353,323881288,-1170760105,36703,2260,0.33400002,0.25265732,0.91200006,1.3920001,0.53,0.77,93,2,1.098,0.53900003,0.95600003,-1.475,0.90068495,0,nan,0.0,4,1,22
2496362091,1544809276200353,323881286,-1170760096,36914,2472,0.24700001,0.20205815,0.89000005,1.348,0.53,0.77,93,2,0.80500007,0.268,0.75900006,-1.5450001,1.1028018,0,nan,0.0,4,1,22
2496562052,1544809276400353,323881289,-1170760084,37183,2740,0.245,0.23423626,0.86600006,1.3100001,0.53,0.77,93,2,0.643,0.17600001,0.61800003,-1.5600001,1.1841741,0,nan,0.0,4,1,22
2496767319,1544809276600353,323881292,-1170760072,37577,3134,0.23600002,0.3157805,0.84300005,1.2720001,0.53,0.77,93,2,0.49500003,0.045,0.49300003,-1.6300001,1.289019,0,nan,0.0,4,1,22
2496963264,1544809276800353,323881295,-1170760058,38060,3617,0.25,0.31592777,0.82600003,1.246,0.53,0.77,93,2,0.21200001,-0.027,0.21000001,-1.6840001,1.289019,0,nan,0.0,4,1,22
2497163366,1544809277000353,323881294,-1170760048,38464,4021,0.24900001,0.31608033,0.81200004,1.223,0.53,0.77,108,4,0.094000004,-0.094000004,-0.009000001,-1.756,1.289019,0,nan,0.0,4,1,22
2497357056,1544809277200353,323881293,-1170760051,38782,4340,0.254,0.31621805,0.80200005,1.2090001,0.53,0.77,108,4,0.075,0.009000001,-0.075,-1.585,1.289019,0,nan,0.0,4,1,22
2497565068,1544809277400353,323881293,-1170760052,39139,4696,0.263,0.3163573,0.79300004,1.1960001,0.53,0.77,108,4,0.19000001,0.034,-0.187,-1.5970001,1.289019,0,nan,0.0,4,1,22
2497757041,1544809277600353,323881297,-1170760051,39556,5113,0.264,0.31648874,0.785,1.1860001,0.53,0.77,108,4,0.24800001,0.157,-0.192,-1.496,1.289019,0,nan,0.0,4,1,22
2497960157,1544809277800353,323881301,-1170760057,39883,5440,0.264,0.47227314,0.777,1.1780001,0.53,0.77,108,4,0.42200002,0.07,-0.41700003,-1.5860001,0.4537643,0,nan,0.0,4,1,22
2498173716,1544809278000353,323881303,-1170760067,40251,5808,0.26000002,0.44429484,0.77000004,1.1680001,0.53,0.77,108,4,0.42600003,0.10300001,-0.41400003,-1.5600001,5.7919135,0,nan,0.0,4,1,22
2498370014,1544809278200353,323881310,-1170760077,40613,6171,0.25500003,0.3736521,0.762,1.1600001,0.53,0.77,108,4,0.512,0.29200003,-0.42100003,-1.4720001,5.514801,0,nan,0.0,4,1,22
2498561103,1544809278400352,323881313,-1170760090,40978,6535,0.24200001,0.276956,0.75500005,1.1500001,0.53,0.77,108,4,0.69900006,0.16600001,-0.679,-1.672,5.1516476,0,nan,0.0,4,1,22
2498762024,1544809278600352,323881316,-1170760103,41285,6843,0.23500001,0.31802025,0.749,1.139,0.53,0.77,108,4,0.61300004,0.156,-0.59300005,-1.337,5.0732265,0,nan,0.0,4,1,22
2498964056,1544809278800352,323881321,-1170760117,41442,6999,0.20400001,0.30145308,0.74300003,1.133,0.53,0.77,108,4,0.65500003,0.30800003,-0.578,-0.62700003,5.1408706,0,nan,0.0,4,1,22
2499164123,1544809279000352,323881326,-1170760130,41604,7162,0.179,0.2988007,0.73800004,1.125,0.53,0.77,108,4,0.651,0.19600001,-0.62100005,-0.48200002,5.079346,0,nan,0.0,4,1,22
2499368537,1544809279200352,323881333,-1170760138,41829,7386,0.164,0.39570415,0.73200005,1.1140001,0.53,0.77,108,4,0.503,0.29700002,-0.40600002,-0.37800002,5.1751776,0,nan,0.0,4,1,22
2499569159,1544809279400352,323881339,-1170760153,41945,7502,0.185,0.18848647,0.72700006,1.107,0.53,0.77,108,4,0.943,0.081,-0.94000006,-0.377,4.867965,0,nan,0.0,4,1,22
2499764072,1544809279600352,323881341,-1170760173,42073,7631,0.18900001,0.18447518,0.72200006,1.1010001,0.53,0.77,108,4,1.028,0.043,-1.0270001,-0.30200002,4.8096976,0,nan,0.0,4,1,22
2499958013,1544809279800352,323881342,-1170760197,42221,7778,0.18,0.10971715,0.71500003,1.092,0.53,0.77,108,4,1.4870001,-0.086,-1.485,-0.347,4.6950645,0,nan,0.0,4,1,22
2500174022,1544809280000352,323881339,-1170760233,42317,7874,0.20500001,0.10412546,0.71300006,1.0860001,0.53,0.77,108,4,1.7950001,-0.061000004,-1.794,-0.224,4.686397,0,nan,0.0,4,1,22
2500365288,1544809280200352,323881335,-1170760278,42361,7919,0.193,0.0735637,0.70900005,1.0780001,0.53,0.77,108,4,2.342,-0.05,-2.342,-0.18400002,4.6894984,0,nan,0.0,4,1,22
2500566028,1544809280400352,323881331,-1170760330,42432,7989,0.18800001,0.067506365,0.70400006,1.07,0.53,0.77,108,4,2.608,-0.096,-2.6060002,-0.23,4.681763,0,nan,0.0,4,1,22
2500768195,1544809280600352,323881331,-1170760393,42488,8045,0.20600002,0.056310426,0.70000005,1.0630001,0.53,0.77,108,4,3.2050002,0.102000006,-3.2040002,-0.21200001,4.719164,0,nan,0.0,4,1,22
2500966102,1544809280800352,323881331,-1170760469,42492,8050,0.19700001,0.044275682,0.69500005,1.042,0.53,0.77,108,4,3.545,0.10300001,-3.5440001,-0.08400001,4.733207,0,nan,0.0,4,1,22
2501167333,1544809281000352,323881334,-1170760549,42534,8091,0.2,0.04043701,0.69100004,1.0380001,0.53,0.77,108,4,4.136,0.21100001,-4.131,-0.115,4.750432,0,nan,0.0,4,1,22
2501363219,1544809281200352,323881342,-1170760636,42561,8118,0.201,0.036515776,0.68500006,1.021,0.53,0.77,108,4,4.5880003,0.294,-4.578,0.017,4.765696,0,nan,0.0,4,1,22
2501565060,1544809281400351,323881354,-1170760731,42571,8129,0.18100001,0.032932267,0.68,1.005,0.53,0.77,108,4,5.1130004,0.45600003,-5.0930004,-0.034,4.7871933,0,nan,0.0,4,1,22
2501765023,1544809281600351,323881364,-1170760844,42585,8142,0.18300001,0.030046364,0.674,0.99600005,0.53,0.77,108,4,5.585,0.57500005,-5.5550003,0.024,4.804414,0,nan,0.0,4,1,22
2501962032,1544809281800351,323881374,-1170760965,42621,8179,0.185,0.026839148,0.66800004,0.98600006,0.53,0.77,108,4,6.097,0.66300005,-6.0610003,0.293,4.8151307,0,nan,0.0,4,1,22
2502170109,1544809282000351,323881386,-1170761101,42548,8105,0.21400002,0.026408225,0.66400003,0.975,0.53,0.77,108,6,6.5080004,0.795,-6.459,0.69500005,4.82709,0,nan,0.0,4,1,22
2502362051,1544809282200351,323881403,-1170761248,42347,7905,0.20400001,0.02502191,0.65900004,0.96000004,0.53,0.77,108,6,7.1580005,0.99500006,-7.089,0.99000007,4.8428497,0,nan,0.0,4,1,22
2502554038,1544809282400351,323881422,-1170761408,42123,7680,0.22000001,0.022950206,0.657,0.95100003,0.53,0.77,108,6,7.774,1.169,-7.6860003,0.92100006,4.8565187,0,nan,0.0,4,1,22
2502763259,1544809282600351,323881444,-1170761577,41948,7505,0.21400002,0.02198399,0.65500003,0.94600004,0.53,0.77,108,6,8.063001,1.35,-7.9490004,0.92100006,4.8806467,0,nan,0.0,4,1,22
2502959310,1544809282800351,323881471,-1170761753,41752,7309,0.19900002,0.020275664,0.651,0.93500006,0.53,0.77,108,6,8.56,1.5680001,-8.415,0.998,4.896642,0,nan,0.0,4,1,22
2503160281,1544809283000351,323881501,-1170761940,41500,7057,0.18900001,0.018519688,0.646,0.92300004,0.53,0.77,108,3,8.994,1.7080001,-8.830001,1.052,4.903477,0,nan,0.0,4,1,22
2503364057,1544809283200351,323881534,-1170762132,41280,6837,0.2,0.019379785,0.643,0.915,0.53,0.77,108,3,9.335,1.9760001,-9.124001,1.006,4.9256406,0,nan,0.0,4,1,22
2503559695,1544809283400351,323881571,-1170762330,41111,6668,0.18900001,0.01888865,0.64000005,0.90800005,0.53,0.77,108,3,9.503,2.177,-9.25,0.98600006,4.943556,0,nan,0.0,4,1,22
2503761046,1544809283600351,323881613,-1170762531,40936,6493,0.19800001,0.01894485,0.637,0.90300006,0.53,0.77,108,3,9.803,2.436,-9.495001,0.855,4.9635377,0,nan,0.0,4,1,22
2503958025,1544809283800351,323881661,-1170762736,40768,6325,0.20300001,0.01809086,0.637,0.90300006,0.53,0.77,108,3,10.094001,3.0040002,-9.636001,0.89000005,5.014543,0,nan,0.0,4,1,22
2504185115,1544809284000351,323881718,-1170762940,40505,6063,0.20400001,0.017712472,0.63600004,0.90300006,0.53,0.77,108,3,10.023001,3.515,-9.387,1.3160001,5.070649,0,nan,0.0,4,1,22
2504362023,1544809284200351,323881786,-1170763135,40308,5865,0.21900001,0.01785175,0.63500005,0.901,0.53,0.77,108,3,9.904,4.079,-9.025001,1.292,5.1368637,0,nan,0.0,4,1,22
2504561050,1544809284400350,323881862,-1170763324,40093,5650,0.22100002,0.017610546,0.633,0.89900005,0.53,0.77,108,3,9.893001,4.421,-8.851001,1.3770001,5.1756206,0,nan,0.0,4,1,22
2504763014,1544809284600350,323881945,-1170763506,39840,5398,0.19600001,0.017304067,0.63100004,0.89400005,0.53,0.77,108,3,9.682,4.7390003,-8.442,1.1850001,5.223925,0,nan,0.0,4,1,22
2504959814,1544809284800350,323882034,-1170763684,39657,5214,0.194,0.019004365,0.629,0.88900006,0.53,0.77,108,3,9.607,5.0140004,-8.195001,1.095,5.2614427,0,nan,0.0,4,1,22
2505157086,1544809285000350,323882128,-1170763854,39415,4972,0.17400001,0.019047126,0.62600005,0.88500005,0.53,0.77,108,3,9.357,5.2900004,-7.7190003,0.96000004,5.3131967,0,nan,0.0,4,1,22
2505365016,1544809285200350,323882223,-1170764015,39255,4812,0.16600001,0.020417558,0.62200004,0.87700003,0.53,0.77,108,3,9.133,5.447,-7.3310003,0.86500007,5.351472,0,nan,0.0,4,1,22
2505561181,1544809285400350,323882321,-1170764170,39033,4590,0.16800001,0.022092551,0.619,0.87100005,0.53,0.77,108,3,9.007,5.4900002,-7.1400003,0.84900004,5.367866,0,nan,0.0,4,1,22
2505765052,1544809285600350,323882421,-1170764319,38812,4370,0.17,0.022192733,0.61700004,0.86800003,0.53,0.77,108,3,8.7890005,5.6590004,-6.7240005,0.78700006,5.4120436,0,nan,0.0,4,1,22
2505965930,1544809285800350,323882519,-1170764459,38655,4212,0.19100001,0.022623654,0.61600006,0.869,0.53,0.77,108,3,8.43,5.426,-6.451,0.63100004,5.411711,0,nan,0.0,4,1,22
2506173074,1544809286000350,323882615,-1170764592,38579,4136,0.19900002,0.023141494,0.61600006,0.87000006,0.53,0.77,108,3,8.121,5.3830004,-6.0810003,0.407,5.437036,0,nan,0.0,4,1,22
2506363016,1544809286200350,323882709,-1170764716,38534,4092,0.209,0.026625868,0.614,0.87200004,0.53,0.77,108,3,7.7030005,5.131,-5.7460003,0.47000003,5.4394913,0,nan,0.0,4,1,22
2506561404,1544809286400350,323882797,-1170764837,38461,4018,0.193,0.027303929,0.61,0.87500006,0.53,0.77,108,3,7.3430004,4.735,-5.6130004,0.209,5.42373,0,nan,0.0,4,1,22
2506759021,1544809286600350,323882881,-1170764950,38394,3951,0.19800001,0.02990028,0.60700005,0.878,0.53,0.77,108,3,6.939,4.592,-5.202,0.24800001,5.430351,0,nan,0.0,4,1,22
2506959260,1544809286800350,323882964,-1170765062,38331,3888,0.33200002,0.04856029,0.61200005,0.887,0.53,0.77,108,3,6.991,4.592,-5.2720003,0.43500003,5.4298735,0,nan,0.0,4,1,22
2507172475,1544809287000350,323883046,-1170765169,38248,3805,0.351,0.055886835,0.623,0.901,0.53,0.77,92,2,6.6610003,4.5360003,-4.8780003,0.216,5.444581,0,nan,0.0,4,1,22
2507372063,1544809287200350,323883124,-1170765270,38173,3731,0.193,0.03178663,0.628,0.90500003,0.53,0.77,92,2,6.2450004,4.162,-4.656,0.282,5.442417,0,nan,0.0,4,1,22
2507573062,1544809287400349,323883197,-1170765359,38147,3704,0.19800001,0.039450374,0.628,0.90900004,0.53,0.77,92,2,5.4410005,3.7840002,-3.91,0.30400002,5.460228,0,nan,0.0,4,1,22
2507774060,1544809287600349,323883259,-1170765436,38090,3647,0.18900001,0.041747227,0.628,0.91300005,0.53,0.77,92,2,4.7650003,3.3240001,-3.4140003,0.18800001,5.4725227,0,nan,0.0,4,1,22
2507970049,1544809287800349,323883314,-1170765501,38033,3590,0.201,0.05119417,0.628,0.91800004,0.53,0.77,92,2,4.0210004,2.999,-2.6790001,0.08400001,5.507479,0,nan,0.0,4,1,22
2508173040,1544809288000349,323883364,-1170765552,38001,3559,0.19700001,0.064926766,0.629,0.92300004,0.53,0.77,92,3,3.4060001,2.65,-2.14,0.029000001,5.5460577,0,nan,0.0,4,1,22
2508362020,1544809288200349,323883406,-1170765592,37971,3528,0.21700001,0.0730504,0.629,0.93000007,0.53,0.77,92,3,2.8560002,2.288,-1.7080001,0.23400001,5.5892057,0,nan,0.0,4,1,22
2508571253,1544809288400349,323883445,-1170765623,37908,3465,0.186,0.09374931,0.629,0.934,0.53,0.77,92,3,2.315,1.9510001,-1.2470001,0.23300001,5.6372004,0,nan,0.0,4,1,22
2508766555,1544809288600349,323883476,-1170765642,37843,3401,0.224,0.14420503,0.63000005,0.938,0.53,0.77,92,3,1.6880001,1.5280001,-0.71800005,0.47500002,5.6990843,0,nan,0.0,4,1,22
2508964100,1544809288800349,323883501,-1170765650,37786,3344,0.23200001,0.21248353,0.63100004,0.94100004,0.53,0.77,92,3,1.1550001,1.1470001,-0.133,0.42900002,5.8472033,0,nan,0.0,4,1,22
2509169103,1544809289000349,323883522,-1170765653,37693,3250,0.223,0.2270811,0.632,0.943,0.53,0.77,92,4,0.994,0.99300003,0.036000002,0.42400002,6.067831,0,nan,0.0,4,1,22
2509360225,1544809289200349,323883539,-1170765650,37620,3177,0.25100002,0.2590142,0.633,0.9480001,0.53,0.77,92,4,0.88000005,0.86700004,0.148,0.46,6.2348056,0,nan,0.0,4,1,22
2509565100,1544809289400349,323883553,-1170765647,37469,3026,0.25800002,0.31675106,0.634,0.95100003,0.53,0.77,92,4,0.70100003,0.693,0.105000004,0.526,0.031078553,0,nan,0.0,4,1,22
2509761042,1544809289600349,323883564,-1170765645,37295,2852,0.28,0.36326966,0.63500005,0.95500004,0.53,0.77,92,4,0.592,0.56200004,0.18800001,0.61700004,0.15703145,0,nan,0.0,4,1,22
2509963013,1544809289800349,323883571,-1170765643,37135,2692,0.29000002,0.48354205,0.63500005,0.961,0.53,0.77,92,4,0.446,0.40300003,0.19000001,0.615,0.25894645,0,nan,0.0,4,1,22
2510178091,1544809290000349,323883573,-1170765638,37025,2583,0.25800002,0.6342048,0.637,0.96500003,0.53,0.77,92,3,0.31800002,0.033,0.316,0.505,0.7034301,0,nan,0.0,4,1,22
2510362117,1544809290200349,323883570,-1170765631,36945,2502,0.24200001,0.48588324,0.63900006,0.96900004,0.53,0.77,92,3,0.42000002,-0.256,0.333,0.42400002,1.6625944,0,nan,0.0,4,1,22
2510564058,1544809290400348,323883566,-1170765628,36833,2391,0.23900001,0.62045735,0.64000005,0.9710001,0.53,0.77,92,3,0.397,-0.39400002,0.047000002,0.58000004,2.1801593,0,nan,0.0,4,1,22
2510759273,1544809290600348,323883560,-1170765626,36706,2264,0.22600001,0.49939206,0.63900006,0.97300005,0.53,0.77,92,3,0.39900002,-0.31800002,0.24100001,0.51000005,2.369853,0,nan,0.0,4,1,22
2510956154,1544809290800348,323883551,-1170765622,36615,2173,0.23200001,0.4004977,0.64000005,0.97800004,0.53,0.77,92,3,0.56600004,-0.514,0.238,0.47200003,2.5758958,0,nan,0.0,4,1,22
2511165022,1544809291000348,323883540,-1170765618,36504,2061,0.21400002,0.29011944,0.64000005,0.98200005,0.53,0.77,92,2,0.68500006,-0.67600006,0.11400001,0.46100003,2.8376968,0,nan,0.0,4,1,22
2511365017,1544809291200348,323883527,-1170765617,36405,1962,0.19700001,0.40178612,0.64100003,0.9850001,0.53,0.77,92,2,0.65000004,-0.646,0.07300001,0.34300002,2.9030805,0,nan,0.0,4,1,22
2511565089,1544809291400348,323883515,-1170765614,36345,1902,0.187,0.33596277,0.643,0.989,0.53,0.77,92,2,0.69200003,-0.68,0.126,0.22000001,2.9352367,0,nan,0.0,4,1,22
2511765124,1544809291600348,323883504,-1170765613,36309,1866,0.19900002,0.33276394,0.64400005,0.99300003,0.53,0.77,92,2,0.65500003,-0.65500003,-0.028,0.40300003,3.0606148,0,nan,0.0,4,1,22
2511963106,1544809291800348,323883492,-1170765613,36265,1822,0.194,0.3238343,0.64500004,0.998,0.53,0.77,92,2,0.69200003,-0.69100004,-0.026,0.245,3.121748,0,nan,0.0,4,1,22
2512166041,1544809292000348,323883482,-1170765614,36218,1775,0.177,0.3323796,0.64400005,1.0,0.53,0.77,92,3,0.62700003,-0.61700004,-0.109000005,0.24200001,3.2168162,0,nan,0.0,4,1,22
2512358023,1544809292200348,323883471,-1170765617,36176,1733,0.21400002,0.3588784,0.64500004,1.003,0.53,0.77,92,3,0.63500005,-0.605,-0.19500001,0.303,3.3258762,0,nan,0.0,4,1,22
2512559093,1544809292400348,323883461,-1170765618,36153,1710,0.20600002,0.4325519,0.646,1.005,0.53,0.77,92,3,0.53800005,-0.536,-0.046000004,0.27600002,3.285467,0,nan,0.0,4,1,22
2512760049,1544809292600348,323883451,-1170765620,36124,1681,0.22900002,0.36356655,0.648,1.008,0.53,0.77,92,3,0.62700003,-0.572,-0.256,0.26700002,3.4480116,0,nan,0.0,4,1,22
2512961082,1544809292800348,323883442,-1170765623,36111,1669,0.21200001,0.4965526,0.64900005,1.011,0.53,0.77,92,3,0.492,-0.47900003,-0.108,0.256,3.4187267,0,nan,0.0,4,1,22
2513159234,1544809293000348,323883436,-1170765624,36095,1652,0.20400001,0.43019328,0.65000004,1.013,0.53,0.77,92,3,0.521,-0.50100005,-0.14500001,0.263,3.4215324,0,nan,0.0,4,1,22
2513359235,1544809293200348,323883429,-1170765627,36050,1607,0.23600002,0.5042479,0.651,1.013,0.53,0.77,92,3,0.42700002,-0.386,-0.18200001,0.324,3.4894338,0,nan,0.0,4,1,22
2513552096,1544809293400347,323883424,-1170765630,36023,1580,0.223,0.48895553,0.651,1.013,0.53,0.77,92,3,0.41000003,-0.33600003,-0.23500001,0.24400002,3.625266,0,nan,0.0,4,1,22
2513762092,1544809293600347,323883418,-1170765634,35957,1514,0.24700001,0.5304614,0.652,1.016,0.53,0.77,92,3,0.416,-0.37,-0.19100001,0.31800002,3.6225758,0,nan,0.0,4,1,22
2513961034,1544809293800347,323883412,-1170765637,35930,1487,0.21900001,0.64606184,0.651,1.018,0.53,0.77,92,3,0.33400002,-0.28,-0.18300001,0.21700001,3.6622314,0,nan,0.0,4,1,22
2514165334,1544809294000347,323883407,-1170765642,35857,1414,0.25800002,0.56054264,0.652,1.0200001,0.53,0.77,92,7,0.35900003,-0.25,-0.257,0.261,3.8217347,0,nan,0.0,4,1,22
2514362104,1544809294200347,323883403,-1170765648,35800,1357,0.282,0.72229123,0.65300006,1.023,0.53,0.77,92,7,0.257,-0.12900001,-0.22200002,0.32000002,3.9592938,0,nan,0.0,4,1,22
2514563206,1544809294400347,323883400,-1170765652,35743,1301,0.27400002,0.71765614,0.65400004,1.0250001,0.53,0.77,92,7,0.286,-0.17300001,-0.22800002,0.42100003,4.0116744,0,nan,0.0,4,1,22
2514763243,1544809294600347,323883402,-1170765653,35729,1286,0.252,0.63438106,0.65300006,1.023,0.53,0.77,92,7,0.26900002,-0.068,-0.261,0.23400001,4.261917,0,nan,0.0,4,1,22
2514960104,1544809294800347,323883400,-1170765659,35671,1229,0.286,0.62680614,0.652,1.0250001,0.53,0.77,92,7,0.287,-0.147,-0.246,0.492,4.2167892,0,nan,0.0,4,1,22
2515164058,1544809295000347,323883399,-1170765661,35607,1164,0.26900002,0.6971235,0.651,1.0270001,0.53,0.77,92,3,0.27600002,-0.09200001,-0.261,0.45800003,4.28604,0,nan,0.0,4,1,22
2515362023,1544809295200347,323883400,-1170765664,35583,1140,0.282,0.7813149,0.65000004,1.0300001,0.53,0.77,92,3,0.24700001,0.016,-0.24700001,0.43100002,4.5038457,0,nan,0.0,4,1,22
2515560121,1544809295400347,323883400,-1170765669,35492,1050,0.30200002,0.76647437,0.651,1.034,0.53,0.77,92,3,0.23400001,-0.067,-0.224,0.521,4.4621806,0,nan,0.0,4,1,22
2515765046,1544809295600347,323883399,-1170765676,35397,954,0.307,0.42779657,0.652,1.0380001,0.53,0.77,92,3,0.41200003,-0.068,-0.40600002,0.606,4.526337,0,nan,0.0,4,1,22
2515964503,1544809295800347,323883399,-1170765683,35311,869,0.286,0.55695075,0.652,1.041,0.53,0.77,92,3,0.347,0.08400001,-0.337,0.48100004,4.685807,0,nan,0.0,4,1,22
2516170037,1544809296000347,323883401,-1170765690,35245,802,0.27800003,0.5336515,0.651,1.0400001,0.53,0.77,92,5,0.35300002,0.14400001,-0.32200003,0.45000002,4.919083,0,nan,0.0,4,1,22
2516359247,1544809296200346,323883403,-1170765694,35217,774,0.26500002,0.53367037,0.65000004,1.0370001,0.53,0.77,92,5,0.18800001,0.051000003,-0.18100001,0.31500003,4.919083,0,nan,0.0,4,1,22
2516566065,1544809296400346,323883403,-1170765699,35145,702,0.28100002,0.5509062,0.65000004,1.0350001,0.53,0.77,92,5,0.326,0.19500001,-0.261,0.47000003,5.129512,0,nan,0.0,4,1,22
2516763257,1544809296600346,323883407,-1170765706,35063,620,0.27600002,0.44117033,0.651,1.0370001,0.53,0.77,92,5,0.497,0.275,-0.41500002,0.521,5.2317595,0,nan,0.0,4,1,22
2516959245,1544809296800346,323883411,-1170765712,35034,592,0.25300002,0.61912775,0.651,1.034,0.53,0.77,92,5,0.33100003,0.20400001,-0.261,0.28500003,5.280067,0,nan,0.0,4,1,22
2517160100,1544809297000346,323883414,-1170765716,35007,565,0.26000002,0.6191456,0.651,1.031,0.53,0.77,92,4,0.245,0.20500001,-0.134,0.32000002,5.280067,0,nan,0.0,4,1,22
2517363276,1544809297200346,323883418,-1170765718,34955,513,0.29000002,0.61916775,0.64900005,1.0320001,0.53,0.77,92,4,0.185,0.14400001,-0.116000004,0.46500003,5.280067,0,nan,0.0,4,1,22
2517566035,1544809297400346,323883419,-1170765722,34871,428,0.27800003,0.49253222,0.648,1.0320001,0.53,0.77,92,4,0.31500003,0.165,-0.26900002,0.476,5.270351,0,nan,0.0,4,1,22
2517763106,1544809297600346,323883421,-1170765728,34785,342,0.319,0.71248627,0.64900005,1.036,0.53,0.77,92,4,0.30900002,0.22000001,-0.21700001,0.409,5.345733,0,nan,0.0,4,1,22
2517965042,1544809297800346,323883425,-1170765734,34680,237,0.29000002,0.55213225,0.65000004,1.0380001,0.53,0.77,92,4,0.35500002,0.23200001,-0.26900002,0.49100003,5.394818,0,nan,0.0,4,1,22
2518173249,1544809298000346,323883429,-1170765738,34576,133,0.316,0.7623256,0.651,1.041,0.53,0.77,89,2,0.287,0.17400001,-0.22900002,0.65500003,5.3834124,0,nan,0.0,4,1,22
2518362021,1544809298200346,323883433,-1170765741,34440,-3,0.307,0.7623521,0.65300006,1.047,0.53,0.77,89,2,0.286,0.284,-0.027,0.68,5.3834124,0,nan,0.0,4,1,22
2518558727,1544809298400346,323883437,-1170765739,34327,-116,0.312,0.7623751,0.656,1.054,0.53,0.77,89,2,0.259,0.20500001,0.158,0.588,5.3834124,0,nan,0.0,4,1,22
2518751257,1544809298600346,323883440,-1170765736,34226,-217,0.298,0.762395,0.65800005,1.056,0.53,0.77,89,2,0.177,0.163,0.067,0.52500004,5.3834124,0,nan,0.0,4,1,22
2518965081,1544809298800346,323883442,-1170765735,34185,-257,0.26700002,0.76241404,0.657,1.054,0.53,0.77,89,2,0.16100001,0.13900001,-0.081,0.50100005,5.3834124,0,nan,0.0,4,1,22
2519164191,1544809299000346,323883444,-1170765738,34123,-320,0.317,0.7624306,0.65800005,1.056,0.53,0.77,89,2,0.21000001,0.124000005,-0.17,0.41200003,5.3834124,0,nan,0.0,4,1,22
2519365014,1544809299200345,323883444,-1170765740,34133,-310,0.209,0.7624381,0.65900004,1.057,0.53,0.77,89,2,0.11800001,0.096,-0.067,-0.023000002,5.3834124,0,nan,0.0,4,1,22
2519562037,1544809299400345,323883444,-1170765742,34298,-145,0.3,0.7624793,0.66,1.059,0.53,0.77,89,2,0.19100001,0.004,-0.19100001,-1.1320001,5.3834124,0,nan,0.0,4,1,22
2519762019,1544809299600345,323883444,-1170765745,34600,157,0.29700002,0.76253694,0.66200006,1.062,0.53,0.77,89,2,0.201,0.010000001,-0.201,-1.5910001,5.3834124,0,nan,0.0,4,1,22
2519962138,1544809299800345,323883445,-1170765747,35031,588,0.307,0.7626137,0.66300005,1.067,0.53,0.77,89,2,0.18200001,0.14500001,-0.109000005,-2.124,5.3834124,0,nan,0.0,4,1,22
2520170020,1544809300000345,323883446,-1170765749,35458,1015,0.317,0.7627024,0.666,1.0730001,0.53,0.77,90,2,0.08800001,-0.051000003,-0.072000004,-2.466,5.3834124,0,nan,0.0,4,1,22
2520370043,1544809300200345,323883445,-1170765751,35952,1509,0.319,0.7627914,0.669,1.079,0.53,0.77,90,2,0.172,-0.010000001,-0.172,-2.4720001,5.3834124,0,nan,0.0,4,1,22
2520559284,1544809300400345,323883444,-1170765753,36457,2015,0.326,0.7628774,0.671,1.0840001,0.53,0.77,90,2,0.031000001,-0.028,-0.014,-2.3930001,5.3834124,0,nan,0.0,4,1,22
2520763096,1544809300600345,323883444,-1170765753,36894,2451,0.32700002,0.7629539,0.674,1.0910001,0.53,0.77,90,2,0.034,0.030000001,-0.017,-2.1260002,5.3834124,0,nan,0.0,4,1,22
2520964121,1544809300800345,323883445,-1170765754,37258,2815,0.32900003,0.7630197,0.67700005,1.098,0.53,0.77,90,2,0.033,0.002,-0.033,-1.8320001,5.3834124,0,nan,0.0,4,1,22
2521164199,1544809301000345,323883445,-1170765754,37640,3197,0.32700002,0.76308095,0.679,1.102,0.53,0.77,90,3,0.035,0.032,0.014,-1.702,5.3834124,0,nan,0.0,4,1,22
2521352282,1544809301200345,323883445,-1170765752,37961,3518,0.33800003,0.7631389,0.68200004,1.108,0.53,0.77,90,3,0.116000004,0.046000004,0.106000006,-1.6120001,5.3834124,0,nan,0.0,4,1,22
2521563019,1544809301400345,323883444,-1170765750,38259,3816,0.34300002,0.763194,0.68500006,1.116,0.53,0.77,90,3,0.201,-0.022000002,0.2,-1.521,5.3834124,0,nan,0.0,4,1,22
2521765052,1544809301600345,323883444,-1170765746,38534,4091,0.34600002,0.7632422,0.688,1.1220001,0.53,0.77,90,3,0.126,-0.002,0.126,-1.332,5.3834124,0,nan,0.0,4,1,22
2521962036,1544809301800345,323883443,-1170765742,38775,4332,0.34600002,0.7683576,0.69100004,1.128,0.53,0.77,90,3,0.286,0.021000002,0.286,-1.1680001,0.29036587,0,nan,0.0,4,1,22
2522179017,1544809302000345,323883444,-1170765738,38940,4497,0.34800002,0.76839614,0.693,1.1340001,0.53,0.77,95,2,0.223,0.004,0.223,-1.059,0.29036587,0,nan,0.0,4,1,22
2522362045,1544809302200344,323883444,-1170765735,39107,4664,0.34300002,0.768429,0.69600004,1.141,0.53,0.77,95,2,0.124000005,0.012,0.123,-0.91200006,0.29036587,0,nan,0.0,4,1,22
2522563231,1544809302400344,323883443,-1170765734,39266,4823,0.34600002,0.7684609,0.69900006,1.149,0.53,0.77,95,2,0.072000004,-0.018000001,0.069000006,-0.89100003,0.29036587,0,nan,0.0,4,1,22
2522763019,1544809302600344,323883441,-1170765732,39430,4987,0.35200003,0.7684925,0.702,1.1550001,0.53,0.77,95,2,0.19100001,-0.027,0.18900001,-0.869,0.29036587,0,nan,0.0,4,1,22
2522964067,1544809302800344,323883442,-1170765729,39555,5112,0.33900002,0.76852113,0.70500004,1.1620001,0.53,0.77,95,2,0.17300001,0.07700001,0.155,-0.78300005,0.29036587,0,nan,0.0,4,1,22
2523165022,1544809303000344,323883444,-1170765726,39702,5259,0.337,0.7685489,0.707,1.167,0.53,0.77,95,2,0.24000001,0.16100001,0.178,-0.73800004,0.29036587,0,nan,0.0,4,1,22
2523366032,1544809303200344,323883447,-1170765722,39866,5424,0.344,0.7685761,0.70900005,1.172,0.53,0.77,95,2,0.23200001,0.17500001,0.15300001,-0.72800004,0.29036587,0,nan,0.0,4,1,22
2523566032,1544809303400344,323883448,-1170765721,40042,5599,0.34,0.768615,0.712,1.179,0.53,0.77,95,2,0.014,-0.014,0.0,-1.09,0.29036587,0,nan,0.0,4,1,22
2523765024,1544809303600344,323883449,-1170765722,40206,5763,0.335,0.7686433,0.71500003,1.1830001,0.53,0.77,95,2,0.045,0.014,-0.043,-0.79300004,0.29036587,0,nan,0.0,4,1,22
2523955129,1544809303800344,323883446,-1170765724,40315,5873,0.335,0.76866686,0.717,1.1860001,0.53,0.77,95,2,0.21800001,-0.20300001,-0.079,-0.625,0.29036587,0,nan,0.0,4,1,22
2524169153,1544809304000344,323883439,-1170765726,40375,5932,0.294,0.477136,0.71900004,1.187,0.53,0.77,96,3,0.50600004,-0.505,-0.036000002,-0.40100002,2.4006789,0,nan,0.0,4,1,22
2524364047,1544809304200344,323883425,-1170765724,40455,6012,0.27400002,0.24575299,0.72,1.1880001,0.53,0.77,96,3,0.994,-0.98700005,0.125,-0.358,2.8867705,0,nan,0.0,4,1,22
2524572145,1544809304400344,323883406,-1170765719,40480,6037,0.286,0.18606797,0.72300005,1.194,0.53,0.77,96,3,1.263,-1.25,0.18300001,-0.554,2.9566138,0,nan,0.0,4,1,22
2524773016,1544809304600344,323883378,-1170765712,40521,6078,0.261,0.110374965,0.72400004,1.1980001,0.53,0.77,96,3,2.013,-1.996,0.256,-0.19500001,2.999225,0,nan,0.0,4,1,22
2524967313,1544809304800344,323883339,-1170765706,40521,6078,0.257,0.09840916,0.72400004,1.1980001,0.53,0.77,96,3,2.3920002,-2.3700001,0.32900003,-0.216,3.0016267,0,nan,0.0,4,1,22
2525169578,1544809305000344,323883290,-1170765696,40583,6140,0.26200002,0.081910916,0.726,1.199,0.53,0.77,96,3,3.051,-3.0040002,0.53000003,-0.314,2.9809237,0,nan,0.0,4,1,22
2525369026,1544809305200343,323883233,-1170765685,40580,6137,0.24400002,0.07435609,0.72800004,1.192,0.53,0.77,96,3,3.371,-3.3270001,0.541,-0.177,2.9806948,0,nan,0.0,4,1,22
2525569213,1544809305400343,323883168,-1170765673,40596,6153,0.291,0.06408168,0.73,1.1930001,0.53,0.77,96,3,3.9730003,-3.9300003,0.583,-0.30600002,2.9885924,0,nan,0.0,4,1,22
2525766070,1544809305600343,323883093,-1170765661,40614,6172,0.29700002,0.060332537,0.73300004,1.194,0.53,0.77,96,3,4.385,-4.3430004,0.6,-0.224,2.9971325,0,nan,0.0,4,1,22
2525966033,1544809305800343,323883012,-1170765648,40634,6191,0.26700002,0.055466037,0.73600006,1.194,0.53,0.77,96,3,4.6800003,-4.6340003,0.657,-0.23900001,2.9991333,0,nan,0.0,4,1,22
2526178077,1544809306000343,323882924,-1170765634,40692,6250,0.26900002,0.050833408,0.739,1.197,0.53,0.77,96,2,5.03,-4.9950004,0.59300005,-0.27600002,3.012813,0,nan,0.0,4,1,22
2526371102,1544809306200343,323882833,-1170765621,40701,6258,0.259,0.046642873,0.74,1.1980001,0.53,0.77,96,2,5.1930003,-5.157,0.606,-0.074,3.019492,0,nan,0.0,4,1,22
2526559690,1544809306400343,323882740,-1170765610,40684,6241,0.254,0.0498747,0.74200004,1.199,0.53,0.77,96,2,5.236,-5.2110004,0.512,-0.124000005,3.0314848,0,nan,0.0,4,1,22
2526773195,1544809306600343,323882645,-1170765600,40695,6252,0.26700002,0.048981093,0.74500006,1.2040001,0.53,0.77,96,2,5.406,-5.3900003,0.407,-0.096,3.0501833,0,nan,0.0,4,1,22
2526973049,1544809306800343,323882548,-1170765592,40683,6240,0.25300002,0.04422315,0.74600005,1.2030001,0.53,0.77,96,2,5.492,-5.471,0.47700003,-0.047000002,3.0527353,0,nan,0.0,4,1,22
2527173057,1544809307000343,323882451,-1170765584,40680,6237,0.257,0.04544785,0.748,1.2060001,0.53,0.77,96,4,5.426,-5.4100003,0.416,0.027,3.05903,0,nan,0.0,4,1,22
2527369037,1544809307200343,323882353,-1170765578,40658,6215,0.256,0.044573437,0.749,1.2090001,0.53,0.77,96,4,5.3570004,-5.347,0.321,0.109000005,3.0713346,0,nan,0.0,4,1,22
2527571132,1544809307400343,323882257,-1170765573,40630,6187,0.263,0.045252196,0.75100005,1.2110001,0.53,0.77,96,4,5.3650002,-5.361,0.223,0.179,3.0864086,0,nan,0.0,4,1,22
2527766052,1544809307600343,323882161,-1170765569,40593,6150,0.25,0.04583252,0.75200003,1.212,0.53,0.77,96,4,5.216,-5.2120004,0.21200001,0.101,3.0940385,0,nan,0.0,4,1,22
2527966884,1544809307800343,323882067,-1170765565,40525,6082,0.264,0.046315625,0.753,1.213,0.53,0.77,96,4,5.2190003,-5.216,0.177,0.29200003,3.1012578,0,nan,0.0,4,1,22
2528191108,1544809308000343,323881973,-1170765561,40452,6009,0.264,0.047758836,0.75500005,1.215,0.53,0.77,96,6,5.202,-5.196,0.25500003,0.28500003,3.096756,0,nan,0.0,4,1,22
2528370019,1544809308200342,323881879,-1170765555,40395,5952,0.26700002,0.049096633,0.757,1.2140001,0.53,0.77,96,6,5.163,-5.156,0.26500002,0.133,3.093369,0,nan,0.0,4,1,22
2528567724,1544809308400342,323881786,-1170765550,40340,5897,0.26900002,0.05287021,0.76000005,1.217,0.53,0.77,96,6,5.065,-5.0620003,0.16900001,0.26500002,3.1006505,0,nan,0.0,4,1,22
2528768155,1544809308600342,323881695,-1170765546,40276,5833,0.272,0.055312622,0.763,1.2210001,0.53,0.77,96,6,4.946,-4.9410005,0.22100002,0.246,3.0988019,0,nan,0.0,4,1,22
2528969027,1544809308800342,323881604,-1170765540,40237,5794,0.266,0.04969825,0.76500005,1.22,0.53,0.77,96,6,5.0870004,-5.076,0.33400002,0.10700001,3.0855806,0,nan,0.0,4,1,22
2529156215,1544809309000342,323881513,-1170765533,40174,5731,0.263,0.053162552,0.767,1.2190001,0.53,0.77,96,5,4.932,-4.9220004,0.319,0.22900002,3.081291,0,nan,0.0,4,1,22
2529366114,1544809309200342,323881424,-1170765526,40131,5688,0.275,0.056456164,0.77000004,1.2190001,0.53,0.77,96,5,4.8570004,-4.847,0.319,0.179,3.078639,0,nan,0.0,4,1,22
2529564711,1544809309400342,323881336,-1170765518,40087,5644,0.27600002,0.05464102,0.77300006,1.222,0.53,0.77,96,5,4.887,-4.868,0.42700002,0.120000005,3.0654662,0,nan,0.0,4,1,22
2529769066,1544809309600342,323881248,-1170765509,40058,5615,0.275,0.05578124,0.776,1.2260001,0.53,0.77,96,5,4.8830004,-4.8620005,0.448,0.22000001,3.0574005,0,nan,0.0,4,1,22
2529965759,1544809309800342,323881160,-1170765499,40053,5610,0.277,0.056019306,0.77900004,1.23,0.53,0.77,96,5,4.861,-4.8370004,0.48100004,0.009000001,3.049652,0,nan,0.0,4,1,22
2530172097,1544809310000342,323881073,-1170765489,40025,5582,0.286,0.05644412,0.78200006,1.23,0.53,0.77,96,2,4.813,-4.789,0.48200002,0.010000001,3.0453613,0,nan,0.0,4,1,22
2530362656,1544809310200342,323880986,-1170765478,39991,5548,0.266,0.054154072,0.78400004,1.2340001,0.53,0.77,96,2,4.8910003,-4.854,0.59800005,0.08800001,3.0310628,0,nan,0.0,4,1,22
2530563017,1544809310400342,323880900,-1170765467,39954,5511,0.27100003,0.057837415,0.78700006,1.2370001,0.53,0.77,96,2,4.749,-4.723,0.50200003,-0.017,3.033351,0,nan,0.0,4,1,22
2530763301,1544809310600342,323880814,-1170765457,39943,5500,0.275,0.058539562,0.79,1.2420001,0.53,0.77,96,2,4.8,-4.767,0.56,-0.007,3.0289066,0,nan,0.0,4,1,22
2530964127,1544809310800342,323880728,-1170765445,39939,5496,0.291,0.059098065,0.794,1.246,0.53,0.77,96,2,4.8230004,-4.782,0.62700003,-0.043,3.0197904,0,nan,0.0,4,1,22
2531168142,1544809311000342,323880640,-1170765432,39930,5486,0.28500003,0.057113104,0.79700005,1.2490001,0.53,0.77,96,10,4.846,-4.8120003,0.574,-0.078,3.0214586,0,nan,0.0,4,1,22
2531369029,1544809311200341,323880554,-1170765419,39964,5521,0.282,0.056530688,0.8,1.251,0.53,0.77,96,10,4.8360004,-4.788,0.679,-0.18100001,3.0105238,0,nan,0.0,4,1,22
2531570066,1544809311400341,323880467,-1170765406,39975,5532,0.279,0.05584198,0.80300003,1.253,0.53,0.77,96,10,4.8620005,-4.821,0.624,-0.087000005,3.0118003,0,nan,0.0,4,1,22
2531758040,1544809311600341,323880379,-1170765391,40003,5560,0.275,0.05319833,0.80500007,1.2520001,0.53,0.77,96,10,4.8900003,-4.8320003,0.75200003,-0.27600002,2.998372,0,nan,0.0,4,1,22
2531970018,1544809311800341,323880292,-1170765377,40019,5576,0.268,0.053619478,0.80700004,1.25,0.53,0.77,96,10,4.826,-4.782,0.652,-0.21900001,3.002402,0,nan,0.0,4,1,22
2532179018,1544809312000341,323880205,-1170765362,40057,5614,0.266,0.05233701,0.808,1.2490001,0.53,0.77,96,5,4.9020004,-4.84,0.77800006,-0.20300001,2.9915855,0,nan,0.0,4,1,22
2532371018,1544809312200341,323880118,-1170765346,40074,5630,0.27100003,0.05231188,0.81000006,1.2520001,0.53,0.77,96,5,4.8910003,-4.828,0.786,-0.25300002,2.9856563,0,nan,0.0,4,1,22
2532564097,1544809312400341,323880031,-1170765331,40097,5654,0.277,0.05273512,0.81100005,1.253,0.53,0.77,96,5,4.907,-4.8580003,0.69500005,-0.16100001,2.9928408,0,nan,0.0,4,1,22
2532765082,1544809312600341,323879943,-1170765317,40106,5663,0.263,0.053243708,0.813,1.2540001,0.53,0.77,96,5,4.848,-4.7970004,0.70100003,-0.18,2.9947314,0,nan,0.0,4,1,22
2532966025,1544809312800341,323879857,-1170765301,40145,5701,0.275,0.053604294,0.81500006,1.256,0.53,0.77,96,5,4.8450003,-4.7840004,0.76600003,-0.21800001,2.9885437,0,nan,0.0,4,1,22
2533166037,1544809313000341,323879770,-1170765285,40193,5749,0.277,0.05328577,0.81700003,1.256,0.53,0.77,96,7,4.8580003,-4.8040004,0.72200006,-0.277,2.9906034,0,nan,0.0,4,1,22
2533361025,1544809313200341,323879683,-1170765271,40196,5753,0.27600002,0.051834356,0.818,1.256,0.53,0.77,96,7,4.86,-4.802,0.749,-0.17600001,2.9885907,0,nan,0.0,4,1,22
2533561070,1544809313400341,323879597,-1170765256,40198,5754,0.272,0.052889932,0.81900007,1.2550001,0.53,0.77,96,7,4.7570004,-4.697,0.75900006,-0.128,2.9849296,0,nan,0.0,4,1,22
2533767277,1544809313600341,323879510,-1170765240,40204,5760,0.27100003,0.049906116,0.81900007,1.2550001,0.53,0.77,96,7,4.8630004,-4.7920003,0.832,-0.09900001,2.9765284,0,nan,0.0,4,1,22
2533965903,1544809313800341,323879422,-1170765223,40215,5772,0.27800003,0.053262733,0.82100004,1.2540001,0.53,0.77,96,7,4.809,-4.754,0.72900003,-0.127,2.9828563,0,nan,0.0,4,1,22
2534186441,1544809314000341,323879335,-1170765207,40243,5800,0.273,0.051533286,0.822,1.2540001,0.53,0.77,96,2,4.868,-4.8040004,0.791,-0.19700001,2.9804518,0,nan,0.0,4,1,22
2534359021,1544809314200340,323879247,-1170765190,40247,5804,0.27400002,0.051425423,0.823,1.2550001,0.53,0.77,96,2,4.9020004,-4.8300004,0.836,-0.16800001,2.975104,0,nan,0.0,4,1,22
2534565016,1544809314400340,323879159,-1170765172,40262,5819,0.273,0.051702756,0.82400006,1.2570001,0.53,0.77,96,2,4.931,-4.867,0.78800005,-0.127,2.9782481,0,nan,0.0,4,1,22
2534765017,1544809314600340,323879071,-1170765155,40297,5853,0.279,0.052768283,0.82600003,1.2590001,0.53,0.77,96,2,4.9110003,-4.839,0.836,-0.15300001,2.974297,0,nan,0.0,4,1,22
2534962018,1544809314800340,323878982,-1170765137,40295,5852,0.29700002,0.055856116,0.82800007,1.261,0.53,0.77,96,2,4.9630003,-4.8900003,0.846,-0.127,2.9723172,0,nan,0.0,4,1,22
2535165019,1544809315000340,323878894,-1170765120,40287,5844,0.28100002,0.055278238,0.83000004,1.263,0.53,0.77,96,5,4.907,-4.847,0.76600003,-0.13700001,2.9789076,0,nan,0.0,4,1,22
2535365094,1544809315200340,323878806,-1170765104,40289,5845,0.268,0.053443026,0.832,1.2650001,0.53,0.77,96,5,4.9110003,-4.8570004,0.72800004,-0.071,2.9864242,0,nan,0.0,4,1,22
2535565058,1544809315400340,323878718,-1170765088,40277,5834,0.26200002,0.05718309,0.83300006,1.266,0.53,0.77,96,5,4.821,-4.7640004,0.74300003,-0.063,2.9866414,0,nan,0.0,4,1,22
2535758005,1544809315600340,323878631,-1170765073,40254,5810,0.26500002,0.05368039,0.83500004,1.2670001,0.53,0.77,96,5,4.8320003,-4.782,0.69100004,-0.018000001,2.9929268,0,nan,0.0,4,1,22
2535950301,1544809315800340,323878544,-1170765060,40217,5773,0.26900002,0.049207635,0.83300006,1.264,0.53,0.77,96,5,4.8190002,-4.7700005,0.68700004,0.015000001,2.9960935,0,nan,0.0,4,1,22
2536166182,1544809316000340,323878459,-1170765046,40200,5756,0.28300002,0.055236876,0.83400005,1.266,0.53,0.77,96,5,4.795,-4.742,0.71500003,0.165,2.9941611,0,nan,0.0,4,1,22
2536355256,1544809316200340,323878372,-1170765032,40145,5702,0.257,0.051265903,0.83500004,1.266,0.53,0.77,96,5,4.8500004,-4.8050003,0.66300005,0.21000001,2.9998975,0,nan,0.0,4,1,22
2536556068,1544809316400340,323878285,-1170765017,40088,5645,0.25300002,0.05103639,0.83500004,1.2670001,0.53,0.77,96,5,4.82,-4.769,0.697,0.178,2.9980893,0,nan,0.0,4,1,22
2536756065,1544809316600340,323878198,-1170765003,40019,5575,0.26700002,0.05242323,0.836,1.264,0.53,0.77,96,5,4.872,-4.822,0.69200003,0.11800001,2.9986033,0,nan,0.0,4,1,22
2536964115,1544809316800340,323878110,-1170764989,39963,5520,0.264,0.051225062,0.837,1.2620001,0.53,0.77,96,5,4.9960003,-4.945,0.712,0.10700001,2.9986203,0,nan,0.0,4,1,22
2537164085,1544809317000340,323878022,-1170764973,39920,5477,0.259,0.05160764,0.83800006,1.258,0.53,0.77,96,7,4.934,-4.873,0.771,0.083000004,2.9913633,0,nan,0.0,4,1,22
2537364216,1544809317200339,323877933,-1170764958,39896,5453,0.261,0.051603273,0.83900005,1.2590001,0.53,0.77,96,7,4.9500003,-4.8970003,0.72300005,0.13800001,2.9932768,0,nan,0.0,4,1,22
2537565203,1544809317400339,323877845,-1170764943,39848,5405,0.256,0.052881554,0.84000003,1.2600001,0.53,0.77,96,7,4.8490005,-4.795,0.72200006,0.15900001,2.9927068,0,nan,0.0,4,1,22
2537766071,1544809317600339,323877757,-1170764928,39787,5344,0.26500002,0.052242238,0.841,1.258,0.53,0.77,96,7,4.952,-4.8950005,0.74600005,0.056,2.9914446,0,nan,0.0,4,1,22
2537966107,1544809317800339,323877670,-1170764913,39773,5329,0.273,0.05299587,0.84200007,1.256,0.53,0.77,96,7,4.881,-4.828,0.71400005,0.095000006,2.9931557,0,nan,0.0,4,1,22
2538175103,1544809318000339,323877583,-1170764897,39771,5327,0.27400002,0.053399917,0.84300005,1.2570001,0.53,0.77,96,6,4.892,-4.826,0.804,-0.054,2.9845037,0,nan,0.0,4,1,22
2538364019,1544809318200339,323877495,-1170764880,39789,5345,0.27100003,0.05230664,0.84400004,1.258,0.53,0.77,96,6,4.9610004,-4.9,0.772,-0.098000005,2.9849536,0,nan,0.0,4,1,22
2538561050,1544809318400339,323877407,-1170764865,39797,5353,0.272,0.052949622,0.846,1.2600001,0.53,0.77,96,6,4.932,-4.875,0.753,-0.18400002,2.986698,0,nan,0.0,4,1,22
2538757137,1544809318600339,323877318,-1170764849,39818,5374,0.27100003,0.05347968,0.84700006,1.263,0.53,0.77,96,6,4.985,-4.926,0.768,-0.081,2.986809,0,nan,0.0,4,1,22
2538956118,1544809318800339,323877230,-1170764834,39822,5378,0.26200002,0.052875094,0.84800005,1.2650001,0.53,0.77,96,6,4.9240003,-4.866,0.75200003,0.063,2.987605,0,nan,0.0,4,1,22
2539162082,1544809319000339,323877141,-1170764818,39802,5358,0.26700002,0.05295346,0.84900004,1.268,0.53,0.77,96,3,5.018,-4.959,0.76500005,-0.047000002,2.9881382,0,nan,0.0,4,1,22
2539361019,1544809319200339,323877051,-1170764803,39797,5354,0.27800003,0.054046385,0.851,1.2720001,0.53,0.77,96,3,5.0010004,-4.951,0.707,-0.015000001,2.9940856,0,nan,0.0,4,1,22
2539558022,1544809319400339,323876962,-1170764788,39813,5369,0.25800002,0.052216582,0.85200006,1.274,0.53,0.77,96,3,4.965,-4.92,0.66400003,-0.014,3.0012603,0,nan,0.0,4,1,22
2539753115,1544809319600339,323876873,-1170764774,39817,5374,0.26700002,0.05418357,0.85400003,1.2770001,0.53,0.77,96,3,4.9680004,-4.925,0.65500003,0.061000004,3.0053976,0,nan,0.0,4,1,22
2539958030,1544809319800339,323876784,-1170764761,39792,5348,0.261,0.053082615,0.855,1.2800001,0.53,0.77,96,3,4.964,-4.919,0.66700006,0.010000001,3.0061185,0,nan,0.0,4,1,22
2540184020,1544809320000338,323876694,-1170764746,39776,5332,0.25100002,0.05174587,0.855,1.2820001,0.53,0.77,96,2,5.0740004,-5.0210004,0.73600006,0.043,3.0007215,0,nan,0.0,4,1,22
2540359257,1544809320200338,323876603,-1170764731,39780,5336,0.25500003,0.05112418,0.85600007,1.284,0.53,0.77,96,2,5.065,-5.0160003,0.703,-0.048,3.0015533,0,nan,0.0,4,1,22
2540559641,1544809320400338,323876512,-1170764716,39774,5330,0.254,0.050381545,0.85600007,1.2850001,0.53,0.77,96,2,5.102,-5.0540004,0.70000005,0.038000003,3.0028787,0,nan,0.0,4,1,22
2540762015,1544809320600338,323876420,-1170764702,39769,5325,0.26900002,0.05200819,0.85700005,1.286,0.53,0.77,96,2,5.0750003,-5.03,0.674,0.136,3.005662,0,nan,0.0,4,1,22
2540961144,1544809320800338,323876329,-1170764688,39752,5308,0.272,0.052218154,0.85800004,1.2870001,0.53,0.77,96,2,5.102,-5.058,0.67,0.08400001,3.0079017,0,nan,0.0,4,1,22
2541164833,1544809321000338,323876238,-1170764673,39731,5287,0.266,0.051737837,0.859,1.2880001,0.53,0.77,96,3,5.0870004,-5.0360003,0.71300006,0.020000001,3.0042036,0,nan,0.0,4,1,22
2541354074,1544809321200338,323876147,-1170764658,39749,5305,0.26700002,0.05105454,0.859,1.289,0.53,0.77,96,3,5.0680003,-5.024,0.67,-0.034,3.006754,0,nan,0.0,4,1,22
2541562024,1544809321400338,323876057,-1170764644,39769,5325,0.273,0.053865917,0.86,1.292,0.53,0.77,96,3,4.9230003,-4.8820004,0.63000005,-0.13700001,3.0099764,0,nan,0.0,4,1,22
2541754022,1544809321600338,323875971,-1170764632,39798,5354,0.277,0.055924885,0.86100006,1.296,0.53,0.77,96,3,4.741,-4.704,0.58900005,-0.11000001,3.0135098,0,nan,0.0,4,1,22
2541952064,1544809321800338,323875887,-1170764621,39806,5362,0.27800003,0.058389463,0.86200005,1.299,0.53,0.77,96,3,4.504,-4.478,0.483,-0.048,3.0237827,0,nan,0.0,4,1,22
2542158608,1544809322000338,323875809,-1170764612,39827,5383,0.275,0.062766574,0.86300004,1.302,0.53,0.77,96,7,4.1390004,-4.119,0.411,-0.104,3.0326376,0,nan,0.0,4,1,22
2542348215,1544809322200338,323875737,-1170764606,39837,5394,0.275,0.0661108,0.864,1.304,0.53,0.77,96,7,3.9010003,-3.887,0.33100003,-0.09,3.0443804,0,nan,0.0,4,1,22
2542552020,1544809322400338,323875669,-1170764600,39822,5378,0.279,0.0731176,0.86500007,1.307,0.53,0.77,96,7,3.5490003,-3.5400002,0.24700001,0.044000003,3.0570798,0,nan,0.0,4,1,22
2542746064,1544809322600338,323875607,-1170764597,39814,5370,0.28100002,0.08193465,0.86700004,1.3110001,0.53,0.77,96,7,3.2510002,-3.249,0.127,-0.096,3.0775957,0,nan,0.0,4,1,22
2542962017,1544809322800338,323875550,-1170764595,39837,5393,0.282,0.08651265,0.869,1.315,0.53,0.77,96,7,3.0490003,-3.0440001,0.16800001,-0.16000001,3.0818255,0,nan,0.0,4,1,22
2543159133,1544809323000337,323875498,-1170764594,39888,5444,0.282,0.09552326,0.87000006,1.317,0.53,0.77,96,6,2.7370002,-2.7370002,0.05,-0.18300001,3.1006567,0,nan,0.0,4,1,22
2543362067,1544809323200337,323875449,-1170764594,39928,5484,0.282,0.09868545,0.87100005,1.3180001,0.53,0.77,96,6,2.5790002,-2.5790002,0.053000003,-0.32200003,3.1106687,0,nan,0.0,4,1,22
2543559258,1544809323400337,323875406,-1170764594,40022,5578,0.26900002,0.10925638,0.87100005,1.315,0.53,0.77,96,6,2.2340002,-2.2340002,-0.008,-0.446,3.1262758,0,nan,0.0,4,1,22
2543762154,1544809323600337,323875366,-1170764596,40120,5676,0.268,0.114363916,0.87000006,1.312,0.53,0.77,96,6,2.102,-2.102,0.004,-0.439,3.132634,0,nan,0.0,4,1,22
2543959188,1544809323800337,323875329,-1170764596,40244,5800,0.27100003,0.13088956,0.87000006,1.309,0.53,0.77,96,6,1.9050001,-1.904,0.047000002,-0.55,3.1258433,0,nan,0.0,4,1,22
2544163685,1544809324000337,323875297,-1170764596,40369,5925,0.27800003,0.15543918,0.87000006,1.3080001,0.53,0.77,96,7,1.6520001,-1.6520001,-0.017,-0.588,3.136772,0,nan,0.0,4,1,22
2544361055,1544809324200337,323875268,-1170764597,40469,6025,0.291,0.16261092,0.87000006,1.309,0.53,0.77,96,7,1.519,-1.5180001,0.067,-0.582,3.118005,0,nan,0.0,4,1,22
2544564032,1544809324400337,323875240,-1170764597,40569,6125,0.31300002,0.18403588,0.87100005,1.3110001,0.53,0.77,96,7,1.503,-1.501,0.075,-0.83000004,3.1064234,0,nan,0.0,4,1,22
2544752091,1544809324600337,323875212,-1170764595,40664,6220,0.28,0.18389504,0.87200004,1.3130001,0.53,0.77,96,7,1.4590001,-1.4440001,0.21400002,-0.423,3.05023,0,nan,0.0,4,1,22
2544965017,1544809324800337,323875187,-1170764589,40675,6231,0.238,0.2173865,0.87200004,1.312,0.53,0.77,96,7,1.2270001,-1.1730001,0.36,-0.024,2.963964,0,nan,0.0,4,1,22
2545157095,1544809325000337,323875166,-1170764582,40598,6154,0.224,0.25249887,0.87200004,1.312,0.53,0.77,96,7,1.121,-1.0300001,0.44200003,0.47300002,2.866879,0,nan,0.0,4,1,22
2545353874,1544809325200337,323875146,-1170764574,40384,5940,0.25100002,0.2621933,0.87000006,1.309,0.53,0.77,96,7,1.074,-0.9990001,0.393,1.302,2.8186,0,nan,0.0,4,1,22
2545555116,1544809325400337,323875130,-1170764566,40068,5624,0.273,0.27125573,0.86800003,1.304,0.53,0.77,96,7,0.96800005,-0.84800005,0.46600002,1.5580001,2.7319956,0,nan,0.0,4,1,22
2545762065,1544809325600337,323875117,-1170764554,39749,5305,0.273,0.32742393,0.86800003,1.3050001,0.53,0.77,96,7,0.851,-0.597,0.60700005,1.5220001,2.575484,0,nan,0.0,4,1,22
2545960148,1544809325800337,323875107,-1170764541,39435,4991,0.3,0.3877671,0.86800003,1.3060001,0.53,0.77,96,7,0.808,-0.596,0.54700005,1.6400001,2.502023,0,nan,0.0,4,1,22
2546180059,1544809326000336,323875097,-1170764531,39090,4646,0.31100002,0.44087642,0.87000006,1.3080001,0.53,0.77,96,3,0.67,-0.53000003,0.411,1.7670001,2.493186,0,nan,0.0,4,1,22
2546361025,1544809326200336,323875088,-1170764522,38723,4279,0.30100003,0.3607859,0.87100005,1.309,0.53,0.77,96,3,0.744,-0.605,0.432,1.7880001,2.5102117,0,nan,0.0,4,1,22
2546560719,1544809326400336,323875076,-1170764511,38262,3818,0.29200003,0.28883785,0.87000006,1.3080001,0.53,0.77,96,3,0.869,-0.64000005,0.588,1.7860001,2.4421692,0,nan,0.0,4,1,22
2546761084,1544809326600336,323875064,-1170764501,37907,3463,0.307,0.3697787,0.87000006,1.3100001,0.53,0.77,96,3,0.70400006,-0.632,0.30900002,1.8050001,2.5350893,0,nan,0.0,4,1,22
2546953042,1544809326800336,323875053,-1170764493,37565,3121,0.312,0.38338983,0.87000006,1.312,0.53,0.77,96,3,0.694,-0.59400004,0.36,1.881,2.56497,0,nan,0.0,4,1,22
2547162024,1544809327000336,323875042,-1170764487,37198,2754,0.30900002,0.39512593,0.869,1.309,0.53,0.77,96,2,0.573,-0.48800004,0.3,1.9310001,2.5775483,0,nan,0.0,4,1,22
2547357042,1544809327200336,323875034,-1170764482,36812,2368,0.316,0.52547914,0.869,1.3110001,0.53,0.77,96,2,0.505,-0.469,0.186,1.9240001,2.6452198,0,nan,0.0,4,1,22
2547562615,1544809327400336,323875026,-1170764481,36435,1991,0.321,0.6601102,0.86800003,1.3100001,0.53,0.77,96,2,0.381,-0.381,-0.018000001,2.0210001,2.8558135,0,nan,0.0,4,1,22
2547754759,1544809327600336,323875020,-1170764482,36057,1613,0.321,0.7100128,0.86700004,1.312,0.53,0.77,96,2,0.36200002,-0.347,-0.101,2.088,3.1191454,0,nan,0.0,4,1,22
2547948171,1544809327800336,323875014,-1170764484,35636,1192,0.32700002,0.7628762,0.86700004,1.314,0.53,0.77,96,2,0.33800003,-0.321,-0.108,2.1230001,3.2809389,0,nan,0.0,4,1,22
2548164041,1544809328000336,323875010,-1170764484,35174,730,0.33100003,0.7629507,0.86500007,1.307,0.53,0.77,96,3,0.22100002,-0.21900001,-0.034,2.059,3.2809389,0,nan,0.0,4,1,22
2548361056,1544809328200336,323875005,-1170764484,34660,216,0.32500002,0.7630282,0.86500007,1.309,0.53,0.77,96,3,0.25800002,-0.254,0.042000003,2.138,3.2809389,0,nan,0.0,4,1,22
2548556040,1544809328400336,323875001,-1170764485,34251,-193,0.32900003,0.76311076,0.864,1.309,0.53,0.77,96,3,0.277,-0.27400002,-0.042000003,2.2800002,3.2809389,0,nan,0.0,4,1,22
2548757252,1544809328600336,323874996,-1170764486,33842,-602,0.33100003,0.7631909,0.86300004,1.3080001,0.53,0.77,96,3,0.29700002,-0.291,-0.062000003,2.21,3.2809389,0,nan,0.0,4,1,22
2548953016,1544809328800336,323874991,-1170764484,33434,-1010,0.326,0.61013234,0.86300004,1.3100001,0.53,0.77,96,3,0.395,-0.37800002,0.116000004,1.991,3.013983,0,nan,0.0,4,1,22
2549174015,1544809329000335,323874980,-1170764484,33164,-1281,0.324,0.4663865,0.86100006,1.304,0.53,0.77,96,2,0.483,-0.469,0.117000006,1.682,2.9404893,0,nan,0.0,4,1,22
2549361035,1544809329200335,323874972,-1170764483,32813,-1631,0.312,0.48149773,0.86,1.3050001,0.53,0.77,96,2,0.532,-0.52000004,0.11100001,1.5730001,2.9364886,0,nan,0.0,4,1,22
2549557358,1544809329400335,323874963,-1170764481,32520,-1924,0.317,0.4740202,0.86100006,1.3060001,0.53,0.77,96,2,0.52900004,-0.51900005,0.102000006,1.554,2.942042,0,nan,0.0,4,1,22
2549755251,1544809329600335,323874954,-1170764477,32233,-2211,0.316,0.441233,0.859,1.302,0.53,0.77,96,2,0.48100004,-0.44500002,0.18400002,1.4460001,2.8391688,0,nan,0.0,4,1,22
2549959125,1544809329800335,323874946,-1170764476,31950,-2495,0.312,0.5036594,0.85700005,1.2980001,0.53,0.77,96,2,0.492,-0.48800004,-0.061000004,1.5130001,3.0248997,0,nan,0.0,4,1,22
2550163122,1544809330000335,323874938,-1170764477,31652,-2792,0.31,0.59050506,0.85700005,1.299,0.53,0.77,96,2,0.47300002,-0.47300002,0.020000001,1.4130001,3.0563126,0,nan,0.0,4,1,22
2550360413,1544809330200335,323874930,-1170764479,31422,-3022,0.33100003,0.630404,0.85800004,1.3010001,0.53,0.77,96,2,0.423,-0.386,-0.17500001,1.3540001,3.2950292,0,nan,0.0,4,1,22
2550561133,1544809330400335,323874922,-1170764484,31177,-3267,0.324,0.4646038,0.85800004,1.3010001,0.53,0.77,96,2,0.56600004,-0.51100004,-0.24300002,1.2880001,3.4836702,0,nan,0.0,4,1,22
2550761022,1544809330600335,323874914,-1170764489,30973,-3471,0.33,0.6170147,0.85800004,1.302,0.53,0.77,96,2,0.43300003,-0.35500002,-0.24900001,1.184,3.5808854,0,nan,0.0,4,1,22
2550958083,1544809330800335,323874907,-1170764495,30724,-3720,0.32900003,0.60393643,0.85700005,1.3000001,0.53,0.77,96,2,0.42100003,-0.37100002,-0.19800001,1.042,3.606648,0,nan,0.0,4,1,22
2551159101,1544809331000335,323874902,-1170764499,30489,-3955,0.328,0.6039858,0.85700005,1.3010001,0.53,0.77,96,2,0.21200001,-0.19100001,-0.09200001,1.067,3.606648,0,nan,0.0,4,1,22
2551358017,1544809331200335,323874897,-1170764502,30313,-4131,0.33,0.7018789,0.85700005,1.3010001,0.53,0.77,96,2,0.36800003,-0.307,-0.202,1.0500001,3.6568387,0,nan,0.0,4,1,22
2551559253,1544809331400335,323874891,-1170764506,30186,-4258,0.32900003,0.70191693,0.85400003,1.292,0.53,0.77,96,2,0.209,-0.19600001,-0.072000004,0.9480001,3.6568387,0,nan,0.0,4,1,22
2551754174,1544809331600335,323874886,-1170764509,29997,-4448,0.326,0.7110567,0.85300004,1.291,0.53,0.77,96,2,0.36900002,-0.316,-0.19000001,0.896,3.6694736,0,nan,0.0,4,1,22
2551954526,1544809331800335,323874881,-1170764511,29804,-4640,0.33100003,0.7110893,0.85300004,1.2900001,0.53,0.77,96,2,0.30800003,-0.27800003,-0.133,0.786,3.6694736,0,nan,0.0,4,1,22
2552183308,1544809332000334,323874876,-1170764513,29642,-4802,0.33,0.71112543,0.85300004,1.291,0.53,0.77,96,2,0.26700002,-0.25100002,-0.089,0.90200007,3.6694736,0,nan,0.0,4,1,22
2552355713,1544809332200334,323874873,-1170764513,29498,-4946,0.326,0.7111553,0.85400003,1.292,0.53,0.77,96,2,0.11400001,-0.091000006,0.067,0.76400006,3.6694736,0,nan,0.0,4,1,22
2552561064,1544809332400334,323874872,-1170764511,29381,-5063,0.31500003,0.71118164,0.85300004,1.2930001,0.53,0.77,96,2,0.083000004,0.027,0.079,0.68100005,3.6694736,0,nan,0.0,4,1,22
2552762103,1544809332600334,323874872,-1170764512,29265,-5179,0.32900003,0.7112075,0.85300004,1.294,0.53,0.77,96,2,0.117000006,-0.002,-0.117000006,0.656,3.6694736,0,nan,0.0,4,1,22
2552961020,1544809332800334,323874870,-1170764515,29155,-5289,0.347,0.71122724,0.855,1.297,0.53,0.77,96,2,0.19500001,-0.15,-0.125,0.47400004,3.6694736,0,nan,0.0,4,1,22
2553162055,1544809333000334,323874869,-1170764515,29066,-5379,0.32500002,0.7112492,0.855,1.2980001,0.53,0.77,96,2,0.124000005,0.036000002,0.11800001,0.55700004,3.6694736,0,nan,0.0,4,1,22
2553361999,1544809333200334,323874869,-1170764514,29016,-5428,0.30900002,0.71126246,0.85600007,1.2980001,0.53,0.77,96,2,0.14,0.128,0.057000004,0.31300002,3.6694736,0,nan,0.0,4,1,22
2553561725,1544809333400334,323874870,-1170764515,28991,-5453,0.33600003,0.7112754,0.855,1.296,0.53,0.77,96,2,0.064,0.041,-0.049000002,0.31500003,3.6694736,0,nan,0.0,4,1,22
2553762453,1544809333600334,323874869,-1170764516,28953,-5491,0.319,0.71129215,0.85400003,1.2930001,0.53,0.77,96,2,0.108,0.082,0.07,0.42200002,3.6694736,0,nan,0.0,4,1,22
2553959188,1544809333800334,323874869,-1170764517,28891,-5553,0.316,0.71130437,0.85200006,1.2900001,0.53,0.77,96,2,0.096,0.09,-0.034,0.273,3.6694736,0,nan,0.0,4,1,22
2554165028,1544809334000334,323874870,-1170764516,28873,-5571,0.30600002,0.7113185,0.85200006,1.2900001,0.53,0.77,96,3,0.08400001,0.044000003,0.071,0.35900003,3.6694736,0,nan,0.0,4,1,22
2554359234,1544809334200334,323874871,-1170764515,28775,-5669,0.317,0.7113384,0.85300004,1.291,0.53,0.77,96,3,0.068,0.040000003,0.055000003,0.51000005,3.6694736,0,nan,0.0,4,1,22
2554556287,1544809334400334,323874871,-1170764517,28573,-5871,0.323,0.71138287,0.85300004,1.292,0.53,0.77,96,3,0.17500001,0.102000006,-0.143,1.143,3.6694736,0,nan,0.0,4,1,22
2554760479,1544809334600334,323874872,-1170764518,28300,-6144,0.32000002,0.7114466,0.851,1.286,0.53,0.77,96,3,0.057000004,0.019000001,0.054,1.6530001,3.6694736,0,nan,0.0,4,1,22
2554961043,1544809334800334,323874871,-1170764519,27905,-6540,0.323,0.7115255,0.851,1.2870001,0.53,0.77,96,3,0.157,-0.132,-0.085,2.039,3.6694736,0,nan,0.0,4,1,22
2555160836,1544809335000333,323874868,-1170764520,27474,-6970,0.323,0.7116054,0.85200006,1.2880001,0.53,0.77,96,2,0.14,-0.135,-0.040000003,2.0700002,3.6694736,0,nan,0.0,4,1,22
2555361517,1544809335200333,323874865,-1170764519,27008,-7436,0.32200003,0.7116878,0.85,1.2820001,0.53,0.77,96,2,0.268,-0.268,0.006,2.121,3.6694736,0,nan,0.0,4,1,22
2555562020,1544809335400333,323874861,-1170764518,26596,-7848,0.32000002,0.71176636,0.85,1.2830001,0.53,0.77,96,2,0.12200001,-0.12200001,0.002,2.036,3.6694736,0,nan,0.0,4,1,22
2555759247,1544809335600333,323874859,-1170764517,26241,-8203,0.324,0.7118377,0.85,1.2850001,0.53,0.77,96,2,0.15200001,-0.141,-0.056,1.8470001,3.6694736,0,nan,0.0,4,1,22
2555959190,1544809335800333,323874857,-1170764515,25873,-8571,0.324,0.71190983,0.851,1.2850001,0.53,0.77,96,2,0.019000001,0.010000001,0.016,1.871,3.6694736,0,nan,0.0,4,1,22
2556168063,1544809336000333,323874857,-1170764513,25550,-8894,0.326,0.7119768,0.851,1.2880001,0.53,0.77,96,2,0.109000005,-0.108,0.009000001,1.7340001,3.6694736,0,nan,0.0,4,1,22
2556363250,1544809336200333,323874855,-1170764512,25263,-9181,0.32900003,0.7120383,0.85200006,1.2900001,0.53,0.77,96,2,0.075,-0.065000005,-0.036000002,1.595,3.6694736,0,nan,0.0,4,1,22
2556561045,1544809336400333,323874855,-1170764510,24950,-9494,0.33,0.7120992,0.85300004,1.292,0.53,0.77,96,2,0.11100001,0.020000001,0.109000005,1.5780001,3.6694736,0,nan,0.0,4,1,22
2556757067,1544809336600333,323874855,-1170764508,24596,-9848,0.32700002,0.71216655,0.85300004,1.294,0.53,0.77,96,2,0.09200001,0.0,0.09200001,1.7470001,3.6694736,0,nan,0.0,4,1,22
2556962014,1544809336800333,323874855,-1170764505,24184,-10260,0.32500002,0.7122374,0.85300004,1.294,0.53,0.77,96,2,0.123,-0.009000001,0.12200001,1.8330001,3.6694736,0,nan,0.0,4,1,22
2557161015,1544809337000333,323874856,-1170764501,23837,-10607,0.324,0.7123044,0.85400003,1.2950001,0.53,0.77,96,4,0.14400001,0.051000003,0.135,1.7370001,3.6694736,0,nan,0.0,4,1,22
2557358024,1544809337200333,323874858,-1170764498,23451,-10994,0.32200003,0.7123767,0.85400003,1.2950001,0.53,0.77,96,4,0.209,0.112,0.17600001,1.866,3.6694736,0,nan,0.0,4,1,22
2557554011,1544809337400333,323874860,-1170764496,23082,-11362,0.326,0.7124479,0.85400003,1.296,0.53,0.77,96,4,0.068,0.068,-0.009000001,1.8470001,3.6694736,0,nan,0.0,4,1,22
2557759131,1544809337600333,323874860,-1170764494,22768,-11676,0.326,0.7125163,0.85400003,1.2980001,0.53,0.77,96,4,0.039,-0.036000002,0.015000001,1.7770001,3.6694736,0,nan,0.0,4,1,22
2557955013,1544809337800333,323874861,-1170764493,22425,-12020,0.33200002,0.71258837,0.855,1.3000001,0.53,0.77,96,4,0.126,0.09200001,0.086,1.8700001,3.6694736,0,nan,0.0,4,1,22
2558180059,1544809338000332,323874862,-1170764491,22087,-12357,0.337,0.71265715,0.855,1.302,0.53,0.77,96,4,0.079,0.079,-0.001,1.7850001,3.6694736,0,nan,0.0,4,1,22
2558361048,1544809338200332,323874862,-1170764491,21710,-12734,0.337,0.71273166,0.855,1.304,0.53,0.77,96,4,0.058000002,-0.049000002,0.031000001,1.937,3.6694736,0,nan,0.0,4,1,22
2558561101,1544809338400332,323874861,-1170764491,21351,-13093,0.33800003,0.71280307,0.85600007,1.3060001,0.53,0.77,96,4,0.07300001,0.0,-0.07300001,1.8560001,3.6694736,0,nan,0.0,4,1,22
2558757268,1544809338600332,323874860,-1170764492,20990,-13454,0.337,0.71286416,0.85600007,1.3080001,0.53,0.77,96,4,0.024,-0.013,-0.020000001,1.585,3.6694736,0,nan,0.0,4,1,22
2558962032,1544809338800332,323874859,-1170764493,20697,-13747,0.335,0.71290743,0.85700005,1.3100001,0.53,0.77,96,4,0.148,-0.083000004,-0.123,1.1140001,3.6694736,0,nan,0.0,4,1,22
2559161036,1544809339000332,323874857,-1170764498,20500,-13944,0.34300002,0.7129385,0.85700005,1.3110001,0.53,0.77,96,4,0.296,-0.125,-0.26900002,0.75500005,3.6694736,0,nan,0.0,4,1,22
2559362035,1544809339200332,323874856,-1170764503,20397,-14047,0.34500003,0.71295965,0.85800004,1.312,0.53,0.77,96,4,0.223,-0.024,-0.22200002,0.499,3.6694736,0,nan,0.0,4,1,22
2559563212,1544809339400332,323874855,-1170764506,20267,-14177,0.347,0.7129842,0.85800004,1.314,0.53,0.77,96,4,0.149,-0.031000001,-0.14600001,0.62600005,3.6694736,0,nan,0.0,4,1,22
2559755103,1544809339600332,323874853,-1170764508,20185,-14260,0.328,0.7130043,0.859,1.317,0.57,0.84999996,96,4,0.25300002,-0.223,-0.11800001,0.45600003,3.6694736,0,nan,0.0,4,1,21
2559955098,1544809339800332,323874850,-1170764511,20122,-14322,0.33600003,0.71302056,0.859,1.319,0.53,0.77,96,4,0.18,-0.068,-0.16700001,0.379,3.6694736,0,nan,0.0,4,1,22
2560164072,1544809340000332,323874849,-1170764514,20047,-14397,0.347,0.7130439,0.86,1.3210001,0.53,0.77,96,3,0.224,-0.055000003,-0.21700001,0.568,3.6694736,0,nan,0.0,4,1,22
2560357103,1544809340200332,323874846,-1170764517,19950,-14494,0.319,0.7130565,0.86,1.3210001,0.53,0.77,96,3,0.11400001,-0.11400001,-0.002,0.305,3.6694736,0,nan,0.0,4,1,22
2560555913,1544809340400332,323874844,-1170764515,19881,-14563,0.32200003,0.713071,0.86,1.3210001,0.53,0.77,96,3,0.14500001,-0.13800001,0.045,0.35000002,3.6694736,0,nan,0.0,4,1,22
2560753074,1544809340600332,323874843,-1170764515,19799,-14645,0.326,0.71308947,0.859,1.32,0.53,0.77,96,3,0.060000002,-0.052,0.031000001,0.476,3.6694736,0,nan,0.0,4,1,22
2560962202,1544809340800332,323874842,-1170764514,19681,-14763,0.321,0.7131054,0.859,1.32,0.53,0.77,96,3,0.061000004,-0.025,0.055000003,0.41000003,3.6694736,0,nan,0.0,4,1,22
2561167083,1544809341000331,323874840,-1170764512,19558,-14886,0.31300002,0.71312666,0.859,1.32,0.53,0.77,96,2,0.264,-0.23500001,0.120000005,0.48200002,3.6694736,0,nan,0.0,4,1,22
2561363020,1544809341200331,323874838,-1170764510,19465,-14980,0.29500002,0.7131385,0.859,1.32,0.53,0.77,96,2,0.117000006,-0.026,0.11400001,0.286,3.6694736,0,nan,0.0,4,1,22
2561563321,1544809341400331,323874837,-1170764509,19364,-15080,0.333,0.7131558,0.859,1.3210001,0.53,0.77,96,2,0.059000004,-0.057000004,-0.016,0.446,3.6694736,0,nan,0.0,4,1,22
2561764042,1544809341600331,323874834,-1170764510,19250,-15195,0.314,0.7131761,0.859,1.322,0.53,0.77,96,2,0.16800001,-0.155,0.065000005,0.503,3.6694736,0,nan,0.0,4,1,22
2561960089,1544809341800331,323874833,-1170764506,19170,-15274,0.29900002,0.71319383,0.86,1.3260001,0.53,0.77,96,2,0.22600001,0.004,0.22600001,0.40100002,3.6694736,0,nan,0.0,4,1,22
2562167696,1544809342000331,323874833,-1170764503,19062,-15382,0.32700002,0.71321183,0.86100006,1.3280001,0.53,0.77,96,2,0.07300001,-0.035,0.065000005,0.46500003,3.6694736,0,nan,0.0,4,1,22
2562365015,1544809342200331,323874831,-1170764503,18990,-15454,0.323,0.71322685,0.86100006,1.3290001,0.53,0.77,96,2,0.142,-0.142,0.0,0.363,3.6694736,0,nan,0.0,4,1,22
2562565026,1544809342400331,323874830,-1170764502,18932,-15512,0.32000002,0.71324027,0.86100006,1.3290001,0.53,0.77,96,2,0.101,-0.080000006,0.062000003,0.33200002,3.6694736,0,nan,0.0,4,1,22
2562760280,1544809342600331,323874830,-1170764501,18876,-15568,0.321,0.71325266,0.86100006,1.3290001,0.53,0.77,96,2,0.040000003,-0.032,0.024,0.289,3.6694736,0,nan,0.0,4,1,22
2562958021,1544809342800331,323874829,-1170764502,18822,-15623,0.305,0.71326417,0.86,1.33,0.53,0.77,96,2,0.057000004,-0.009000001,0.056,0.266,3.6694736,0,nan,0.0,4,1,22
2563161074,1544809343000331,323874828,-1170764502,18729,-15715,0.33,0.71328497,0.86100006,1.3330001,0.53,0.77,96,2,0.149,-0.133,-0.066,0.517,3.6694736,0,nan,0.0,4,1,22
2563354033,1544809343200331,323874827,-1170764503,18633,-15811,0.33600003,0.71330327,0.86200005,1.3360001,0.53,0.77,96,2,0.028,0.028,0.0050000004,0.47500002,3.6694736,0,nan,0.0,4,1,22
2563551249,1544809343400331,323874827,-1170764503,18564,-15880,0.33200002,0.7133174,0.86200005,1.337,0.53,0.77,96,2,0.10700001,-0.096,-0.045,0.351,3.6694736,0,nan,0.0,4,1,22
2563755254,1544809343600331,323874827,-1170764503,18457,-15987,0.33100003,0.7133366,0.86200005,1.337,0.53,0.77,96,2,0.045,-0.032,0.031000001,0.50100005,3.6694736,0,nan,0.0,4,1,22
2563959240,1544809343800331,323874828,-1170764504,18308,-16136,0.33200002,0.71335846,0.86200005,1.337,0.53,0.77,96,2,0.13900001,0.102000006,-0.095000006,0.54700005,3.6694736,0,nan,0.0,4,1,22
2564183121,1544809344000330,323874828,-1170764504,18210,-16234,0.32900003,0.71337205,0.86200005,1.337,0.53,0.77,96,3,0.051000003,-0.043,-0.028,0.35000002,3.6694736,0,nan,0.0,4,1,22
2564356188,1544809344200330,323874828,-1170764506,18101,-16343,0.323,0.7133876,0.86100006,1.335,0.53,0.77,96,3,0.034,0.033,-0.010000001,0.407,3.6694736,0,nan,0.0,4,1,22
2564557038,1544809344400330,323874828,-1170764507,18066,-16378,0.24000001,0.71339685,0.86100006,1.335,0.53,0.77,96,3,0.069000006,-0.039,-0.057000004,0.003,3.6694736,0,nan,0.0,4,1,22
2564757195,1544809344600330,323874828,-1170764509,18101,-16343,0.27800003,0.71340746,0.86,1.3340001,0.53,0.77,96,3,0.060000002,0.028,-0.053000003,-0.082,3.6694736,0,nan,0.0,4,1,22
2564972915,1544809344800330,323874829,-1170764510,18103,-16341,0.27600002,0.7134181,0.859,1.3330001,0.53,0.77,96,3,0.048,0.039,0.027,-0.037,3.6694736,0,nan,0.0,4,1,22
2565163195,1544809345000330,323874829,-1170764510,18088,-16357,0.24900001,0.7134277,0.85800004,1.3310001,0.53,0.77,96,2,0.043,-0.042000003,-0.011000001,-0.036000002,3.6694736,0,nan,0.0,4,1,22
2565362059,1544809345200330,323874829,-1170764510,18087,-16357,0.254,0.7134375,0.85600007,1.3290001,0.53,0.77,96,2,0.047000002,-0.043,-0.019000001,-0.046000004,3.6694736,0,nan,0.0,4,1,22
2565558571,1544809345400330,323874829,-1170764510,18093,-16351,0.29500002,0.7134488,0.85400003,1.327,0.53,0.77,96,2,0.026,-0.020000001,-0.017,-0.108,3.6694736,0,nan,0.0,4,1,22
2565756174,1544809345600330,323874829,-1170764510,18108,-16336,0.23700002,0.71345794,0.85300004,1.325,0.53,0.77,96,2,0.039,-0.037,0.011000001,0.016,3.6694736,0,nan,0.0,4,1,22
2565951384,1544809345800330,323874830,-1170764510,18092,-16352,0.30800003,0.7134698,0.851,1.322,0.53,0.77,96,2,0.025,-0.002,0.025,-0.07,3.6694736,0,nan,0.0,4,1,22
2566153020,1544809346000330,323874832,-1170764510,18098,-16346,0.25800002,0.71347976,0.84900004,1.32,0.53,0.77,96,2,0.039,0.008,-0.039,-0.053000003,3.6694736,0,nan,0.0,4,1,22
2566348089,1544809346200330,323874832,-1170764510,18108,-16337,0.26900002,0.71349,0.84700006,1.3180001,0.53,0.77,96,2,0.018000001,-0.004,0.018000001,-0.008,3.6694736,0,nan,0.0,4,1,22
2566554054,1544809346400330,323874833,-1170764509,18125,-16319,0.30200002,0.71350175,0.84400004,1.3160001,0.53,0.77,96,2,0.036000002,-0.030000001,0.019000001,-0.085,3.6694736,0,nan,0.0,4,1,22
2566748398,1544809346600330,323874834,-1170764509,18149,-16295,0.23900001,0.713511,0.84200007,1.314,0.53,0.77,96,2,0.047000002,-0.003,-0.047000002,0.0,3.6694736,0,nan,0.0,4,1,22
2566956323,1544809346800330,323874835,-1170764509,18147,-16297,0.22000001,0.71351933,0.84000003,1.312,0.53,0.77,96,2,0.057000004,-0.040000003,-0.040000003,-0.004,3.6694736,0,nan,0.0,4,1,22
2567162071,1544809347000329,323874836,-1170764509,18136,-16308,0.30600002,0.7135312,0.83800006,1.3100001,0.53,0.77,96,3,0.033,-0.006,-0.032,0.07700001,3.6694736,0,nan,0.0,4,1,22
2567362016,1544809347200329,323874836,-1170764508,18143,-16301,0.29500002,0.7135426,0.836,1.3080001,0.53,0.77,96,3,0.015000001,-0.015000001,-0.002,0.05,3.6694736,0,nan,0.0,4,1,22
2567560045,1544809347400329,323874837,-1170764507,18123,-16322,0.27100003,0.71355283,0.83400005,1.3050001,0.53,0.77,96,3,0.029000001,-0.018000001,0.022000002,0.056,3.6694736,0,nan,0.0,4,1,22
