timestamp,timestamp_last_signal,channel_count,rssi,rc_lost_frame_count,rc_total_frame_count,rc_ppm_frame_length,values[0],values[1],values[2],values[3],values[4],values[5],values[6],values[7],values[8],values[9],values[10],values[11],values[12],values[13],values[14],values[15],values[16],values[17],rc_failsafe,rc_lost,input_source
2480608484,2480608484,8,40,0,0,27005,1523,1499,991,2015,1402,2015,992,991,0,0,0,0,0,0,0,0,0,0,0,0,2
2480805285,2480805285,8,40,0,0,27008,1523,1499,992,2015,1402,2015,992,991,0,0,0,0,0,0,0,0,0,0,0,0,2
2480997285,2480997285,8,40,0,0,26987,1523,1499,992,1499,1401,2016,992,991,0,0,0,0,0,0,0,0,0,0,0,0,2
2481218198,2481218198,8,40,0,0,27011,1523,1499,991,1499,1402,2015,992,991,0,0,0,0,0,0,0,0,0,0,0,0,2
2481414321,2481414321,8,40,0,0,26990,1522,1499,1177,1498,1402,2015,992,991,0,0,0,0,0,0,0,0,0,0,0,0,2
2481614886,2481614886,8,40,0,0,26999,1523,1499,1532,1500,1401,2016,992,991,0,0,0,0,0,0,0,0,0,0,0,0,2
2481814898,2481814898,8,40,0,0,27000,1523,1499,1782,1500,1401,2016,991,991,0,0,0,0,0,0,0,0,0,0,0,0,2
2482007664,2482007664,8,40,0,0,26998,1523,1499,1882,1500,1402,2015,992,991,0,0,0,0,0,0,0,0,0,0,0,0,2
2482223662,2482223662,8,40,0,0,27014,1523,1498,1942,1500,1402,2015,992,991,0,0,0,0,0,0,0,0,0,0,0,0,2
2482428503,2482428503,8,40,0,0,27002,1523,1498,1942,1500,1401,2016,992,991,0,0,0,0,0,0,0,0,0,0,0,0,2
2482628491,2482628491,8,40,0,0,26997,1522,1499,1941,1500,1402,2015,992,991,0,0,0,0,0,0,0,0,0,0,0,0,2
2482821618,2482821618,8,40,0,0,27001,1523,1499,1745,1499,1402,2015,992,991,0,0,0,0,0,0,0,0,0,0,0,0,2
2483041296,2483041296,8,40,0,0,27009,1584,1714,1634,1504,1401,2016,992,991,0,0,0,0,0,0,0,0,0,0,0,0,2
2483242217,2483242217,8,40,0,0,27013,1605,1839,1635,1505,1402,2015,992,991,0,0,0,0,0,0,0,0,0,0,0,0,2
2483438091,2483438091,8,40,0,0,27004,1654,1894,1634,1502,1401,2016,992,991,0,0,0,0,0,0,0,0,0,0,0,0,2
2483646890,2483646890,8,40,0,0,26985,1712,1947,1634,1500,1402,2015,992,991,0,0,0,0,0,0,0,0,0,0,0,0,2
2483842886,2483842886,8,40,0,0,26998,1727,1980,1634,1500,1401,2016,992,991,0,0,0,0,0,0,0,0,0,0,0,0,2
2484035663,2484035663,8,40,0,0,26990,1718,2011,1634,1499,1402,2015,992,991,0,0,0,0,0,0,0,0,0,0,0,0,2
2484255668,2484255668,8,40,0,0,26999,1705,2012,1634,1499,1402,2015,992,991,0,0,0,0,0,0,0,0,0,0,0,0,2
2484452485,2484452485,8,40,0,0,27007,1701,2011,1634,1499,1402,2015,992,991,0,0,0,0,0,0,0,0,0,0,0,0,2
2484668491,2484668491,8,40,0,0,27002,1703,2011,1634,1499,1402,2015,992,991,0,0,0,0,0,0,0,0,0,0,0,0,2
2484861294,2484861294,8,40,0,0,27000,1709,2011,1634,1499,1401,2016,992,991,0,0,0,0,0,0,0,0,0,0,0,0,2
2485065288,2485065288,8,40,0,0,27010,1710,2012,1634,1499,1402,2015,992,991,0,0,0,0,0,0,0,0,0,0,0,0,2
2485270106,2485270106,8,40,0,0,26999,1706,2012,1634,1499,1402,2015,992,991,0,0,0,0,0,0,0,0,0,0,0,0,2
2485470196,2485470196,8,40,0,0,26998,1707,2011,1634,1499,1401,2016,991,991,0,0,0,0,0,0,0,0,0,0,0,0,2
2485671241,2485671241,8,40,0,0,27002,1694,2011,1634,1499,1401,2016,991,992,0,0,0,0,0,0,0,0,0,0,0,0,2
2485862885,2485862885,8,40,0,0,27001,1693,2012,1633,1499,1402,2015,992,991,0,0,0,0,0,0,0,0,0,0,0,0,2
2486063695,2486063695,8,40,0,0,27000,1701,2011,1634,1499,1402,2015,992,991,0,0,0,0,0,0,0,0,0,0,0,0,2
2486280486,2486280486,8,40,0,0,27003,1701,2011,1635,1499,1402,2015,992,991,0,0,0,0,0,0,0,0,0,0,0,0,2
2486484488,2486484488,8,40,0,0,27003,1701,2011,1634,1500,1402,2015,992,991,0,0,0,0,0,0,0,0,0,0,0,0,2
2486681679,2486681679,8,40,0,0,26989,1703,2011,1634,1519,1402,2015,992,991,0,0,0,0,0,0,0,0,0,0,0,0,2
2486889288,2486889288,8,40,0,0,26998,1703,2012,1634,1500,1402,2015,992,991,0,0,0,0,0,0,0,0,0,0,0,0,2
2487086063,2487086063,8,40,0,0,27007,1705,2011,1634,1501,1401,2016,991,991,0,0,0,0,0,0,0,0,0,0,0,0,2
2487286091,2487286091,8,40,0,0,27014,1708,2011,1772,1500,1402,2015,992,991,0,0,0,0,0,0,0,0,0,0,0,0,2
2487494880,2487494880,8,40,0,0,26998,1703,2011,1772,1500,1401,2016,992,991,0,0,0,0,0,0,0,0,0,0,0,0,2
2487694881,2487694881,8,40,0,0,26998,1704,2011,1773,1499,1402,2015,992,991,0,0,0,0,0,0,0,0,0,0,0,0,2
2487895692,2487895692,8,40,0,0,27002,1703,2011,1772,1499,1402,2016,991,991,0,0,0,0,0,0,0,0,0,0,0,0,2
2488095664,2488095664,8,40,0,0,26992,1702,2012,1772,1499,1402,2015,992,991,0,0,0,0,0,0,0,0,0,0,0,0,2
2488296480,2488296480,8,40,0,0,26996,1705,2011,1772,1500,1402,2015,992,991,0,0,0,0,0,0,0,0,0,0,0,0,2
2488488576,2488488576,8,40,0,0,26998,1706,2012,1772,1499,1402,2015,992,991,0,0,0,0,0,0,0,0,0,0,0,0,2
2488713290,2488713290,8,40,0,0,26999,1705,2011,1772,1499,1402,2015,992,991,0,0,0,0,0,0,0,0,0,0,0,0,2
2488897295,2488897295,8,40,0,0,26997,1703,2011,1773,1499,1402,2015,992,991,0,0,0,0,0,0,0,0,0,0,0,0,2
2489118102,2489118102,8,40,0,0,27008,1694,2011,1772,1499,1402,2015,992,991,0,0,0,0,0,0,0,0,0,0,0,0,2
2489314319,2489314319,8,40,0,0,26996,1695,2012,1770,1500,1401,2016,991,992,0,0,0,0,0,0,0,0,0,0,0,0,2
2489526885,2489526885,8,40,0,0,26982,1734,2011,1770,1736,1401,2016,991,991,0,0,0,0,0,0,0,0,0,0,0,0,2
2489718885,2489718885,8,40,0,0,27001,1730,2011,1770,1861,1402,2015,992,991,0,0,0,0,0,0,0,0,0,0,0,0,2
2489931790,2489931790,8,40,0,0,27003,1727,2011,1771,1868,1401,2016,991,991,0,0,0,0,0,0,0,0,0,0,0,0,2
2490135676,2490135676,8,40,0,0,26994,1726,2011,1770,1873,1401,2016,991,992,0,0,0,0,0,0,0,0,0,0,0,0,2
2490332481,2490332481,8,40,0,0,27003,1719,2011,1770,1880,1401,2016,992,991,0,0,0,0,0,0,0,0,0,0,0,0,2
2490532481,2490532481,8,40,0,0,26988,1715,2011,1770,1894,1402,2015,992,991,0,0,0,0,0,0,0,0,0,0,0,0,2
2490737285,2490737285,8,40,0,0,26990,1712,2011,1770,1926,1402,2016,991,991,0,0,0,0,0,0,0,0,0,0,0,0,2
2490930093,2490930093,8,40,0,0,26983,1711,2011,1769,1940,1402,2015,992,991,0,0,0,0,0,0,0,0,0,0,0,0,2
2491150063,2491150063,8,40,0,0,27002,1712,2011,1770,1942,1401,2016,991,991,0,0,0,0,0,0,0,0,0,0,0,0,2
2491334315,2491334315,8,40,0,0,27008,1722,2012,1769,1943,1401,2016,991,991,0,0,0,0,0,0,0,0,0,0,0,0,2
2491542889,2491542889,8,40,0,0,27003,1726,2012,1769,1945,1401,2016,991,991,0,0,0,0,0,0,0,0,0,0,0,0,2
2491755704,2491755704,8,40,0,0,26999,1726,2011,1769,1947,1402,2015,992,991,0,0,0,0,0,0,0,0,0,0,0,0,2
2491959795,2491959795,8,40,0,0,27003,1725,2011,1770,1948,1402,2015,992,991,0,0,0,0,0,0,0,0,0,0,0,0,2
2492148491,2492148491,8,40,0,0,26991,1726,2011,1770,1929,1401,2016,992,991,0,0,0,0,0,0,0,0,0,0,0,0,2
2492352487,2492352487,8,40,0,0,26999,1713,2012,1769,1794,1402,2015,992,991,0,0,0,0,0,0,0,0,0,0,0,0,2
2492565289,2492565289,8,40,0,0,27002,1709,2011,1770,1810,1401,2016,991,992,0,0,0,0,0,0,0,0,0,0,0,0,2
2492761290,2492761290,8,40,0,0,26998,1706,2011,1770,1842,1402,2015,992,991,0,0,0,0,0,0,0,0,0,0,0,0,2
2492966064,2492966064,8,40,0,0,27010,1652,1924,1770,1862,1402,2015,992,991,0,0,0,0,0,0,0,0,0,0,0,0,2
2493154062,2493154062,8,40,0,0,27005,1600,1827,1769,1891,1402,2015,992,991,0,0,0,0,0,0,0,0,0,0,0,0,2
2493370885,2493370885,8,40,0,0,26992,1529,1710,1769,1897,1402,2015,992,991,0,0,0,0,0,0,0,0,0,0,0,0,2
2493558883,2493558883,8,40,0,0,26992,1526,1598,1769,1901,1402,2015,992,991,0,0,0,0,0,0,0,0,0,0,0,0,2
2493771691,2493771691,8,40,0,0,27010,1525,1509,1769,1900,1402,2015,992,991,0,0,0,0,0,0,0,0,0,0,0,0,2
2493971688,2493971688,8,40,0,0,27005,1524,1500,1769,1904,1402,2016,991,991,0,0,0,0,0,0,0,0,0,0,0,0,2
2494164487,2494164487,8,40,0,0,27019,1524,1499,1770,1907,1402,2015,992,991,0,0,0,0,0,0,0,0,0,0,0,0,2
2494384506,2494384506,8,40,0,0,27007,1524,1499,1757,1917,1401,2016,991,992,0,0,0,0,0,0,0,0,0,0,0,0,2
2494573308,2494573308,8,40,0,0,26990,1524,1498,1730,1679,1402,2015,992,991,0,0,0,0,0,0,0,0,0,0,0,0,2
2494777295,2494777295,8,40,0,0,26999,1524,1499,1730,1499,1401,2016,991,991,0,0,0,0,0,0,0,0,0,0,0,0,2
2494982064,2494982064,8,40,0,0,26998,1524,1498,1730,1499,1402,2015,992,991,0,0,0,0,0,0,0,0,0,0,0,0,2
2495198064,2495198064,8,40,0,0,26999,1524,1498,1732,1498,1402,2015,992,991,0,0,0,0,0,0,0,0,0,0,0,0,2
2495386890,2495386890,8,40,0,0,26999,1524,1499,1731,1499,1402,2015,992,991,0,0,0,0,0,0,0,0,0,0,0,0,2
2495586891,2495586891,8,40,0,0,27004,1524,1500,1731,1499,1401,2016,991,991,0,0,0,0,0,0,0,0,0,0,0,0,2
2495787695,2495787695,8,40,0,0,26995,1524,1499,1730,1499,1402,2015,992,991,0,0,0,0,0,0,0,0,0,0,0,0,2
2496007683,2496007683,8,40,0,0,26992,1524,1498,1732,1499,1401,2016,991,991,0,0,0,0,0,0,0,0,0,0,0,0,2
2496200489,2496200489,8,40,0,0,27011,1524,1499,1731,1499,1401,2016,991,991,0,0,0,0,0,0,0,0,0,0,0,0,2
2496396485,2496396485,8,40,0,0,27000,1524,1498,1731,1499,1402,2015,992,991,0,0,0,0,0,0,0,0,0,0,0,0,2
2496597288,2496597288,8,40,0,0,27000,1524,1498,1731,1499,1401,2016,992,991,0,0,0,0,0,0,0,0,0,0,0,0,2
2496813385,2496813385,8,40,0,0,26996,1524,1498,1732,1499,1401,2016,991,991,0,0,0,0,0,0,0,0,0,0,0,0,2
2497010072,2497010072,8,40,0,0,27000,1524,1498,1731,1499,1401,2016,991,991,0,0,0,0,0,0,0,0,0,0,0,0,2
2497214313,2497214313,8,40,0,0,27003,1523,1499,1730,1499,1401,2016,992,991,0,0,0,0,0,0,0,0,0,0,0,0,2
2497414894,2497414894,8,40,0,0,26999,1524,1498,1732,1498,1402,2015,992,991,0,0,0,0,0,0,0,0,0,0,0,0,2
2497614891,2497614891,8,40,0,0,27011,1523,1499,1730,1499,1401,2016,992,991,0,0,0,0,0,0,0,0,0,0,0,0,2
2497831698,2497831698,8,40,0,0,26999,1524,1498,1732,1498,1402,2015,992,991,0,0,0,0,0,0,0,0,0,0,0,0,2
2498020476,2498020476,8,40,0,0,27002,1523,1499,1731,1499,1402,2015,992,991,0,0,0,0,0,0,0,0,0,0,0,0,2
2498220497,2498220497,8,40,0,0,26999,1524,1498,1732,1498,1402,2015,992,991,0,0,0,0,0,0,0,0,0,0,0,0,2
2498433286,2498433286,8,40,0,0,27008,1524,1498,1678,1497,1402,2015,992,991,0,0,0,0,0,0,0,0,0,0,0,0,2
2498621675,2498621675,8,40,0,0,27005,1524,1499,1584,1571,1402,2015,992,991,0,0,0,0,0,0,0,0,0,0,0,0,2
2498842099,2498842099,8,40,0,0,27005,1523,1616,1563,1760,1402,2015,992,991,0,0,0,0,0,0,0,0,0,0,0,0,2
2499038064,2499038064,8,40,0,0,26999,1524,1928,1562,1770,1401,2016,992,991,0,0,0,0,0,0,0,0,0,0,0,0,2
2499235127,2499235127,8,40,0,0,26992,1524,1979,1563,1714,1402,2015,992,991,0,0,0,0,0,0,0,0,0,0,0,0,2
2499430904,2499430904,8,40,0,0,26997,1524,2011,1564,1626,1402,2015,992,991,0,0,0,0,0,0,0,0,0,0,0,0,2
2499647686,2499647686,8,40,0,0,26988,1524,2011,1564,1593,1402,2015,992,991,0,0,0,0,0,0,0,0,0,0,0,0,2
2499839689,2499839689,8,40,0,0,27000,1525,2011,1563,1565,1401,2016,992,991,0,0,0,0,0,0,0,0,0,0,0,0,2
2500044464,2500044464,8,40,0,0,26995,1524,2012,1563,1536,1402,2015,992,991,0,0,0,0,0,0,0,0,0,0,0,0,2
2500244722,2500244722,8,40,0,0,27014,1524,2012,1563,1534,1401,2016,991,991,0,0,0,0,0,0,0,0,0,0,0,0,2
2500457290,2500457290,8,40,0,0,26989,1524,2011,1564,1533,1402,2015,992,991,0,0,0,0,0,0,0,0,0,0,0,0,2
2500653292,2500653292,8,40,0,0,27004,1524,2011,1564,1531,1402,2015,992,991,0,0,0,0,0,0,0,0,0,0,0,0,2
2500854091,2500854091,8,40,0,0,27001,1524,2011,1564,1533,1402,2015,992,991,0,0,0,0,0,0,0,0,0,0,0,0,2
2501070085,2501070085,8,40,0,0,26992,1524,2012,1563,1503,1402,2016,991,991,0,0,0,0,0,0,0,0,0,0,0,0,2
2501266880,2501266880,8,40,0,0,27007,1524,2011,1563,1500,1402,2015,992,991,0,0,0,0,0,0,0,0,0,0,0,0,2
2501478894,2501478894,8,40,0,0,26997,1524,2011,1563,1500,1401,2016,991,992,0,0,0,0,0,0,0,0,0,0,0,0,2
2501671687,2501671687,8,40,0,0,27003,1524,2011,1393,1548,1401,2016,991,991,0,0,0,0,0,0,0,0,0,0,0,0,2
2501871695,2501871695,8,40,0,0,26998,1524,2012,1315,1586,1402,2015,992,991,0,0,0,0,0,0,0,0,0,0,0,0,2
2502072461,2502072461,8,40,0,0,27008,1524,2011,1316,1565,1402,2015,992,991,0,0,0,0,0,0,0,0,0,0,0,0,2
2502288491,2502288491,8,40,0,0,26998,1524,2011,1315,1513,1402,2015,992,991,0,0,0,0,0,0,0,0,0,0,0,0,2
2502493292,2502493292,8,40,0,0,27002,1524,2011,1315,1502,1402,2015,992,991,0,0,0,0,0,0,0,0,0,0,0,0,2
2502677383,2502677383,8,40,0,0,27000,1524,2011,1316,1502,1402,2015,992,991,0,0,0,0,0,0,0,0,0,0,0,0,2
2502890096,2502890096,8,40,0,0,27002,1524,2011,1316,1503,1401,2016,991,991,0,0,0,0,0,0,0,0,0,0,0,0,2
2503086884,2503086884,8,40,0,0,26992,1523,2012,1316,1550,1402,2015,992,991,0,0,0,0,0,0,0,0,0,0,0,0,2
2503302990,2503302990,8,40,0,0,26994,1524,2011,1316,1606,1402,2016,991,991,0,0,0,0,0,0,0,0,0,0,0,0,2
2503498883,2503498883,8,40,0,0,26998,1524,2011,1316,1672,1401,2016,991,991,0,0,0,0,0,0,0,0,0,0,0,0,2
2503703694,2503703694,8,40,0,0,27005,1525,2011,1315,1710,1402,2015,992,991,0,0,0,0,0,0,0,0,0,0,0,0,2
2503896463,2503896463,8,40,0,0,26998,1525,2011,1247,1798,1401,2016,991,991,0,0,0,0,0,0,0,0,0,0,0,0,2
2504096462,2504096462,8,40,0,0,26984,1525,2011,1218,1850,1402,2015,992,991,0,0,0,0,0,0,0,0,0,0,0,0,2
2504297282,2504297282,8,40,0,0,27004,1525,2011,1215,1853,1402,2015,992,991,0,0,0,0,0,0,0,0,0,0,0,0,2
2504509289,2504509289,8,40,0,0,26998,1525,2012,1212,1852,1401,2016,992,991,0,0,0,0,0,0,0,0,0,0,0,0,2
2504710092,2504710092,8,40,0,0,26995,1525,2011,1213,1848,1402,2015,992,991,0,0,0,0,0,0,0,0,0,0,0,0,2
2504914087,2504914087,8,40,0,0,26997,1525,2011,1213,1841,1402,2015,992,991,0,0,0,0,0,0,0,0,0,0,0,0,2
2505106880,2505106880,8,40,0,0,27002,1526,2011,1213,1838,1401,2016,991,991,0,0,0,0,0,0,0,0,0,0,0,0,2
2505318889,2505318889,8,40,0,0,27000,1525,2011,1213,1839,1401,2016,991,992,0,0,0,0,0,0,0,0,0,0,0,0,2
2505512043,2505512043,8,40,0,0,26990,1525,2011,1213,1845,1402,2015,992,991,0,0,0,0,0,0,0,0,0,0,0,0,2
2505703695,2505703695,8,40,0,0,27010,1525,1977,1210,1852,1402,2015,992,991,0,0,0,0,0,0,0,0,0,0,0,0,2
2505920460,2505920460,8,40,0,0,27005,1525,1891,1210,1858,1401,2016,992,991,0,0,0,0,0,0,0,0,0,0,0,0,2
2506116464,2506116464,8,40,0,0,27007,1524,1732,1209,1861,1402,2015,992,991,0,0,0,0,0,0,0,0,0,0,0,0,2
2506309284,2506309284,8,40,0,0,26990,1524,1499,1210,1851,1401,2016,991,991,0,0,0,0,0,0,0,0,0,0,0,0,2
2506509282,2506509282,8,40,0,0,26992,1524,1499,1210,1806,1401,2016,992,991,0,0,0,0,0,0,0,0,0,0,0,0,2
2506730096,2506730096,8,40,0,0,26998,1524,1499,1209,1761,1402,2015,992,991,0,0,0,0,0,0,0,0,0,0,0,0,2
2506930097,2506930097,8,40,0,0,27006,1524,1499,1210,1789,1402,2015,992,991,0,0,0,0,0,0,0,0,0,0,0,0,2
2507126881,2507126881,8,40,0,0,27001,1523,1499,1210,1786,1402,2015,992,991,0,0,0,0,0,0,0,0,0,0,0,0,2
2507338884,2507338884,8,40,0,0,26989,1523,1499,1210,1609,1401,2016,991,991,0,0,0,0,0,0,0,0,0,0,0,0,2
2507535784,2507535784,8,40,0,0,26999,1523,1499,1310,1508,1402,2016,991,991,0,0,0,0,0,0,0,0,0,0,0,0,2
2507723696,2507723696,8,40,0,0,27002,1523,1499,1359,1500,1402,2015,992,991,0,0,0,0,0,0,0,0,0,0,0,0,2
2507948489,2507948489,8,40,0,0,26998,1523,1499,1360,1501,1401,2016,991,991,0,0,0,0,0,0,0,0,0,0,0,0,2
2508152460,2508152460,8,40,0,0,26997,1524,1499,1360,1500,1402,2015,992,991,0,0,0,0,0,0,0,0,0,0,0,0,2
2508353290,2508353290,8,40,0,0,26994,1523,1499,1359,1500,1401,2016,991,991,0,0,0,0,0,0,0,0,0,0,0,0,2
2508549291,2508549291,8,40,0,0,27001,1523,1498,1360,1499,1402,2015,992,991,0,0,0,0,0,0,0,0,0,0,0,0,2
2508738176,2508738176,8,40,0,0,27004,1523,1499,1359,1500,1401,2016,992,991,0,0,0,0,0,0,0,0,0,0,0,0,2
2508962178,2508962178,8,40,0,0,26998,1523,1499,1359,1500,1401,2016,991,991,0,0,0,0,0,0,0,0,0,0,0,0,2
2509155116,2509155116,8,40,0,0,26998,1523,1499,1359,1500,1401,2016,991,992,0,0,0,0,0,0,0,0,0,0,0,0,2
2509350971,2509350971,8,40,0,0,26999,1523,1498,1360,1499,1402,2015,992,991,0,0,0,0,0,0,0,0,0,0,0,0,2
2509567687,2509567687,8,40,0,0,27000,1523,1499,1359,1499,1402,2015,992,991,0,0,0,0,0,0,0,0,0,0,0,0,2
2509756495,2509756495,8,40,0,0,26999,1524,1499,1359,1499,1402,2016,991,991,0,0,0,0,0,0,0,0,0,0,0,0,2
2509956468,2509956468,8,40,0,0,27004,1523,1499,1359,1499,1402,2015,992,991,0,0,0,0,0,0,0,0,0,0,0,0,2
2510156471,2510156471,8,40,0,0,27004,1523,1499,1359,1500,1401,2016,991,991,0,0,0,0,0,0,0,0,0,0,0,0,2
2510357285,2510357285,8,40,0,0,27004,1524,1498,1360,1499,1402,2015,992,991,0,0,0,0,0,0,0,0,0,0,0,0,2
2510578095,2510578095,8,40,0,0,26995,1524,1498,1360,1499,1402,2015,992,991,0,0,0,0,0,0,0,0,0,0,0,0,2
2510778296,2510778296,8,40,0,0,27003,1524,1499,1358,1499,1402,2015,992,991,0,0,0,0,0,0,0,0,0,0,0,0,2
2510970860,2510970860,8,40,0,0,27000,1523,1498,1360,1499,1402,2015,992,991,0,0,0,0,0,0,0,0,0,0,0,0,2
2511175248,2511175248,8,40,0,0,26998,1524,1499,1359,1500,1401,2016,991,992,0,0,0,0,0,0,0,0,0,0,0,0,2
2511375698,2511375698,8,40,0,0,26998,1524,1499,1359,1500,1401,2016,991,991,0,0,0,0,0,0,0,0,0,0,0,0,2
2511587693,2511587693,8,40,0,0,26999,1523,1499,1359,1499,1402,2015,992,991,0,0,0,0,0,0,0,0,0,0,0,0,2
2511784482,2511784482,8,40,0,0,27005,1523,1499,1359,1500,1401,2016,991,991,0,0,0,0,0,0,0,0,0,0,0,0,2
2511980470,2511980470,8,40,0,0,27000,1523,1499,1359,1499,1402,2015,992,991,0,0,0,0,0,0,0,0,0,0,0,0,2
2512193283,2512193283,8,40,0,0,27001,1523,1498,1360,1499,1402,2015,992,991,0,0,0,0,0,0,0,0,0,0,0,0,2
2512393281,2512393281,8,40,0,0,27000,1523,1499,1359,1500,1401,2016,992,991,0,0,0,0,0,0,0,0,0,0,0,0,2
2512602106,2512602106,8,40,0,0,27000,1523,1499,1359,1499,1402,2015,992,991,0,0,0,0,0,0,0,0,0,0,0,0,2
2512794088,2512794088,8,40,0,0,26998,1523,1499,1359,1498,1402,2016,991,991,0,0,0,0,0,0,0,0,0,0,0,0,2
2512986860,2512986860,8,40,0,0,26994,1523,1499,1358,1500,1401,2016,991,992,0,0,0,0,0,0,0,0,0,0,0,0,2
2513186887,2513186887,8,40,0,0,26998,1523,1499,1358,1500,1401,2016,992,991,0,0,0,0,0,0,0,0,0,0,0,0,2
2513403696,2513403696,8,40,0,0,26999,1523,1499,1359,1499,1402,2015,992,991,0,0,0,0,0,0,0,0,0,0,0,0,2
2513603697,2513603697,8,40,0,0,27000,1523,1499,1358,1499,1402,2015,992,991,0,0,0,0,0,0,0,0,0,0,0,0,2
2513800490,2513800490,8,40,0,0,26997,1523,1499,1358,1499,1401,2016,991,992,0,0,0,0,0,0,0,0,0,0,0,0,2
2514020553,2514020553,8,40,0,0,27000,1523,1499,1358,1498,1402,2015,992,991,0,0,0,0,0,0,0,0,0,0,0,0,2
2514221294,2514221294,8,40,0,0,27000,1523,1499,1359,1499,1402,2015,992,991,0,0,0,0,0,0,0,0,0,0,0,0,2
2514413290,2514413290,8,40,0,0,27000,1523,1499,1358,1499,1401,2016,991,991,0,0,0,0,0,0,0,0,0,0,0,0,2
2514614092,2514614092,8,40,0,0,26996,1523,1499,1358,1498,1402,2015,992,991,0,0,0,0,0,0,0,0,0,0,0,0,2
2514818413,2514818413,8,40,0,0,27006,1523,1499,1358,1499,1401,2016,991,991,0,0,0,0,0,0,0,0,0,0,0,0,2
2515014864,2515014864,8,40,0,0,26996,1523,1499,1358,1498,1402,2016,991,991,0,0,0,0,0,0,0,0,0,0,0,0,2
2515234989,2515234989,8,40,0,0,27005,1523,1499,1359,1498,1402,2015,992,991,0,0,0,0,0,0,0,0,0,0,0,0,2
2515435693,2515435693,8,40,0,0,27003,1523,1499,1358,1499,1402,2015,992,991,0,0,0,0,0,0,0,0,0,0,0,0,2
2515632484,2515632484,8,40,0,0,26997,1523,1499,1358,1499,1401,2016,991,991,0,0,0,0,0,0,0,0,0,0,0,0,2
2515828704,2515828704,8,40,0,0,27000,1523,1499,1358,1499,1402,2015,992,991,0,0,0,0,0,0,0,0,0,0,0,0,2
2516044715,2516044715,8,40,0,0,26997,1523,1499,1359,1498,1402,2015,992,991,0,0,0,0,0,0,0,0,0,0,0,0,2
2516241290,2516241290,8,40,0,0,26987,1523,1499,1358,1499,1402,2015,992,991,0,0,0,0,0,0,0,0,0,0,0,0,2
2516454095,2516454095,8,40,0,0,26994,1523,1499,1359,1499,1402,2015,992,991,0,0,0,0,0,0,0,0,0,0,0,0,2
2516646095,2516646095,8,40,0,0,27000,1523,1499,1358,1499,1402,2015,992,991,0,0,0,0,0,0,0,0,0,0,0,0,2
2516842964,2516842964,8,40,0,0,27003,1523,1499,1358,1499,1402,2015,992,991,0,0,0,0,0,0,0,0,0,0,0,0,2
2517055125,2517055125,8,40,0,0,27003,1523,1498,1359,1499,1401,2016,992,991,0,0,0,0,0,0,0,0,0,0,0,0,2
2517255695,2517255695,8,40,0,0,27003,1523,1499,1359,1498,1402,2016,991,991,0,0,0,0,0,0,0,0,0,0,0,0,2
2517455694,2517455694,8,40,0,0,27003,1523,1499,1359,1498,1402,2015,992,991,0,0,0,0,0,0,0,0,0,0,0,0,2
2517668818,2517668818,8,40,0,0,27002,1523,1499,1358,1499,1402,2015,992,991,0,0,0,0,0,0,0,0,0,0,0,0,2
2517868485,2517868485,8,40,0,0,27003,1523,1499,1358,1499,1402,2015,992,991,0,0,0,0,0,0,0,0,0,0,0,0,2
2518057292,2517992713,0,0,0,0,27003,0,0,0,0,0,0,0,0,0,0,0,0,0,0,0,0,0,0,0,1,0
2518277284,2517992713,0,0,0,0,27003,0,0,0,0,0,0,0,0,0,0,0,0,0,0,0,0,0,0,0,1,0
2518470091,2517992713,0,0,0,0,27003,0,0,0,0,0,0,0,0,0,0,0,0,0,0,0,0,0,0,0,1,0
2518686092,2517992713,0,0,0,0,27003,0,0,0,0,0,0,0,0,0,0,0,0,0,0,0,0,0,0,0,1,0
2518878888,2517992713,0,0,0,0,27003,0,0,0,0,0,0,0,0,0,0,0,0,0,0,0,0,0,0,0,1,0
2519070863,2517992713,0,0,0,0,27003,0,0,0,0,0,0,0,0,0,0,0,0,0,0,0,0,0,0,0,1,0
2519283696,2517992713,0,0,0,0,27003,0,0,0,0,0,0,0,0,0,0,0,0,0,0,0,0,0,0,0,1,0
2519479686,2517992713,0,0,0,0,27003,0,0,0,0,0,0,0,0,0,0,0,0,0,0,0,0,0,0,0,1,0
2519696498,2517992713,0,0,0,0,27003,0,0,0,0,0,0,0,0,0,0,0,0,0,0,0,0,0,0,0,1,0
2519900468,2517992713,0,0,0,0,27003,0,0,0,0,0,0,0,0,0,0,0,0,0,0,0,0,0,0,0,1,0
2520089296,2517992713,0,0,0,0,27003,0,0,0,0,0,0,0,0,0,0,0,0,0,0,0,0,0,0,0,1,0
2520309291,2517992713,0,0,0,0,27003,0,0,0,0,0,0,0,0,0,0,0,0,0,0,0,0,0,0,0,1,0
2520502098,2517992713,0,0,0,0,27003,0,0,0,0,0,0,0,0,0,0,0,0,0,0,0,0,0,0,0,1,0
2520714176,2517992713,0,0,0,0,27003,0,0,0,0,0,0,0,0,0,0,0,0,0,0,0,0,0,0,0,1,0
2520910869,2517992713,0,0,0,0,27003,0,0,0,0,0,0,0,0,0,0,0,0,0,0,0,0,0,0,0,1,0
2521118866,2517992713,0,0,0,0,27003,0,0,0,0,0,0,0,0,0,0,0,0,0,0,0,0,0,0,0,1,0
2521319697,2517992713,0,0,0,0,27003,0,0,0,0,0,0,0,0,0,0,0,0,0,0,0,0,0,0,0,1,0
2521516491,2517992713,0,0,0,0,27003,0,0,0,0,0,0,0,0,0,0,0,0,0,0,0,0,0,0,0,1,0
2521712508,2517992713,0,0,0,0,27003,0,0,0,0,0,0,0,0,0,0,0,0,0,0,0,0,0,0,0,1,0
2521916489,2517992713,0,0,0,0,27003,0,0,0,0,0,0,0,0,0,0,0,0,0,0,0,0,0,0,0,1,0
2522133303,2517992713,0,0,0,0,27003,0,0,0,0,0,0,0,0,0,0,0,0,0,0,0,0,0,0,0,1,0
2522333285,2517992713,0,0,0,0,27003,0,0,0,0,0,0,0,0,0,0,0,0,0,0,0,0,0,0,0,1,0
2522534092,2517992713,0,0,0,0,27003,0,0,0,0,0,0,0,0,0,0,0,0,0,0,0,0,0,0,0,1,0
2522726894,2517992713,0,0,0,0,27003,0,0,0,0,0,0,0,0,0,0,0,0,0,0,0,0,0,0,0,1,0
2522922961,2517992713,0,0,0,0,27003,0,0,0,0,0,0,0,0,0,0,0,0,0,0,0,0,0,0,0,1,0
2523143697,2517992713,0,0,0,0,27003,0,0,0,0,0,0,0,0,0,0,0,0,0,0,0,0,0,0,0,1,0
2523343699,2517992713,0,0,0,0,27003,0,0,0,0,0,0,0,0,0,0,0,0,0,0,0,0,0,0,0,1,0
2523532503,2517992713,0,0,0,0,27003,0,0,0,0,0,0,0,0,0,0,0,0,0,0,0,0,0,0,0,1,0
2523752491,2517992713,0,0,0,0,27003,0,0,0,0,0,0,0,0,0,0,0,0,0,0,0,0,0,0,0,1,0
2523945287,2517992713,0,0,0,0,27003,0,0,0,0,0,0,0,0,0,0,0,0,0,0,0,0,0,0,0,1,0
2524157290,2517992713,0,0,0,0,27003,0,0,0,0,0,0,0,0,0,0,0,0,0,0,0,0,0,0,0,1,0
2524358100,2517992713,0,0,0,0,27003,0,0,0,0,0,0,0,0,0,0,0,0,0,0,0,0,0,0,0,1,0
2524558104,2517992713,0,0,0,0,27003,0,0,0,0,0,0,0,0,0,0,0,0,0,0,0,0,0,0,0,1,0
2524754860,2517992713,0,0,0,0,27003,0,0,0,0,0,0,0,0,0,0,0,0,0,0,0,0,0,0,0,1,0
2524954860,2517992713,0,0,0,0,27003,0,0,0,0,0,0,0,0,0,0,0,0,0,0,0,0,0,0,0,1,0
2525167703,2517992713,0,0,0,0,27003,0,0,0,0,0,0,0,0,0,0,0,0,0,0,0,0,0,0,0,1,0
2525363689,2517992713,0,0,0,0,27003,0,0,0,0,0,0,0,0,0,0,0,0,0,0,0,0,0,0,0,1,0
2525568482,2517992713,0,0,0,0,27003,0,0,0,0,0,0,0,0,0,0,0,0,0,0,0,0,0,0,0,1,0
2525768511,2517992713,0,0,0,0,27003,0,0,0,0,0,0,0,0,0,0,0,0,0,0,0,0,0,0,0,1,0
2525961395,2517992713,0,0,0,0,27003,0,0,0,0,0,0,0,0,0,0,0,0,0,0,0,0,0,0,0,1,0
2526181291,2517992713,0,0,0,0,27003,0,0,0,0,0,0,0,0,0,0,0,0,0,0,0,0,0,0,0,1,0
2526378175,2517992713,0,0,0,0,27003,0,0,0,0,0,0,0,0,0,0,0,0,0,0,0,0,0,0,0,1,0
2526574104,2517992713,0,0,0,0,27003,0,0,0,0,0,0,0,0,0,0,0,0,0,0,0,0,0,0,0,1,0
2526786860,2517992713,0,0,0,0,27003,0,0,0,0,0,0,0,0,0,0,0,0,0,0,0,0,0,0,0,1,0
2526986862,2517992713,0,0,0,0,27003,0,0,0,0,0,0,0,0,0,0,0,0,0,0,0,0,0,0,0,1,0
2527199698,2517992713,0,0,0,0,27003,0,0,0,0,0,0,0,0,0,0,0,0,0,0,0,0,0,0,0,1,0
2527388486,2517992713,0,0,0,0,27003,0,0,0,0,0,0,0,0,0,0,0,0,0,0,0,0,0,0,0,1,0
2527588485,2517992713,0,0,0,0,27003,0,0,0,0,0,0,0,0,0,0,0,0,0,0,0,0,0,0,0,1,0
2527808483,2517992713,0,0,0,0,27003,0,0,0,0,0,0,0,0,0,0,0,0,0,0,0,0,0,0,0,1,0
2528009283,2517992713,0,0,0,0,27003,0,0,0,0,0,0,0,0,0,0,0,0,0,0,0,0,0,0,0,1,0
2528205297,2517992713,0,0,0,0,27003,0,0,0,0,0,0,0,0,0,0,0,0,0,0,0,0,0,0,0,1,0
2528398098,2517992713,0,0,0,0,27003,0,0,0,0,0,0,0,0,0,0,0,0,0,0,0,0,0,0,0,1,0
2528610881,2517992713,0,0,0,0,27003,0,0,0,0,0,0,0,0,0,0,0,0,0,0,0,0,0,0,0,1,0
2528798900,2517992713,0,0,0,0,27003,0,0,0,0,0,0,0,0,0,0,0,0,0,0,0,0,0,0,0,1,0
2529023690,2517992713,0,0,0,0,27003,0,0,0,0,0,0,0,0,0,0,0,0,0,0,0,0,0,0,0,1,0
2529223691,2517992713,0,0,0,0,27003,0,0,0,0,0,0,0,0,0,0,0,0,0,0,0,0,0,0,0,1,0
2529424488,2517992713,0,0,0,0,27003,0,0,0,0,0,0,0,0,0,0,0,0,0,0,0,0,0,0,0,1,0
2529628491,2517992713,0,0,0,0,27003,0,0,0,0,0,0,0,0,0,0,0,0,0,0,0,0,0,0,0,1,0
2529821271,2517992713,0,0,0,0,27003,0,0,0,0,0,0,0,0,0,0,0,0,0,0,0,0,0,0,0,1,0
2530033288,2517992713,0,0,0,0,27003,0,0,0,0,0,0,0,0,0,0,0,0,0,0,0,0,0,0,0,1,0
2530226091,2517992713,0,0,0,0,27003,0,0,0,0,0,0,0,0,0,0,0,0,0,0,0,0,0,0,0,1,0
2530426091,2517992713,0,0,0,0,27003,0,0,0,0,0,0,0,0,0,0,0,0,0,0,0,0,0,0,0,1,0
2530638882,2517992713,0,0,0,0,27003,0,0,0,0,0,0,0,0,0,0,0,0,0,0,0,0,0,0,0,1,0
2530834864,2517992713,0,0,0,0,27003,0,0,0,0,0,0,0,0,0,0,0,0,0,0,0,0,0,0,0,1,0
2531047699,2517992713,0,0,0,0,27003,0,0,0,0,0,0,0,0,0,0,0,0,0,0,0,0,0,0,0,1,0
2531247684,2517992713,0,0,0,0,27003,0,0,0,0,0,0,0,0,0,0,0,0,0,0,0,0,0,0,0,1,0
2531460485,2517992713,0,0,0,0,27003,0,0,0,0,0,0,0,0,0,0,0,0,0,0,0,0,0,0,0,1,0
2531652492,2517992713,0,0,0,0,27003,0,0,0,0,0,0,0,0,0,0,0,0,0,0,0,0,0,0,0,1,0
2531865259,2517992713,0,0,0,0,27003,0,0,0,0,0,0,0,0,0,0,0,0,0,0,0,0,0,0,0,1,0
2532057281,2517992713,0,0,0,0,27003,0,0,0,0,0,0,0,0,0,0,0,0,0,0,0,0,0,0,0,1,0
2532254099,2517992713,0,0,0,0,27003,0,0,0,0,0,0,0,0,0,0,0,0,0,0,0,0,0,0,0,1,0
2532474093,2517992713,0,0,0,0,27003,0,0,0,0,0,0,0,0,0,0,0,0,0,0,0,0,0,0,0,1,0
2532662980,2517992713,0,0,0,0,27003,0,0,0,0,0,0,0,0,0,0,0,0,0,0,0,0,0,0,0,1,0
2532878864,2517992713,0,0,0,0,27003,0,0,0,0,0,0,0,0,0,0,0,0,0,0,0,0,0,0,0,1,0
2533071692,2517992713,0,0,0,0,27003,0,0,0,0,0,0,0,0,0,0,0,0,0,0,0,0,0,0,0,1,0
2533268484,2517992713,0,0,0,0,27003,0,0,0,0,0,0,0,0,0,0,0,0,0,0,0,0,0,0,0,1,0
2533484492,2517992713,0,0,0,0,27003,0,0,0,0,0,0,0,0,0,0,0,0,0,0,0,0,0,0,0,1,0
2533680483,2517992713,0,0,0,0,27003,0,0,0,0,0,0,0,0,0,0,0,0,0,0,0,0,0,0,0,1,0
2533881379,2517992713,0,0,0,0,27003,0,0,0,0,0,0,0,0,0,0,0,0,0,0,0,0,0,0,0,1,0
2534081281,2517992713,0,0,0,0,27003,0,0,0,0,0,0,0,0,0,0,0,0,0,0,0,0,0,0,0,1,0
2534278090,2517992713,0,0,0,0,27003,0,0,0,0,0,0,0,0,0,0,0,0,0,0,0,0,0,0,0,1,0
2534482091,2517992713,0,0,0,0,27003,0,0,0,0,0,0,0,0,0,0,0,0,0,0,0,0,0,0,0,1,0
2534690885,2517992713,0,0,0,0,27003,0,0,0,0,0,0,0,0,0,0,0,0,0,0,0,0,0,0,0,1,0
2534907688,2517992713,0,0,0,0,27003,0,0,0,0,0,0,0,0,0,0,0,0,0,0,0,0,0,0,0,1,0
2535099688,2517992713,0,0,0,0,27003,0,0,0,0,0,0,0,0,0,0,0,0,0,0,0,0,0,0,0,1,0
2535300491,2517992713,0,0,0,0,27003,0,0,0,0,0,0,0,0,0,0,0,0,0,0,0,0,0,0,0,1,0
2535504501,2517992713,0,0,0,0,27003,0,0,0,0,0,0,0,0,0,0,0,0,0,0,0,0,0,0,0,1,0
2535713349,2517992713,0,0,0,0,27003,0,0,0,0,0,0,0,0,0,0,0,0,0,0,0,0,0,0,0,1,0
2535905383,2517992713,0,0,0,0,27003,0,0,0,0,0,0,0,0,0,0,0,0,0,0,0,0,0,0,0,1,0
2536126097,2517992713,0,0,0,0,27003,0,0,0,0,0,0,0,0,0,0,0,0,0,0,0,0,0,0,0,1,0
2536318108,2517992713,0,0,0,0,27003,0,0,0,0,0,0,0,0,0,0,0,0,0,0,0,0,0,0,0,1,0
2536514884,2517992713,0,0,0,0,27003,0,0,0,0,0,0,0,0,0,0,0,0,0,0,0,0,0,0,0,1,0
2536718888,2517992713,0,0,0,0,27003,0,0,0,0,0,0,0,0,0,0,0,0,0,0,0,0,0,0,0,1,0
2536923689,2517992713,0,0,0,0,27003,0,0,0,0,0,0,0,0,0,0,0,0,0,0,0,0,0,0,0,1,0
2537119696,2517992713,0,0,0,0,27003,0,0,0,0,0,0,0,0,0,0,0,0,0,0,0,0,0,0,0,1,0
2537334068,2517992713,0,0,0,0,27003,0,0,0,0,0,0,0,0,0,0,0,0,0,0,0,0,0,0,0,1,0
2537532491,2517992713,0,0,0,0,27003,0,0,0,0,0,0,0,0,0,0,0,0,0,0,0,0,0,0,0,1,0
2537745260,2517992713,0,0,0,0,27003,0,0,0,0,0,0,0,0,0,0,0,0,0,0,0,0,0,0,0,1,0
2537941264,2517992713,0,0,0,0,27003,0,0,0,0,0,0,0,0,0,0,0,0,0,0,0,0,0,0,0,1,0
2538146099,2517992713,0,0,0,0,27003,0,0,0,0,0,0,0,0,0,0,0,0,0,0,0,0,0,0,0,1,0
2538342307,2517992713,0,0,0,0,27003,0,0,0,0,0,0,0,0,0,0,0,0,0,0,0,0,0,0,0,1,0
2538542899,2517992713,0,0,0,0,27003,0,0,0,0,0,0,0,0,0,0,0,0,0,0,0,0,0,0,0,1,0
2538738881,2517992713,0,0,0,0,27003,0,0,0,0,0,0,0,0,0,0,0,0,0,0,0,0,0,0,0,1,0
2538943688,2517992713,0,0,0,0,27003,0,0,0,0,0,0,0,0,0,0,0,0,0,0,0,0,0,0,0,1,0
2539156500,2517992713,0,0,0,0,27003,0,0,0,0,0,0,0,0,0,0,0,0,0,0,0,0,0,0,0,1,0
2539352505,2517992713,0,0,0,0,27003,0,0,0,0,0,0,0,0,0,0,0,0,0,0,0,0,0,0,0,1,0
2539552484,2517992713,0,0,0,0,27003,0,0,0,0,0,0,0,0,0,0,0,0,0,0,0,0,0,0,0,1,0
2539769353,2517992713,0,0,0,0,27003,0,0,0,0,0,0,0,0,0,0,0,0,0,0,0,0,0,0,0,1,0
2539957264,2517992713,0,0,0,0,27003,0,0,0,0,0,0,0,0,0,0,0,0,0,0,0,0,0,0,0,1,0
2540166091,2517992713,0,0,0,0,27003,0,0,0,0,0,0,0,0,0,0,0,0,0,0,0,0,0,0,0,1,0
2540374901,2517992713,0,0,0,0,27003,0,0,0,0,0,0,0,0,0,0,0,0,0,0,0,0,0,0,0,1,0
2540570896,2517992713,0,0,0,0,27003,0,0,0,0,0,0,0,0,0,0,0,0,0,0,0,0,0,0,0,1,0
2540767664,2517992713,0,0,0,0,27003,0,0,0,0,0,0,0,0,0,0,0,0,0,0,0,0,0,0,0,1,0
2540987775,2517992713,0,0,0,0,27003,0,0,0,0,0,0,0,0,0,0,0,0,0,0,0,0,0,0,0,1,0
2541184487,2517992713,0,0,0,0,27003,0,0,0,0,0,0,0,0,0,0,0,0,0,0,0,0,0,0,0,1,0
2541384490,2517992713,0,0,0,0,27003,0,0,0,0,0,0,0,0,0,0,0,0,0,0,0,0,0,0,0,1,0
2541581407,2517992713,0,0,0,0,27003,0,0,0,0,0,0,0,0,0,0,0,0,0,0,0,0,0,0,0,1,0
2541801380,2517992713,0,0,0,0,27003,0,0,0,0,0,0,0,0,0,0,0,0,0,0,0,0,0,0,0,1,0
2541998103,2517992713,0,0,0,0,27003,0,0,0,0,0,0,0,0,0,0,0,0,0,0,0,0,0,0,0,1,0
2542198187,2517992713,0,0,0,0,27003,0,0,0,0,0,0,0,0,0,0,0,0,0,0,0,0,0,0,0,1,0
2542390885,2517992713,0,0,0,0,27003,0,0,0,0,0,0,0,0,0,0,0,0,0,0,0,0,0,0,0,1,0
2542602969,2517992713,0,0,0,0,27003,0,0,0,0,0,0,0,0,0,0,0,0,0,0,0,0,0,0,0,1,0
2542815669,2517992713,0,0,0,0,27003,0,0,0,0,0,0,0,0,0,0,0,0,0,0,0,0,0,0,0,1,0
2543011690,2517992713,0,0,0,0,27003,0,0,0,0,0,0,0,0,0,0,0,0,0,0,0,0,0,0,0,1,0
2543204481,2517992713,0,0,0,0,27003,0,0,0,0,0,0,0,0,0,0,0,0,0,0,0,0,0,0,0,1,0
2543420482,2517992713,0,0,0,0,27003,0,0,0,0,0,0,0,0,0,0,0,0,0,0,0,0,0,0,0,1,0
2543617285,2517992713,0,0,0,0,27003,0,0,0,0,0,0,0,0,0,0,0,0,0,0,0,0,0,0,0,1,0
2543833271,2517992713,0,0,0,0,27003,0,0,0,0,0,0,0,0,0,0,0,0,0,0,0,0,0,0,0,1,0
2544018170,2517992713,0,0,0,0,27003,0,0,0,0,0,0,0,0,0,0,0,0,0,0,0,0,0,0,0,1,0
2544218094,2517992713,0,0,0,0,27003,0,0,0,0,0,0,0,0,0,0,0,0,0,0,0,0,0,0,0,1,0
2544422888,2517992713,0,0,0,0,27003,0,0,0,0,0,0,0,0,0,0,0,0,0,0,0,0,0,0,0,1,0
2544622898,2517992713,0,0,0,0,27003,0,0,0,0,0,0,0,0,0,0,0,0,0,0,0,0,0,0,0,1,0
2544819665,2517992713,0,0,0,0,27003,0,0,0,0,0,0,0,0,0,0,0,0,0,0,0,0,0,0,0,1,0
2545043704,2517992713,0,0,0,0,27003,0,0,0,0,0,0,0,0,0,0,0,0,0,0,0,0,0,0,0,1,0
2545244484,2517992713,0,0,0,0,27003,0,0,0,0,0,0,0,0,0,0,0,0,0,0,0,0,0,0,0,1,0
2545444483,2517992713,0,0,0,0,27003,0,0,0,0,0,0,0,0,0,0,0,0,0,0,0,0,0,0,0,1,0
2545645291,2517992713,0,0,0,0,27003,0,0,0,0,0,0,0,0,0,0,0,0,0,0,0,0,0,0,0,1,0
2545850094,2517992713,0,0,0,0,27003,0,0,0,0,0,0,0,0,0,0,0,0,0,0,0,0,0,0,0,1,0
2546046097,2517992713,0,0,0,0,27003,0,0,0,0,0,0,0,0,0,0,0,0,0,0,0,0,0,0,0,1,0
2546254885,2517992713,0,0,0,0,27003,0,0,0,0,0,0,0,0,0,0,0,0,0,0,0,0,0,0,0,1,0
2546450884,2517992713,0,0,0,0,27003,0,0,0,0,0,0,0,0,0,0,0,0,0,0,0,0,0,0,0,1,0
2546671666,2517992713,0,0,0,0,27003,0,0,0,0,0,0,0,0,0,0,0,0,0,0,0,0,0,0,0,1,0
2546863667,2517992713,0,0,0,0,27003,0,0,0,0,0,0,0,0,0,0,0,0,0,0,0,0,0,0,0,1,0
2547072485,2517992713,0,0,0,0,27003,0,0,0,0,0,0,0,0,0,0,0,0,0,0,0,0,0,0,0,1,0
2547276497,2517992713,0,0,0,0,27003,0,0,0,0,0,0,0,0,0,0,0,0,0,0,0,0,0,0,0,1,0
2547473293,2517992713,0,0,0,0,27003,0,0,0,0,0,0,0,0,0,0,0,0,0,0,0,0,0,0,0,1,0
2547677281,2517992713,0,0,0,0,27003,0,0,0,0,0,0,0,0,0,0,0,0,0,0,0,0,0,0,0,1,0
2547874087,2517992713,0,0,0,0,27003,0,0,0,0,0,0,0,0,0,0,0,0,0,0,0,0,0,0,0,1,0
2548070094,2517992713,0,0,0,0,27003,0,0,0,0,0,0,0,0,0,0,0,0,0,0,0,0,0,0,0,1,0
2548290882,2517992713,0,0,0,0,27003,0,0,0,0,0,0,0,0,0,0,0,0,0,0,0,0,0,0,0,1,0
2548490882,2517992713,0,0,0,0,27003,0,0,0,0,0,0,0,0,0,0,0,0,0,0,0,0,0,0,0,1,0
2548675668,2517992713,0,0,0,0,27003,0,0,0,0,0,0,0,0,0,0,0,0,0,0,0,0,0,0,0,1,0
2548891666,2517992713,0,0,0,0,27003,0,0,0,0,0,0,0,0,0,0,0,0,0,0,0,0,0,0,0,1,0
2549084506,2517992713,0,0,0,0,27003,0,0,0,0,0,0,0,0,0,0,0,0,0,0,0,0,0,0,0,1,0
2549300497,2517992713,0,0,0,0,27003,0,0,0,0,0,0,0,0,0,0,0,0,0,0,0,0,0,0,0,1,0
2549501387,2517992713,0,0,0,0,27003,0,0,0,0,0,0,0,0,0,0,0,0,0,0,0,0,0,0,0,1,0
2549701285,2517992713,0,0,0,0,27003,0,0,0,0,0,0,0,0,0,0,0,0,0,0,0,0,0,0,0,1,0
2549902094,2517992713,0,0,0,0,27003,0,0,0,0,0,0,0,0,0,0,0,0,0,0,0,0,0,0,0,1,0
2550098099,2517992713,0,0,0,0,27003,0,0,0,0,0,0,0,0,0,0,0,0,0,0,0,0,0,0,0,1,0
2550294888,2517992713,0,0,0,0,27003,0,0,0,0,0,0,0,0,0,0,0,0,0,0,0,0,0,0,0,1,0
2550514883,2517992713,0,0,0,0,27003,0,0,0,0,0,0,0,0,0,0,0,0,0,0,0,0,0,0,0,1,0
2550707661,2517992713,0,0,0,0,27003,0,0,0,0,0,0,0,0,0,0,0,0,0,0,0,0,0,0,0,1,0
2550903664,2517992713,0,0,0,0,27003,0,0,0,0,0,0,0,0,0,0,0,0,0,0,0,0,0,0,0,1,0
2551104484,2517992713,0,0,0,0,27003,0,0,0,0,0,0,0,0,0,0,0,0,0,0,0,0,0,0,0,1,0
2551316481,2517992713,0,0,0,0,27003,0,0,0,0,0,0,0,0,0,0,0,0,0,0,0,0,0,0,0,1,0
2551509289,2517992713,0,0,0,0,27003,0,0,0,0,0,0,0,0,0,0,0,0,0,0,0,0,0,0,0,1,0
2551717290,2517992713,0,0,0,0,27003,0,0,0,0,0,0,0,0,0,0,0,0,0,0,0,0,0,0,0,1,0
2551914180,2517992713,0,0,0,0,27003,0,0,0,0,0,0,0,0,0,0,0,0,0,0,0,0,0,0,0,1,0
2552130889,2517992713,0,0,0,0,27003,0,0,0,0,0,0,0,0,0,0,0,0,0,0,0,0,0,0,0,1,0
2552334883,2517992713,0,0,0,0,27003,0,0,0,0,0,0,0,0,0,0,0,0,0,0,0,0,0,0,0,1,0
2552539691,2517992713,0,0,0,0,27003,0,0,0,0,0,0,0,0,0,0,0,0,0,0,0,0,0,0,0,1,0
2552735660,2517992713,0,0,0,0,27003,0,0,0,0,0,0,0,0,0,0,0,0,0,0,0,0,0,0,0,1,0
2552948490,2517992713,0,0,0,0,27003,0,0,0,0,0,0,0,0,0,0,0,0,0,0,0,0,0,0,0,1,0
2553148492,2517992713,0,0,0,0,27003,0,0,0,0,0,0,0,0,0,0,0,0,0,0,0,0,0,0,0,1,0
2553341281,2517992713,0,0,0,0,27003,0,0,0,0,0,0,0,0,0,0,0,0,0,0,0,0,0,0,0,1,0
2553537285,2517992713,0,0,0,0,27003,0,0,0,0,0,0,0,0,0,0,0,0,0,0,0,0,0,0,0,1,0
2553750064,2517992713,0,0,0,0,27003,0,0,0,0,0,0,0,0,0,0,0,0,0,0,0,0,0,0,0,1,0
2553954101,2517992713,0,0,0,0,27003,0,0,0,0,0,0,0,0,0,0,0,0,0,0,0,0,0,0,0,1,0
2554162896,2517992713,0,0,0,0,27003,0,0,0,0,0,0,0,0,0,0,0,0,0,0,0,0,0,0,0,1,0
2554346885,2517992713,0,0,0,0,27003,0,0,0,0,0,0,0,0,0,0,0,0,0,0,0,0,0,0,0,1,0
2554567779,2517992713,0,0,0,0,27003,0,0,0,0,0,0,0,0,0,0,0,0,0,0,0,0,0,0,0,1,0
2554759667,2517992713,0,0,0,0,27003,0,0,0,0,0,0,0,0,0,0,0,0,0,0,0,0,0,0,0,1,0
2554952484,2517992713,0,0,0,0,27003,0,0,0,0,0,0,0,0,0,0,0,0,0,0,0,0,0,0,0,1,0
2555168486,2517992713,0,0,0,0,27003,0,0,0,0,0,0,0,0,0,0,0,0,0,0,0,0,0,0,0,1,0
2555365290,2517992713,0,0,0,0,27003,0,0,0,0,0,0,0,0,0,0,0,0,0,0,0,0,0,0,0,1,0
2555573376,2517992713,0,0,0,0,27003,0,0,0,0,0,0,0,0,0,0,0,0,0,0,0,0,0,0,0,1,0
2555770067,2517992713,0,0,0,0,27003,0,0,0,0,0,0,0,0,0,0,0,0,0,0,0,0,0,0,0,1,0
2555978101,2517992713,0,0,0,0,27003,0,0,0,0,0,0,0,0,0,0,0,0,0,0,0,0,0,0,0,1,0
2556174888,2517992713,0,0,0,0,27003,0,0,0,0,0,0,0,0,0,0,0,0,0,0,0,0,0,0,0,1,0
2556390890,2517992713,0,0,0,0,27003,0,0,0,0,0,0,0,0,0,0,0,0,0,0,0,0,0,0,0,1,0
2556583686,2517992713,0,0,0,0,27003,0,0,0,0,0,0,0,0,0,0,0,0,0,0,0,0,0,0,0,1,0
2556796500,2517992713,0,0,0,0,27003,0,0,0,0,0,0,0,0,0,0,0,0,0,0,0,0,0,0,0,1,0
2556988497,2517992713,0,0,0,0,27003,0,0,0,0,0,0,0,0,0,0,0,0,0,0,0,0,0,0,0,1,0
2557188499,2517992713,0,0,0,0,27003,0,0,0,0,0,0,0,0,0,0,0,0,0,0,0,0,0,0,0,1,0
2557409286,2517992713,0,0,0,0,27003,0,0,0,0,0,0,0,0,0,0,0,0,0,0,0,0,0,0,0,1,0
2557597381,2517992713,0,0,0,0,27003,0,0,0,0,0,0,0,0,0,0,0,0,0,0,0,0,0,0,0,1,0
2557798064,2517992713,0,0,0,0,27003,0,0,0,0,0,0,0,0,0,0,0,0,0,0,0,0,0,0,0,1,0
2558014885,2517992713,0,0,0,0,27003,0,0,0,0,0,0,0,0,0,0,0,0,0,0,0,0,0,0,0,1,0
2558210883,2517992713,0,0,0,0,27003,0,0,0,0,0,0,0,0,0,0,0,0,0,0,0,0,0,0,0,1,0
2558407700,2517992713,0,0,0,0,27003,0,0,0,0,0,0,0,0,0,0,0,0,0,0,0,0,0,0,0,1,0
2558607694,2517992713,0,0,0,0,27003,0,0,0,0,0,0,0,0,0,0,0,0,0,0,0,0,0,0,0,1,0
2558804491,2517992713,0,0,0,0,27003,0,0,0,0,0,0,0,0,0,0,0,0,0,0,0,0,0,0,0,1,0
2559028491,2517992713,0,0,0,0,27003,0,0,0,0,0,0,0,0,0,0,0,0,0,0,0,0,0,0,0,1,0
2559225293,2517992713,0,0,0,0,27003,0,0,0,0,0,0,0,0,0,0,0,0,0,0,0,0,0,0,0,1,0
2559425283,2517992713,0,0,0,0,27003,0,0,0,0,0,0,0,0,0,0,0,0,0,0,0,0,0,0,0,1,0
2559618068,2517992713,0,0,0,0,27003,0,0,0,0,0,0,0,0,0,0,0,0,0,0,0,0,0,0,0,1,0
2559838093,2517992713,0,0,0,0,27003,0,0,0,0,0,0,0,0,0,0,0,0,0,0,0,0,0,0,0,1,0
2560026882,2517992713,0,0,0,0,27003,0,0,0,0,0,0,0,0,0,0,0,0,0,0,0,0,0,0,0,1,0
2560242893,2517992713,0,0,0,0,27003,0,0,0,0,0,0,0,0,0,0,0,0,0,0,0,0,0,0,0,1,0
2560439691,2517992713,0,0,0,0,27003,0,0,0,0,0,0,0,0,0,0,0,0,0,0,0,0,0,0,0,1,0
2560639686,2517992713,0,0,0,0,27003,0,0,0,0,0,0,0,0,0,0,0,0,0,0,0,0,0,0,0,1,0
2560832484,2517992713,0,0,0,0,27003,0,0,0,0,0,0,0,0,0,0,0,0,0,0,0,0,0,0,0,1,0
2561028491,2517992713,0,0,0,0,27003,0,0,0,0,0,0,0,0,0,0,0,0,0,0,0,0,0,0,0,1,0
2561249403,2517992713,0,0,0,0,27003,0,0,0,0,0,0,0,0,0,0,0,0,0,0,0,0,0,0,0,1,0
2561449289,2517992713,0,0,0,0,27003,0,0,0,0,0,0,0,0,0,0,0,0,0,0,0,0,0,0,0,1,0
2561642065,2517992713,0,0,0,0,27003,0,0,0,0,0,0,0,0,0,0,0,0,0,0,0,0,0,0,0,1,0
2561854088,2517992713,0,0,0,0,27003,0,0,0,0,0,0,0,0,0,0,0,0,0,0,0,0,0,0,0,1,0
2562058882,2517992713,0,0,0,0,27003,0,0,0,0,0,0,0,0,0,0,0,0,0,0,0,0,0,0,0,1,0
2562250882,2517992713,0,0,0,0,27003,0,0,0,0,0,0,0,0,0,0,0,0,0,0,0,0,0,0,0,1,0
2562447700,2517992713,0,0,0,0,27003,0,0,0,0,0,0,0,0,0,0,0,0,0,0,0,0,0,0,0,1,0
2562647704,2517992713,0,0,0,0,27003,0,0,0,0,0,0,0,0,0,0,0,0,0,0,0,0,0,0,0,1,0
2562868492,2517992713,0,0,0,0,27003,0,0,0,0,0,0,0,0,0,0,0,0,0,0,0,0,0,0,0,1,0
2563065295,2517992713,0,0,0,0,27003,0,0,0,0,0,0,0,0,0,0,0,0,0,0,0,0,0,0,0,1,0
2563273381,2517992713,0,0,0,0,27003,0,0,0,0,0,0,0,0,0,0,0,0,0,0,0,0,0,0,0,1,0
2563470118,2517992713,0,0,0,0,27003,0,0,0,0,0,0,0,0,0,0,0,0,0,0,0,0,0,0,0,1,0
2563662272,2517992713,0,0,0,0,27003,0,0,0,0,0,0,0,0,0,0,0,0,0,0,0,0,0,0,0,1,0
2563874881,2517992713,0,0,0,0,27003,0,0,0,0,0,0,0,0,0,0,0,0,0,0,0,0,0,0,0,1,0
2564070909,2517992713,0,0,0,0,27003,0,0,0,0,0,0,0,0,0,0,0,0,0,0,0,0,0,0,0,1,0
2564271688,2517992713,0,0,0,0,27003,0,0,0,0,0,0,0,0,0,0,0,0,0,0,0,0,0,0,0,1,0
2564475686,2517992713,0,0,0,0,27003,0,0,0,0,0,0,0,0,0,0,0,0,0,0,0,0,0,0,0,1,0
2564692464,2517992713,0,0,0,0,27003,0,0,0,0,0,0,0,0,0,0,0,0,0,0,0,0,0,0,0,1,0
2564872487,2517992713,0,0,0,0,27003,0,0,0,0,0,0,0,0,0,0,0,0,0,0,0,0,0,0,0,1,0
2565077391,2517992713,0,0,0,0,27003,0,0,0,0,0,0,0,0,0,0,0,0,0,0,0,0,0,0,0,1,0
2565297405,2517992713,0,0,0,0,27003,0,0,0,0,0,0,0,0,0,0,0,0,0,0,0,0,0,0,0,1,0
2565494106,2517992713,0,0,0,0,27003,0,0,0,0,0,0,0,0,0,0,0,0,0,0,0,0,0,0,0,1,0
2565690176,2517992713,0,0,0,0,27003,0,0,0,0,0,0,0,0,0,0,0,0,0,0,0,0,0,0,0,1,0
2565910884,2517992713,0,0,0,0,27003,0,0,0,0,0,0,0,0,0,0,0,0,0,0,0,0,0,0,0,1,0
2566098896,2517992713,0,0,0,0,27003,0,0,0,0,0,0,0,0,0,0,0,0,0,0,0,0,0,0,0,1,0
2566311687,2517992713,0,0,0,0,27003,0,0,0,0,0,0,0,0,0,0,0,0,0,0,0,0,0,0,0,1,0
2566511687,2517992713,0,0,0,0,27003,0,0,0,0,0,0,0,0,0,0,0,0,0,0,0,0,0,0,0,1,0
2566704473,2517992713,0,0,0,0,27003,0,0,0,0,0,0,0,0,0,0,0,0,0,0,0,0,0,0,0,1,0
2566924483,2517992713,0,0,0,0,27003,0,0,0,0,0,0,0,0,0,0,0,0,0,0,0,0,0,0,0,1,0
2567117288,2517992713,0,0,0,0,27003,0,0,0,0,0,0,0,0,0,0,0,0,0,0,0,0,0,0,0,1,0
2567309288,2517992713,0,0,0,0,27003,0,0,0,0,0,0,0,0,0,0,0,0,0,0,0,0,0,0,0,1,0
2567530095,2517992713,0,0,0,0,27003,0,0,0,0,0,0,0,0,0,0,0,0,0,0,0,0,0,0,0,1,0
