rosbagTimestamp,header,seq,stamp,secs,nsecs,frame_id,vector,x,y,z
1545310951037536460,,1044,,1545310951,36567247,"""imu_link""",,-0.404202902846,-0.371414147444,-0.721736113051
1545310951087206013,,1045,,1545310951,86781870,"""imu_link""",,-0.403244167308,-0.365278240001,-0.775425303182
1545310951137757976,,1046,,1545310951,137174109,"""imu_link""",,-0.402477178877,-0.358758838342,-0.829114493314
1545310951187731812,,1047,,1545310951,187218183,"""imu_link""",,-0.400943202016,-0.351280701145,-0.88318717766
1545310951237475857,,1048,,1545310951,236391174,"""imu_link""",,-0.402093684662,-0.345720035024,-0.934767149608
1545310951288404417,,1049,,1545310951,287653182,"""imu_link""",,-0.402093684662,-0.340351116011,-0.988264592631
1545310951337271206,,1050,,1545310951,336612274,"""imu_link""",,-0.402668925985,-0.333831714352,-1.04252902409
1545310951388636434,,1051,,1545310951,387940604,"""imu_link""",,-0.402477178877,-0.325394841617,-1.09640996132
1545310951438892298,,1052,,1545310951,438310772,"""imu_link""",,-0.403819408631,-0.318683692851,-1.15048264567
1545310951489480310,,1053,,1545310951,488791034,"""imu_link""",,-0.406695615245,-0.312739532515,-1.20302135316
1545310951540522200,,1054,,1545310951,539750062,"""imu_link""",,-0.407654350783,-0.306411877964,-1.25881976147
1545310951591448637,,1055,,1545310951,590888089,"""imu_link""",,-0.409763568967,-0.299892476305,-1.31270069871
1545310951640833410,,1056,,1545310951,640077737,"""imu_link""",,-0.412256281365,-0.294140063077,-1.36696513016
1545310951692155123,,1057,,1545310951,691474483,"""imu_link""",,-0.414940740872,-0.290305120924,-1.42161305583
1545310951741976682,,1058,,1545310951,741272986,"""imu_link""",,-0.418967430132,-0.292606086216,-1.47434351043
1545310951793174872,,1059,,1545310951,792630548,"""imu_link""",,-0.421843636746,-0.291647350678,-1.5291831832
1545310951843632071,,1060,,1545310951,842860597,"""imu_link""",,-0.42471984336,-0.287812408525,-1.58306412044
1545310951893600326,,1061,,1545310951,893038602,"""imu_link""",,-0.42797954419,-0.285127949019,-1.63809554033
1545310951945996696,,1062,,1545310951,945107294,"""imu_link""",,-0.431047497911,-0.288195902741,-1.69427744286
1545310951993524395,,1063,,1545310951,993057536,"""imu_link""",,-0.434307198741,-0.287237167203,-1.74585741481
1545310952046536963,,1064,,1545310952,45363289,"""imu_link""",,-0.439484370646,-0.281676501082,-1.79590340989
1545310952096719694,,1065,,1545310952,96070752,"""imu_link""",,-0.442935818583,-0.276115834961,-1.85093482978
1545310952147174307,,1066,,1545310952,146012008,"""imu_link""",,-0.445812025198,-0.270363421733,-1.90519926123
1545310952195590014,,1067,,1545310952,194998811,"""imu_link""",,-0.449263473135,-0.270746915948,-1.95812146293
1545310952246820330,,1068,,1545310952,245780849,"""imu_link""",,-0.452906668179,-0.266720226688,-2.0127693886
1545310952297723023,,1069,,1545310952,296861066,"""imu_link""",,-0.458659081408,-0.265186249827,-2.06645857873
1545310952347419790,,1070,,1545310952,346010248,"""imu_link""",,-0.461151793807,-0.263652272966,-2.11957252754
1545310952399722247,,1071,,1545310952,399198086,"""imu_link""",,-0.465753724389,-0.263844020074,-2.17460394743
1545310952448938140,,1072,,1545310952,448345020,"""imu_link""",,-0.470355654972,-0.266911973796,-2.22982711442
1545310952498717818,,1073,,1545310952,498091509,"""imu_link""",,-0.474382344232,-0.267870709334,-2.28428329298
1545310952550052849,,1074,,1545310952,549292675,"""imu_link""",,-0.478600780599,-0.2745818581,-2.33663025336
1545310952600754140,,1075,,1545310952,600086227,"""imu_link""",,-0.482435722751,-0.274006616777,-2.39242866167
1545310952652025872,,1076,,1545310952,651350099,"""imu_link""",,-0.485311929366,-0.277074570499,-2.44765182867
1545310952699914182,,1077,,1545310952,699458669,"""imu_link""",,-0.48818813598,-0.282443489512,-2.50287499566
1545310952750577700,,1078,,1545310952,750038803,"""imu_link""",,-0.491639583917,-0.288195902741,-2.55771466843
1545310952799753253,,1079,,1545310952,799200747,"""imu_link""",,-0.495474526069,-0.290113373817,-2.6096781346
1545310952852414900,,1080,,1545310952,851757823,"""imu_link""",,-0.499501215329,-0.298358499444,-2.66566829002
1545310952903218092,,1081,,1545310952,902682417,"""imu_link""",,-0.500076456652,-0.300851211843,-2.71859049172
1545310952953697126,,1082,,1545310952,952938771,"""imu_link""",,-0.502952663266,-0.304686153995,-2.77304667028
1545310953001919523,,1083,,1545310953,1259095,"""imu_link""",,-0.506212364095,-0.308712843255,-2.82807809017
1545310953055715442,,1084,,1545310953,54427858,"""imu_link""",,-0.508705076494,-0.318108451528,-2.88234252162
1545310953105384825,,1085,,1545310953,104588830,"""imu_link""",,-0.508896823602,-0.319258934174,-2.93027929852
1545310953157647324,,1086,,1545310953,156080100,"""imu_link""",,-0.511389536001,-0.326353577155,-2.98454372998
1545310953204618645,,1087,,1545310953,203990352,"""imu_link""",,-0.512731765754,-0.331147254846,-3.03842466722
1545310953255682771,,1088,,1545310953,254943348,"""imu_link""",,-0.51464923683,-0.338241897827,-3.09230560446
1545310953305811925,,1089,,1545310953,304781559,"""imu_link""",,-0.514073995507,-0.335940932536,3.13966714004
1545310953358432076,,1090,,1545310953,357061814,"""imu_link""",,-0.516183213691,-0.344569552378,3.08808716809
1545310953408565344,,1091,,1545310953,407864338,"""imu_link""",,-0.516950202122,-0.347062264777,3.0355484606
1545310953457279511,,1092,,1545310953,456559931,"""imu_link""",,-0.516950202122,-0.349746724284,2.98396848866
1545310953506875171,,1093,,1545310953,505421755,"""imu_link""",,-0.517141949229,-0.351280701145,2.93315550514
1545310953557196202,,1094,,1545310953,556512183,"""imu_link""",,-0.516758455014,-0.335749185428,2.88560222245
1545310953609537019,,1095,,1545310953,609118621,"""imu_link""",,-0.518867673198,-0.317341463098,2.83939116952
1545310953658690804,,1096,,1545310953,658184983,"""imu_link""",,-0.514265742615,-0.302576935812,2.78148354302
1545310953709174343,,1097,,1545310953,708721391,"""imu_link""",,-0.511964777324,-0.281676501082,2.71724826197
1545310953760252435,,1098,,1545310953,758441872,"""imu_link""",,-0.509472064925,-0.268637697764,2.6476440619
1545310953810693121,,1099,,1545310953,810223242,"""imu_link""",,-0.503911398804,-0.259625583706,2.54831906016
1545310953862998323,,1100,,1545310953,862243029,"""imu_link""",,-0.49777549136,-0.282443489512,2.45244550636
1545310953912942063,,1101,,1545310953,912244348,"""imu_link""",,-0.490872595486,-0.300467717628,2.35676369966
1545310953963091234,,1102,,1545310953,962511704,"""imu_link""",,-0.484736688043,-0.321751646573,2.2722032252
1545310954011587789,,1103,,1545310954,10974760,"""imu_link""",,-0.474190597124,-0.343419069733,2.18495829124
1545310954060091391,,1104,,1545310954,59479626,"""imu_link""",,-0.458275587192,-0.370455411906,2.08985172586
1545310954112617337,,1105,,1545310954,111948350,"""imu_link""",,-0.445428530982,-0.391547593743,2.00337378033
1545310954164279412,,1106,,1545310954,163497219,"""imu_link""",,-0.430664003696,-0.404202902846,1.91382788107
1545310954215053456,,1107,,1545310954,214296717,"""imu_link""",,-0.415515982195,-0.413790258226,1.82677469422
1545310954263960890,,1108,,1545310954,263280676,"""imu_link""",,-0.397108259864,-0.428363038405,1.73857102472
1545310954312621626,,1109,,1545310954,311879351,"""imu_link""",,-0.373906859843,-0.441401841722,1.63387710396
1545310954365254782,,1110,,1545310954,364450169,"""imu_link""",,-0.349938471392,-0.46249402356,1.53244288403
1545310954415627573,,1111,,1545310954,414983363,"""imu_link""",,-0.324052611864,-0.478025539276,1.43484360626
1545310954467247205,,1112,,1545310954,466473595,"""imu_link""",,-0.303919165565,-0.469013425219,1.3552685566
1545310954516609202,,1113,,1545310954,515401602,"""imu_link""",,-0.30027597052,-0.453865403717,1.30311334333
1545310954568589089,,1114,,1545310954,567721747,"""imu_link""",,-0.313506520945,-0.414748993764,1.28643134497
1545310954617254664,,1115,,1545310954,616578901,"""imu_link""",,-0.332105990384,-0.405928626814,1.28182941439
1545310954668831990,,1116,,1545310954,668046848,"""imu_link""",,-0.352431183791,-0.384261203654,1.28873231026
1545310954720517159,,1117,,1545310954,720038733,"""imu_link""",,-0.367003963969,-0.368729687938,1.28758182761
1545310954767854461,,1118,,1545310954,767004364,"""imu_link""",,-0.380042767287,-0.359334079665,1.27703573669
1545310954818620212,,1119,,1545310954,817063473,"""imu_link""",,-0.390780605313,-0.3476375061,1.26533916313
1545310954869044012,,1120,,1545310954,868443457,"""imu_link""",,-0.396533018541,-0.349746724284,1.23581010856
1545310954921280182,,1121,,1545310954,920682570,"""imu_link""",,-0.40228543177,-0.344761299486,1.19611845728
1545310954969950574,,1122,,1545310954,969281876,"""imu_link""",,-0.405928626814,-0.346103529239,1.16064524237
1545310955022038788,,1123,,1545310955,21503672,"""imu_link""",,-0.412256281365,-0.332105990384,1.12919871673
1545310955070937656,,1124,,1545310955,70275149,"""imu_link""",,-0.418392188809,-0.326161830048,1.08931531834
1545310955121940635,,1125,,1545310955,121246462,"""imu_link""",,-0.424336349145,-0.310438567224,1.05614306873
1545310955173158723,,1126,,1545310955,172532510,"""imu_link""",,-0.435265934279,-0.301042958951,1.02968196788
1545310955221864610,,1127,,1545310955,221371203,"""imu_link""",,-0.444278048337,-0.285319696126,0.999194177765
1545310955275412639,,1128,,1545310955,274669606,"""imu_link""",,-0.455015886363,-0.270746915948,0.960844756243
1545310955324588914,,1129,,1545310955,323668211,"""imu_link""",,-0.464794988851,-0.272856134132,0.913483220663
1545310955373982733,,1130,,1545310955,373194158,"""imu_link""",,-0.469588666541,-0.264227514289,0.863820719791
1545310955425817157,,1131,,1545310955,424814472,"""imu_link""",,-0.47534107977,-0.271513904378,0.814349966028
1545310955476443393,,1132,,1545310955,475485375,"""imu_link""",,-0.478984274814,-0.2745818581,0.772165602353
1545310955524599297,,1133,,1545310955,523746638,"""imu_link""",,-0.479176021922,-0.284552707696,0.719243400652
1545310955574722324,,1134,,1545310955,573989003,"""imu_link""",,-0.481860481429,-0.283210477943,0.663636739445
1545310955626163458,,1135,,1545310955,625342763,"""imu_link""",,-0.484353193828,-0.277074570499,0.612440261712
1545310955674901292,,1136,,1545310955,674474455,"""imu_link""",,-0.491064342594,-0.278225053145,0.561627278195
1545310955727982129,,1137,,1545310955,727371287,"""imu_link""",,-0.493940549208,-0.265377996935,0.521743879812
1545310955776361401,,1138,,1545310955,775528536,"""imu_link""",,-0.495666273177,-0.26499450272,0.470930896295
1545310955829013152,,1139,,1545310955,828344155,"""imu_link""",,-0.497200250038,-0.270938663056,0.415707729302
1545310955877598992,,1140,,1545310955,876847936,"""imu_link""",,-0.499309468221,-0.278225053145,0.355499137512
1545310955929110966,,1141,,1545310955,927841598,"""imu_link""",,-0.502952663266,-0.284936201911,0.297783258121
1545310955981185596,,1142,,1545310955,980081537,"""imu_link""",,-0.503527904589,-0.281101259759,0.241217861376
1545310956032164901,,1143,,1545310956,31583882,"""imu_link""",,-0.505253628557,-0.294907051507,0.192514096042
1545310956079861760,,1144,,1545310956,79371995,"""imu_link""",,-0.503144410374,-0.305261395318,0.133839481113
1545310956131400022,,1145,,1545310956,130607542,"""imu_link""",,-0.500843445082,-0.318300198636,0.0862861984253
1545310956181221475,,1146,,1545310956,180231000,"""imu_link""",,-0.500459950867,-0.324436106079,0.0310630314331
1545310956233556673,,1147,,1545310956,232745514,"""imu_link""",,-0.499501215329,-0.324244358972,-0.0247353768819
1545310956285058805,,1148,,1545310956,284134495,"""imu_link""",,-0.499884709544,-0.329613277985,-0.0751648661838
1545310956332009639,,1149,,1545310956,331268001,"""imu_link""",,-0.498734226898,-0.327120565586,-0.124252125732
1545310956381352588,,1150,,1545310956,380767130,"""imu_link""",,-0.492790066562,-0.314081762268,-0.181392763801
1545310956432825473,,1151,,1545310956,432172831,"""imu_link""",,-0.491447836809,-0.327887554016,-0.242751838237
1545310956485867917,,1152,,1545310956,484534250,"""imu_link""",,-0.494707537639,-0.321368152357,-0.297591511014
1545310956534716757,,1153,,1545310956,533945185,"""imu_link""",,-0.491064342594,-0.325778335833,-0.360676309418
1545310956584777667,,1154,,1545310956,584235899,"""imu_link""",,-0.488763377303,-0.334215208567,-0.426445567329
1545310956634809978,,1155,,1545310956,634073049,"""imu_link""",,-0.489146871518,-0.336516173859,-0.476299815308
1545310956686085750,,1156,,1545310956,685569791,"""imu_link""",,-0.487229400442,-0.336132679644,-0.522510868242
1545310956738303556,,1157,,1545310956,737432435,"""imu_link""",,-0.482435722751,-0.345528287917,-0.576200058374
1545310956787971793,,1158,,1545310956,787434396,"""imu_link""",,-0.487804641765,-0.351280701145,-0.631806719581
1545310956838516475,,1159,,1545310956,837825017,"""imu_link""",,-0.489722112841,-0.331339001953,-0.708313815518
1545310956885256099,,1160,,1545310956,884484736,"""imu_link""",,-0.470547402079,-0.315040497806,-0.713874481639
1545310956935890341,,1161,,1545310956,935005818,"""imu_link""",,-0.467862942573,-0.295674039937,-0.762386499865
1545310956987740019,,1162,,1545310956,987165493,"""imu_link""",,-0.481285240106,-0.326737071371,-0.823170332978
1545310957039637471,,1163,,1545310957,38886938,"""imu_link""",,-0.494132296316,-0.306028383749,-0.83103196439
1545310957088017649,,1164,,1545310957,87398387,"""imu_link""",,-0.508513329387,-0.297975005229,-0.829306240421
1545310957139334758,,1165,,1545310957,138682199,"""imu_link""",,-0.518292431875,-0.276691076284,-0.843495526385
1545310957191950833,,1166,,1545310957,191173092,"""imu_link""",,-0.528263281471,-0.254064917586,-0.863053731361
1545310957241136803,,1167,,1545310957,240387738,"""imu_link""",,-0.540918590573,-0.241984849806,-0.883570671875
1545310957291968696,,1168,,1545310957,291299730,"""imu_link""",,-0.551464681492,-0.22645333409,-0.898718693377
1545310957339941870,,1169,,1545310957,339522995,"""imu_link""",,-0.558751071581,-0.221084415076,-0.924796300012
1545310957393788277,,1170,,1545310957,393020770,"""imu_link""",,-0.561627278195,-0.212264048126,-0.960077767813
1545310957442246921,,1171,,1545310957,441520811,"""imu_link""",,-0.564695231917,-0.211688806803,-1.00149514306
1545310957493300004,,1172,,1545310957,492420596,"""imu_link""",,-0.569872403822,-0.209771335727,-1.04751444888
1545310957545866242,,1173,,1545310957,544607676,"""imu_link""",,-0.573899093082,-0.209196094405,-1.09257501917
1545310957597434535,,1174,,1545310957,595640722,"""imu_link""",,-0.581377230279,-0.211688806803,-1.14568896798
1545310957643466262,,1175,,1545310957,642739165,"""imu_link""",,-0.585787413754,-0.207853864651,-1.19611845728
1545310957693686199,,1176,,1545310957,693064179,"""imu_link""",,-0.589430608799,-0.219742185323,-1.25805277304
1545310957744825432,,1177,,1545310957,744337454,"""imu_link""",,-0.590581091445,-0.235657195255,-1.32343853674
1545310957797155360,,1178,,1545310957,796701749,"""imu_link""",,-0.592690309628,-0.240259125838,-1.38057917481
1545310957845943172,,1179,,1545310957,845209056,"""imu_link""",,-0.597675734426,-0.242176596914,-1.4384868013
1545310957894002059,,1180,,1545310957,893433466,"""imu_link""",,-0.60055194104,-0.247737263035,-1.50406431211
1545310957947004235,,1181,,1545310957,945966726,"""imu_link""",,-0.602661159224,-0.25770811263,-1.56331416836
1545310957998003432,,1182,,1545310957,997140156,"""imu_link""",,-0.6045786303,-0.262885284536,-1.61661986428
1545310958049731449,,1183,,1545310958,48950415,"""imu_link""",,-0.607263089807,-0.266911973796,-1.66935031887
1545310958097979830,,1184,,1545310958,97067286,"""imu_link""",,-0.606687848484,-0.268637697764,-1.72342300322
1545310958150600779,,1185,,1545310958,149866114,"""imu_link""",,-0.605920860053,-0.271322157271,-1.78363159501
1545310958199610720,,1186,,1545310958,199069084,"""imu_link""",,-0.605920860053,-0.27860854736,-1.83943000332
1545310958249448792,,1187,,1545310958,248788135,"""imu_link""",,-0.606496101376,-0.283210477943,-1.89043473395
1545310958301403061,,1188,,1545310958,300490310,"""imu_link""",,-0.609947549313,-0.278033306037,-1.93492006291
1545310958350009276,,1189,,1545310958,349418823,"""imu_link""",,-0.611481526174,-0.287812408525,-1.99742961999
1545310958400148771,,1190,,1545310958,399689694,"""imu_link""",,-0.610714537744,-0.298358499444,-2.0656915903
1545310958450937201,,1191,,1545310958,450356478,"""imu_link""",,-0.607646584022,-0.300467717628,-2.13146084821
1545310958504344710,,1192,,1545310958,503499404,"""imu_link""",,-0.608988813775,-0.304110912672,-2.19051895736
1545310958550972796,,1193,,1545310958,550283859,"""imu_link""",,-0.610714537744,-0.309671578793,-2.24804308964
1545310958603846483,,1194,,1545310958,602975982,"""imu_link""",,-0.612823755927,-0.310438567224,-2.30345800374
1545310958652024508,,1195,,1545310958,651300510,"""imu_link""",,-0.610139296421,-0.317533210205,-2.36002340049
1545310958707220884,,1196,,1545310958,706536003,"""imu_link""",,-0.60860531956,-0.31638272756,-2.41735578566
1545310958755010590,,1197,,1545310958,754306597,"""imu_link""",,-0.606879595592,-0.320409416819,-2.46951099893
1545310958804580299,,1198,,1545310958,803660590,"""imu_link""",,-0.606304354269,-0.324627853187,-2.52684338411
1545310958853375723,,1199,,1545310958,852524819,"""imu_link""",,-0.600743688148,-0.325011347402,-2.57286268994
1545310958906239379,,1200,,1545310958,905359390,"""imu_link""",,-0.598634469964,-0.319450681281,-2.62348392635
1545310958955741901,,1201,,1545310958,954970735,"""imu_link""",,-0.59652525178,-0.328654542447,-2.68062456441
1545310959005357370,,1202,,1545310959,4551319,"""imu_link""",,-0.595950010458,-0.329805025092,-2.7408331562
1545310959057027920,,1203,,1545310959,56133604,"""imu_link""",,-0.593649045166,-0.332681231707,-2.7987407827
1545310959109640301,,1204,,1545310959,108925684,"""imu_link""",,-0.592882056736,-0.33402346146,-2.85607316788
1545310959159471521,,1205,,1545310959,157882759,"""imu_link""",,-0.591348079875,-0.339967621796,-2.90573566875
1545310959206987751,,1206,,1545310959,206316564,"""imu_link""",,-0.587321390615,-0.343227322625,-2.96210931839
1545310959257369803,,1207,,1545310959,256356424,"""imu_link""",,-0.584828678216,-0.349363230069,-3.01924995646
1545310959308410295,,1208,,1545310959,307679988,"""imu_link""",,-0.583102954248,-0.353389919329,-3.08348523751
1545310959359390756,,1209,,1545310959,358719249,"""imu_link""",,-0.58214421871,-0.357608355696,3.13544870367
1545310959409956813,,1210,,1545310959,409247347,"""imu_link""",,-0.57409084019,-0.355882631728,3.07351438791
1545310959460127176,,1211,,1545310959,459431796,"""imu_link""",,-0.568721921177,-0.36853794083,3.01733248538
1545310959509884826,,1212,,1545310959,509357619,"""imu_link""",,-0.56124378398,-0.369113182153,2.96651950186
1545310959560065025,,1213,,1545310959,559379933,"""imu_link""",,-0.557600588935,-0.35971757388,2.92107543736
1545310959610702859,,1214,,1545310959,609965619,"""imu_link""",,-0.557025347612,-0.354540401974,2.87869932658
1545310959663703320,,1215,,1545310959,663264533,"""imu_link""",,-0.556258359182,-0.354348654867,2.82673586041
1545310959714363354,,1216,,1545310959,713839195,"""imu_link""",,-0.555491370752,-0.354540401974,2.78378450831
1545310959762889869,,1217,,1545310959,762115962,"""imu_link""",,-0.553957393891,-0.350321965607,2.74466809836
1545310959814366751,,1218,,1545310959,813725337,"""imu_link""",,-0.552039922815,-0.34361081684,2.70363421733
1545310959865625940,,1219,,1545310959,864853642,"""imu_link""",,-0.555683117859,-0.33479044989,2.66317557762
1545310959915606279,,1220,,1545310959,914739950,"""imu_link""",,-0.558175830258,-0.3299967722,2.62271693791
1545310959964401817,,1221,,1545310959,963528461,"""imu_link""",,-0.56124378398,-0.316574474667,2.57382142547
1545310960017881692,,1222,,1545310960,17181661,"""imu_link""",,-0.556641853397,-0.31312302673,2.52856910808
1545310960067148226,,1223,,1545310960,65336616,"""imu_link""",,-0.560285048442,-0.310055073008,2.49769782375
1545310960116819910,,1224,,1545310960,116113281,"""imu_link""",,-0.57888451788,-0.271513904378,2.52530940725
1545310960166301118,,1225,,1545310960,165039703,"""imu_link""",,-0.592498562521,-0.225494598552,2.55330448496
1545310960218900453,,1226,,1545310960,218212951,"""imu_link""",,-0.605729112946,-0.173147638174,2.59625583706
1545310960267416953,,1227,,1545310960,266099324,"""imu_link""",,-0.614165985681,-0.140358882772,2.61619753626
1545310960316691006,,1228,,1545310960,315100785,"""imu_link""",,-0.629122260074,-0.0901211405776,2.64438436108
1545310960368600301,,1229,,1545310960,367844978,"""imu_link""",,-0.636983891487,-0.052346960378,2.67563913962
1545310960418312191,,1230,,1545310960,417665688,"""imu_link""",,-0.64311979893,0.0322135140788,2.75176274134
1545310960470166029,,1231,,1545310960,469388632,"""imu_link""",,-0.646187752652,0.0876284281786,2.82002471165
1545310960518180198,,1232,,1545310960,517591235,"""imu_link""",,-0.646187752652,0.145727801785,2.87026245384
1545310960568791024,,1233,,1545310960,568233636,"""imu_link""",,-0.647529982405,0.173914626604,2.89423084229
1545310960620459837,,1234,,1545310960,619872748,"""imu_link""",,-0.646762993975,0.220125679538,2.92644435637
1545310960671130597,,1235,,1545310960,670402517,"""imu_link""",,-0.640435339424,0.280526018436,2.9799417994
1545310960724040684,,1236,,1545310960,723270721,"""imu_link""",,-0.62950575429,0.331914243276,3.02768682919
1545310960769511901,,1237,,1545310960,768910301,"""imu_link""",,-0.613015503035,0.379467525964,3.08271824908
1545310960824217360,,1238,,1545310960,823736613,"""imu_link""",,-0.595183022027,0.413790258226,3.1412011169
1545310960872718735,,1239,,1545310960,871984144,"""imu_link""",,-0.589047114584,0.453098415287,-3.11032983257
1545310960925453872,,1240,,1545310960,924750662,"""imu_link""",,-0.590389344337,0.46652071282,-3.10457741934
1545310960974408913,,1241,,1545310960,973932329,"""imu_link""",,-0.584636931109,0.497391997145,-3.09633229372
1545310961025020087,,1242,,1545310961,24183651,"""imu_link""",,-0.587513137723,0.516758455014,-3.09767452347
1545310961075580295,,1243,,1545310961,74710442,"""imu_link""",,-0.60055194104,0.525770569072,-3.11915019952
1545310961124453796,,1244,,1545310961,123716062,"""imu_link""",,-0.618000927833,0.527688040148,3.13353123259
1545310961175592934,,1245,,1545310961,174753459,"""imu_link""",,-0.630656236935,0.534590936022,3.12087592349
1545310961225811843,,1246,,1545310961,225068100,"""imu_link""",,-0.646954741082,0.54437003851,3.09403132842
1545310961276055417,,1247,,1545310961,275155810,"""imu_link""",,-0.68089397913,0.533056959161,3.03612370193
1545310961325209188,,1248,,1545310961,324522748,"""imu_link""",,-0.711573516348,0.511773030216,2.97399763906
1545310961377613988,,1249,,1545310961,376609355,"""imu_link""",,-0.746087995718,0.476875056631,2.89461433651
1545310961428464579,,1250,,1545310961,427546810,"""imu_link""",,-0.780985969303,0.436416416925,2.80756114965
1545310961479944347,,1251,,1545310961,478759843,"""imu_link""",,-0.807447070154,0.390013616883,2.72779435289
1545310961530239126,,1252,,1545310961,529702305,"""imu_link""",,-0.831223711497,0.336899668074,2.63633098256
1545310961580131333,,1253,,1545310961,579323062,"""imu_link""",,-0.852315893335,0.286470178772,2.55349623207
1545310961630353480,,1254,,1545310961,629788330,"""imu_link""",,-0.873024580957,0.229904782027,2.45992364355
1545310961682822333,,1255,,1545310961,682245416,"""imu_link""",,-0.894883751225,0.175448603465,2.36443358396
1545310961729336102,,1256,,1545310961,728785959,"""imu_link""",,-0.902745382637,0.100283737281,2.2672178004
1545310961780475109,,1257,,1545310961,779772723,"""imu_link""",,-0.909840025618,0.0281868248189,2.16655056891
1545310961831525431,,1258,,1545310961,830743777,"""imu_link""",,-0.914633703309,-0.0314465256483,2.045558144
1545310961880857837,,1259,,1545310961,880171863,"""imu_link""",,-0.913483220663,-0.127128332347,1.9145948695
1545310961933608061,,1260,,1545310961,932973264,"""imu_link""",,-0.906388577681,-0.206895129113,1.78765828427
1545310961983806318,,1261,,1545310961,982625516,"""imu_link""",,-0.894308509902,-0.277458064714,1.67951291557
1545310962033785091,,1262,,1545310962,33288476,"""imu_link""",,-0.877243017324,-0.338625392043,1.5895835221
1545310962081977822,,1263,,1545310962,81457047,"""imu_link""",,-0.855192099949,-0.397683501187,1.48757406085
1545310962135491089,,1264,,1545310962,134498341,"""imu_link""",,-0.832757688358,-0.425295084683,1.42544799799
1545310962183819147,,1265,,1545310962,183170400,"""imu_link""",,-0.820677620579,-0.451564438426,1.37252579629
1545310962234654007,,1266,,1545310962,234126575,"""imu_link""",,-0.804762610647,-0.482819216967,1.32593124914
1545310962283437731,,1267,,1545310962,282658998,"""imu_link""",,-0.792874289975,-0.469780413649,1.30694828548
1545310962338399508,,1268,,1545310962,337735855,"""imu_link""",,-0.782136451949,-0.461535288022,1.29678568878
1545310962386675894,,1269,,1545310962,385920224,"""imu_link""",,-0.77561705029,-0.451372691318,1.28106242595
1545310962435771443,,1270,,1545310962,434784419,"""imu_link""",,-0.772740843676,-0.451372691318,1.26054548544
1545310962484462556,,1271,,1545310962,483654711,"""imu_link""",,-0.766604936232,-0.447346002058,1.25019114163
1545310962537413985,,1272,,1545310962,536612069,"""imu_link""",,-0.762194752757,-0.443127565691,1.23964505071
1545310962590402674,,1273,,1545310962,589762528,"""imu_link""",,-0.753182638699,-0.449263473135,1.20992424903
1545310962638575338,,1274,,1545310962,637920403,"""imu_link""",,-0.742253053565,-0.457316851654,1.17195832172
1545310962689563158,,1275,,1545310962,689042712,"""imu_link""",,-0.728063767602,-0.467671195465,1.13188317623
1545310962738983297,,1276,,1545310962,738367592,"""imu_link""",,-0.720969124621,-0.477642045061,1.09008230677
1545310962789957275,,1277,,1545310962,789215211,"""imu_link""",,-0.709464298164,-0.484736688043,1.0580605398
1545310962840715057,,1278,,1545310962,839916418,"""imu_link""",,-0.698342965922,-0.491256089702,1.02642226705
1545310962894188408,,1279,,1545310962,892536644,"""imu_link""",,-0.682044461775,-0.500651697975,0.996126224044
1545310962943333354,,1280,,1545310962,942747581,"""imu_link""",,-0.662869751014,-0.516183213691,0.956434572768
1545310962991006403,,1281,,1545310962,990193981,"""imu_link""",,-0.649063959266,-0.524044845103,0.9169346686
1545310963041526295,,1282,,1545310963,40745687,"""imu_link""",,-0.633148949334,-0.54034334925,0.876476028894
1545310963091252402,,1283,,1545310963,90486954,"""imu_link""",,-0.610714537744,-0.543411302972,0.830264975959
1545310963144543005,,1284,,1545310963,143656911,"""imu_link""",,-0.590772838552,-0.558367577366,0.782328199056
1545310963191660196,,1285,,1545310963,190860047,"""imu_link""",,-0.572365116221,-0.576775299696,0.740910823812
1545310963242209319,,1286,,1545310963,241436012,"""imu_link""",,-0.559134565796,-0.57888451788,0.701794413859
1545310963293999297,,1287,,1545310963,293311932,"""imu_link""",,-0.538425878174,-0.581568977387,0.661335774153
1545310963342399793,,1288,,1545310963,341937456,"""imu_link""",,-0.51867592609,-0.585020425324,0.614932974111
1545310963393820727,,1289,,1545310963,393000012,"""imu_link""",,-0.498925974006,-0.593457298059,0.567187944316
1545310963445044288,,1290,,1545310963,444023781,"""imu_link""",,-0.476875056631,-0.594799527812,0.517717190552
1545310963496623782,,1291,,1545310963,495806400,"""imu_link""",,-0.462110529345,-0.595950010458,0.477450297954
1545310963546982920,,1292,,1545310963,545715371,"""imu_link""",,-0.445428530982,-0.597100493103,0.44159358883
1545310963597383074,,1293,,1545310963,596681838,"""imu_link""",,-0.426637314436,-0.591539826983,0.406120373922
1545310963645933983,,1294,,1545310963,644603827,"""imu_link""",,-0.412256281365,-0.589430608799,0.37659131935
1545310963697056597,,1295,,1545310963,696520714,"""imu_link""",,-0.399409225155,-0.57811752945,0.353965160651
1545310963748688679,,1296,,1545310963,747537354,"""imu_link""",,-0.390780605313,-0.570255898038,0.320984658142
1545310963798834955,,1297,,1545310963,798203213,"""imu_link""",,-0.382535479686,-0.567187944316,0.292989580431
1545310963848950083,,1298,,1545310963,848257251,"""imu_link""",,-0.366428722646,-0.564119990594,0.249846481218
1545310963898052117,,1299,,1545310963,897087692,"""imu_link""",,-0.350130218499,-0.566996197208,0.20631988779
1545310963948808593,,1300,,1545310963,948130144,"""imu_link""",,-0.333831714352,-0.559326312904,0.16221805304
1545310963999421692,,1301,,1545310963,998898063,"""imu_link""",,-0.321368152357,-0.554724382321,0.118691459612
1545310964051015983,,1302,,1545310964,50210689,"""imu_link""",,-0.30430265978,-0.552998658353,0.0715216711392
1545310964101310098,,1303,,1545310964,100452286,"""imu_link""",,-0.287620661418,-0.55319040546,0.018791216546
1545310964150640852,,1304,,1545310964,149936796,"""imu_link""",,-0.278225053145,-0.54513702694,-0.0226261586982
1545310964200172993,,1305,,1545310964,199411553,"""imu_link""",,-0.26499450272,-0.54360305008,-0.0694124529555
1545310964252721427,,1306,,1545310964,252000194,"""imu_link""",,-0.254640158909,-0.540151602143,-0.109871092662
1545310964304480560,,1307,,1545310964,303768904,"""imu_link""",,-0.243135332452,-0.533440453376,-0.156273892704
1545310964353332195,,1308,,1545310964,352651807,"""imu_link""",,-0.223960621691,-0.525387074856,-0.203443681176
1545310964402352733,,1309,,1545310964,401664877,"""imu_link""",,-0.210538324158,-0.522127374027,-0.249654734111
1545310964452789485,,1310,,1545310964,452263140,"""imu_link""",,-0.199033497701,-0.521935626919,-0.298550246552
1545310964505681317,,1311,,1545310964,504538773,"""imu_link""",,-0.189446142321,-0.513498754185,-0.345144793701
1545310964557223483,,1312,,1545310964,555741617,"""imu_link""",,-0.182351499339,-0.510239053355,-0.39423205325
1545310964606040009,,1313,,1545310964,605250509,"""imu_link""",,-0.166436489407,-0.504103145912,-0.453098415287
1545310964656331200,,1314,,1545310964,655194821,"""imu_link""",,-0.150329732368,-0.499117721114,-0.514073995507
1545310964704226842,,1315,,1545310964,703723521,"""imu_link""",,-0.135756952189,-0.485695423581,-0.575624817051
1545310964756111996,,1316,,1545310964,754849350,"""imu_link""",,-0.120800677795,-0.480709998783,-0.644462028683
1545310964810295565,,1317,,1545310964,809189973,"""imu_link""",,-0.108528862908,-0.46326101199,-0.714257975854
1545310964858701350,,1318,,1545310964,858127281,"""imu_link""",,-0.0993250017429,-0.454824139255,-0.772932590783
1545310964907056502,,1319,,1545310964,906414137,"""imu_link""",,-0.0937643356222,-0.443702807014,-0.824704309839
1545310964957890696,,1320,,1545310964,957347383,"""imu_link""",,-0.0849439686721,-0.434882440064,-0.881461453692
1545310965008336294,,1321,,1545310965,7362303,"""imu_link""",,-0.0732473951077,-0.42874653262,-0.944354504988
1545310965059907202,,1322,,1545310965,59068470,"""imu_link""",,-0.0667279934489,-0.387904398699,-0.991907787676
1545310965110865653,,1323,,1545310965,110186624,"""imu_link""",,-0.0598250975749,-0.341885092872,-1.04981541417
1545310965159020634,,1324,,1545310965,158476529,"""imu_link""",,-0.0602085917901,-0.376399572242,-1.10427159274
1545310965208371531,,1325,,1545310965,207660151,"""imu_link""",,-0.0609755802206,-0.326928818478,-1.14837342749
1545310965259629560,,1326,,1545310965,258971657,"""imu_link""",,-0.0628930512967,-0.327312312693,-1.21107473168
1545310965312623312,,1327,,1545310965,311775053,"""imu_link""",,-0.0673032347718,-0.305453142426,-1.26112072676
1545310965359479512,,1328,,1545310965,358523656,"""imu_link""",,-0.0713299240316,-0.285894937449,-1.31845311194
1545310965411677371,,1329,,1545310965,410989379,"""imu_link""",,-0.0774658314752,-0.290880362247,-1.38096266902
1545310965462116642,,1330,,1545310965,461536553,"""imu_link""",,-0.0832182447035,-0.287812408525,-1.44328047899
1545310965513138631,,1331,,1545310965,512408961,"""imu_link""",,-0.0868614397482,-0.286278431664,-1.50540654186
1545310965561942389,,1332,,1545310965,561302084,"""imu_link""",,-0.0931890942994,-0.262885284536,-1.55775350224
1545310965615079903,,1333,,1545310965,614237846,"""imu_link""",,-0.0975992777744,-0.260584319245,-1.61355191055
1545310965666113425,,1334,,1545310965,664693403,"""imu_link""",,-0.100475484389,-0.245052803528,-1.67203477838
1545310965713620487,,1335,,1545310965,713060059,"""imu_link""",,-0.10680313894,-0.240450872945,-1.72975065777
1545310965762413943,,1336,,1545310965,761822866,"""imu_link""",,-0.112747299276,-0.230480023349,-1.79245196196
1545310965815215279,,1337,,1545310965,814341266,"""imu_link""",,-0.120800677795,-0.221851403507,-1.86090567937
1545310965866538771,,1338,,1545310965,865727646,"""imu_link""",,-0.128087067885,-0.214565013418,-1.92686668439
1545310965914807927,,1339,,1545310965,914227777,"""imu_link""",,-0.13652394062,-0.209771335727,-1.9926359423
1545310965967065025,,1340,,1545310965,965561011,"""imu_link""",,-0.141509365418,-0.205361152252,-2.05917218864
1545310966016649827,,1341,,1545310966,15947351,"""imu_link""",,-0.148412261292,-0.200950968777,-2.12705066474
1545310966068051955,,1342,,1545310966,67279388,"""imu_link""",,-0.157040881134,-0.196157291087,-2.19071070447
1545310966118715689,,1343,,1545310966,117957066,"""imu_link""",,-0.164519018331,-0.194239820011,-2.26089014585
1545310966167093831,,1344,,1545310966,166391055,"""imu_link""",,-0.172764143958,-0.18867915389,-2.31841427813
1545310966220544652,,1345,,1545310966,219693545,"""imu_link""",,-0.17985878694,-0.184268970415,-2.37996509968
1545310966268910651,,1346,,1545310966,268172760,"""imu_link""",,-0.186953429922,-0.186569935706,-2.44458387494
1545310966319758512,,1347,,1545310966,319204490,"""imu_link""",,-0.191938854719,-0.184077223307,-2.50057403037
1545310966370298465,,1348,,1545310966,369508635,"""imu_link""",,-0.197307773733,-0.185802947276,-2.55790641554
1545310966423384954,,1349,,1545310966,422631098,"""imu_link""",,-0.202101451423,-0.186378188599,-2.61312958253
1545310966470044911,,1350,,1545310966,469423706,"""imu_link""",,-0.207086876221,-0.186378188599,-2.66701051977
1545310966520639132,,1351,,1545310966,519779080,"""imu_link""",,-0.212839289449,-0.186953429922,-2.72223368677
1545310966571298702,,1352,,1545310966,570659164,"""imu_link""",,-0.220125679538,-0.195006808441,-2.78531848517
1545310966624240562,,1353,,1545310966,623482265,"""imu_link""",,-0.229713034919,-0.190980119181,-2.83555622736
1545310966672828573,,1354,,1545310966,672163234,"""imu_link""",,-0.233164482856,-0.197883015055,-2.88751969353
1545310966724705190,,1355,,1545310966,723898317,"""imu_link""",,-0.237766413439,-0.19749952084,-2.94312635473
1545310966773200895,,1356,,1545310966,772597509,"""imu_link""",,-0.24486105642,-0.204977658037,-2.99489807379
1545310966824881591,,1357,,1545310966,824030144,"""imu_link""",,-0.251380458079,-0.202676692746,-3.04571105731
1545310966876027953,,1358,,1545310966,875109239,"""imu_link""",,-0.258283353953,-0.194048072903,-3.09000463917
1545310966926259640,,1359,,1545310966,925510065,"""imu_link""",,-0.260392572137,-0.198074762163,-3.13199725573
1545310966976070171,,1360,,1545310966,975306645,"""imu_link""",,-0.264227514289,-0.199800486132,3.11512351026
1545310967026756000,,1361,,1545310967,26010611,"""imu_link""",,-0.267103720903,-0.206128140683,3.07926680114
1545310967078145675,,1362,,1545310967,76529036,"""imu_link""",,-0.269021191979,-0.198458256378,3.04877901103
1545310967126631237,,1363,,1545310967,125803008,"""imu_link""",,-0.277266317607,-0.190404877859,3.02807032341
1545310967178796038,,1364,,1545310967,178236340,"""imu_link""",,-0.283210477943,-0.186761682814,3.00045873991
1545310967227787581,,1365,,1545310967,227093117,"""imu_link""",,-0.291072109355,-0.187528671244,2.97073793823
1545310967277130803,,1366,,1545310967,275452120,"""imu_link""",,-0.297591511014,-0.187336924137,2.94005840101
1545310967328404757,,1367,,1545310967,327736601,"""imu_link""",,-0.30353567135,-0.186378188599,2.90400994478
1545310967379294252,,1368,,1545310967,378723764,"""imu_link""",,-0.311972544084,-0.184460717523,2.87333040756
1545310967430542754,,1369,,1545310967,429722286,"""imu_link""",,-0.316190980452,-0.188487406782,2.82961206703
1545310967478938505,,1370,,1545310967,478189974,"""imu_link""",,-0.317724957313,-0.195390302656,2.77630637111
1545310967531436829,,1371,,1545310967,530677221,"""imu_link""",,-0.320409416819,-0.194431567118,2.72549338759
1545310967581167105,,1372,,1545310967,580462213,"""imu_link""",,-0.326353577155,-0.196924279517,2.68330902392
1545310967633830503,,1373,,1545310967,633152103,"""imu_link""",,-0.331530749061,-0.195390302656,2.6399741776
1545310967680668356,,1374,,1545310967,680014860,"""imu_link""",,-0.333064725922,-0.200567474562,2.60603493955
1545310967731849131,,1375,,1545310967,731335804,"""imu_link""",,-0.337091415182,-0.196540785302,2.57573889655
1545310967782194842,,1376,,1545310967,781690508,"""imu_link""",,-0.336516173859,-0.195006808441,2.54831906016
1545310967832644380,,1377,,1545310967,831803883,"""imu_link""",,-0.339200633365,-0.19673253241,2.51035313285
1545310967883450749,,1378,,1545310967,882472709,"""imu_link""",,-0.34361081684,-0.193281084473,2.47430467662
1545310967934806865,,1379,,1545310967,934143184,"""imu_link""",,-0.346678770562,-0.194623314226,2.42636789972
1545310967986553864,,1380,,1545310967,984687666,"""imu_link""",,-0.348404494531,-0.203060186961,2.37747238728
1545310968033707602,,1381,,1545310968,33102639,"""imu_link""",,-0.3476375061,-0.201334462992,2.33145308145
1545310968086299382,,1382,,1545310968,85550692,"""imu_link""",,-0.34687051767,-0.194048072903,2.28581726984
1545310968136628675,,1383,,1545310968,135359156,"""imu_link""",,-0.349746724284,-0.200183980347,2.24209892931
1545310968186700929,,1384,,1545310968,185418393,"""imu_link""",,-0.349746724284,-0.193664578688,2.1991475772
1545310968236937817,,1385,,1545310968,236338866,"""imu_link""",,-0.350321965607,-0.19347283158,2.15945592592
1545310968286900203,,1386,,1545310968,286149895,"""imu_link""",,-0.352239436683,-0.185994694383,2.12014776886
1545310968335971466,,1387,,1545310968,334894235,"""imu_link""",,-0.354540401974,-0.183501981985,2.07930563494
1545310968386746322,,1388,,1545310968,386264964,"""imu_link""",,-0.359334079665,-0.17506510925,2.04018922499
1545310968438650715,,1389,,1545310968,437868219,"""imu_link""",,-0.362402033386,-0.165861248084,2.01181065306
1545310968490409378,,1390,,1545310968,488951482,"""imu_link""",,-0.365469987108,-0.157807869565,1.98477431089
1545310968539358752,,1391,,1545310968,538819966,"""imu_link""",,-0.367579205292,-0.143618583601,1.97039327782
1545310968590355424,,1392,,1545310968,589593759,"""imu_link""",,-0.369688423476,-0.138249664588,1.93798801663
1545310968638919083,,1393,,1545310968,638187569,"""imu_link""",,-0.371797641659,-0.135565205082,1.90098082486
1545310968689922721,,1394,,1545310968,689461196,"""imu_link""",,-0.379659273071,-0.127511826562,1.86512411574
1545310968741126617,,1395,,1545310968,740625456,"""imu_link""",,-0.382535479686,-0.122142907549,1.82543246446
1545310968791756507,,1396,,1545310968,791110433,"""imu_link""",,-0.388096145806,-0.121759413334,1.79206846774
1545310968841575457,,1397,,1545310968,840976505,"""imu_link""",,-0.392122835066,-0.0966405422364,1.78401508922
1545310968892276341,,1398,,1545310968,891503210,"""imu_link""",,-0.400176213586,-0.0801502909818,1.77807092888
1545310968942555487,,1399,,1545310968,941434280,"""imu_link""",,-0.411489292935,-0.0485120182258,1.79762913386
1545310968992498867,,1400,,1545310968,991757351,"""imu_link""",,-0.417433453271,-0.0141892859633,1.82811692397
1545310969045442455,,1401,,1545310969,44833603,"""imu_link""",,-0.41992616567,0.0209004347297,1.87030128765
1545310969092596681,,1402,,1545310969,91932569,"""imu_link""",,-0.4206931541,0.0625095570815,1.92379873067
1545310969142767304,,1403,,1545310969,142033737,"""imu_link""",,-0.419734418562,0.0991332546353,1.9673253241
1545310969193415869,,1404,,1545310969,192692079,"""imu_link""",,-0.418583935917,0.141509365418,1.99858010264
1545310969245460687,,1405,,1545310969,244749775,"""imu_link""",,-0.41589947641,0.176407339003,2.02619168613
1545310969298451800,,1406,,1545310969,296923037,"""imu_link""",,-0.414173752442,0.209963082835,2.04728386797
1545310969345530009,,1407,,1545310969,344477763,"""imu_link""",,-0.418775683024,0.231822253103,2.04824260351
1545310969394925768,,1408,,1545310969,393837519,"""imu_link""",,-0.422802372284,0.259625583706,2.05687122335
1545310969445410538,,1409,,1545310969,444875731,"""imu_link""",,-0.420501406993,0.298358499444,2.07796340519
1545310969498632964,,1410,,1545310969,498021378,"""imu_link""",,-0.417433453271,0.324244358972,2.09790510438
1545310969549882289,,1411,,1545310969,549268989,"""imu_link""",,-0.415515982195,0.348021000316,2.09963082835
1545310969599586754,,1412,,1545310969,598926632,"""imu_link""",,-0.417241706163,0.368154446615,2.09004347297
1545310969646612057,,1413,,1545310969,645926132,"""imu_link""",,-0.41513248798,0.398833983833,2.09732986306
1545310969699820376,,1414,,1545310969,699197754,"""imu_link""",,-0.412831522688,0.424911590468,2.12244873416
1545310969750141343,,1415,,1545310969,749765596,"""imu_link""",,-0.408229592106,0.452139679749,2.1387472383
1545310969801475974,,1416,,1545310969,799717332,"""imu_link""",,-0.397683501187,0.486270664904,2.16424960361
1545310969851363257,,1417,,1545310969,850685623,"""imu_link""",,-0.393273317712,0.509280317817,2.18189033752
1545310969900457185,,1418,,1545310969,899712022,"""imu_link""",,-0.394807294573,0.529222017009,2.17997286644
1545310969953352232,,1419,,1545310969,952569508,"""imu_link""",,-0.410914051612,0.548780221985,2.16175689122
1545310970000124958,,1420,,1545310969,999465311,"""imu_link""",,-0.426637314436,0.556258359182,2.13452880194
1545310970052803379,,1421,,1545310970,52177176,"""imu_link""",,-0.440251359077,0.562969507948,2.11362836721
1545310970102729849,,1422,,1545310970,102032796,"""imu_link""",,-0.455974621901,0.569105415392,2.09272793248
1545310970151562380,,1423,,1545310970,151071774,"""imu_link""",,-0.473998850017,0.576391805481,2.06722556716
1545310970204133212,,1424,,1545310970,203354012,"""imu_link""",,-0.502569169051,0.587321390615,2.03654602995
1545310970255936699,,1425,,1545310970,255044709,"""imu_link""",,-0.526921051717,0.594607780704,2.0050995043
1545310970304903756,,1426,,1545310970,304220510,"""imu_link""",,-0.553765646783,0.597483987319,1.97173550757
1545310970357641712,,1427,,1545310970,356961069,"""imu_link""",,-0.58770488483,0.59575826335,1.92475746621
1545310970408822403,,1428,,1545310970,408144924,"""imu_link""",,-0.624520329492,0.593265550951,1.87432797691
1545310970458214771,,1429,,1545310970,456561463,"""imu_link""",,-0.659610050185,0.58367819557,1.82504897025
1545310970508870050,,1430,,1545310970,508131055,"""imu_link""",,-0.69450802377,0.578501023665,1.78420683633
1545310970557848030,,1431,,1545310970,556555736,"""imu_link""",,-0.720969124621,0.568338426962,1.74719964456
1545310970607450739,,1432,,1545310970,606576479,"""imu_link""",,-0.753182638699,0.565653967455,1.70309780981
1545310970658244822,,1433,,1545310970,657250682,"""imu_link""",,-0.783286934594,0.559134565796,1.66129694035
1545310970709183014,,1434,,1545310970,708478705,"""imu_link""",,-0.821444609009,0.546671003801,1.60262232542
1545310970761503815,,1435,,1545310970,760833913,"""imu_link""",,-0.857109571025,0.52346960378,1.54241373363
1545310970810889159,,1436,,1545310970,810073681,"""imu_link""",,-0.889898326427,0.498350732683,1.48642357821
1545310970861495300,,1437,,1545310970,860802640,"""imu_link""",,-0.913483220663,0.490489101271,1.44308873189
1545310970909823777,,1438,,1545310970,908916251,"""imu_link""",,-0.939944321513,0.47131439051,1.39496020788
1545310970961651769,,1439,,1545310970,961066689,"""imu_link""",,-0.964871445503,0.451180944211,1.3376278227
1545310971012620763,,1440,,1545310971,11816673,"""imu_link""",,-0.996317971151,0.42471984336,1.28413037968
1545310971062559298,,1441,,1545310971,61817459,"""imu_link""",,-1.01415045216,0.428363038405,1.25997024412
1545310971111110355,,1442,,1545310971,110279342,"""imu_link""",,-1.02833973812,0.432389727665,1.23772757963
1545310971164827556,,1443,,1545310971,163993611,"""imu_link""",,-1.04118679433,0.45444064504,1.23139992508
1545310971213020493,,1444,,1545310971,212576447,"""imu_link""",,-1.05825228691,0.469972160757,1.2216208226
1545310971263943581,,1445,,1545310971,263143937,"""imu_link""",,-1.07704350346,0.474765838447,1.20282960605
1545310971312744141,,1446,,1545310971,312095643,"""imu_link""",,-1.09238327206,0.485695423581,1.18480537793
1545310971365768895,,1447,,1545310971,364788627,"""imu_link""",,-1.11481768366,0.479176021922,1.15431758782
1545310971416000217,,1448,,1545310971,415213643,"""imu_link""",,-1.13437588863,0.48492843515,1.13169142913
1545310971465173161,,1449,,1545310971,464456396,"""imu_link""",,-1.15968650684,0.481668734321,1.09506773157
1545310971513464101,,1450,,1545310971,512840863,"""imu_link""",,-1.1840383895,0.459426069838,1.0429125183
1545310971569688490,,1451,,1545310971,569026082,"""imu_link""",,-1.20513057134,0.453481909502,1.00302911992
1545310971617522283,,1452,,1545310971,616203314,"""imu_link""",,-1.22890721268,0.444661542552,0.966980663687
1545310971666964455,,1453,,1545310971,666373258,"""imu_link""",,-1.25306734824,0.431047497911,0.921536599183
1545310971719910317,,1454,,1545310971,718874165,"""imu_link""",,-1.27243380611,0.418008694594,0.882995430553
1545310971768483142,,1455,,1545310971,767793193,"""imu_link""",,-1.29390948216,0.402860673093,0.842536790846
1545310971817951632,,1456,,1545310971,817420665,"""imu_link""",,-1.32056233012,0.36451125157,0.778493256904
1545310971868526351,,1457,,1545310971,867960492,"""imu_link""",,-1.34414722436,0.321751646573,0.707930321303
1545310971922127077,,1458,,1545310971,921323053,"""imu_link""",,-1.3652394062,0.274390110993,0.629889248505
1545310971967993818,,1459,,1545310971,967359061,"""imu_link""",,-1.38978303597,0.178133062971,0.499501215329
1545310972020794525,,1460,,1545310972,20060610,"""imu_link""",,-1.41260094178,0.0387329157376,0.326353577155
1545310972070305865,,1461,,1545310972,69527702,"""imu_link""",,-1.42736546906,-0.184268970415,0.0705629356012
1545310972120909916,,1462,,1545310972,120119293,"""imu_link""",,-1.43714457155,-0.448879978919,-0.229713034919
1545310972171688226,,1463,,1545310972,170968867,"""imu_link""",,-1.43311788229,-0.748005466794,-0.561435531088
1545310972221565368,,1464,,1545310972,220815044,"""imu_link""",,-1.41355967731,-1.01146599265,-0.867655661944
1545310972271100900,,1465,,1545310972,270357754,"""imu_link""",,-1.38326363431,-1.14798993327,-1.05384210343
1545310972325291090,,1466,,1545310972,324736225,"""imu_link""",,-1.34548945411,-1.31730262929,-1.2546013251
1545310972372723955,,1467,,1545310972,371877656,"""imu_link""",,-1.30464732019,-1.40895774673,-1.38767381779
1545310972423228020,,1468,,1545310972,422489204,"""imu_link""",,-1.26169596809,-1.48488960135,-1.49792840466
1545310972474851645,,1469,,1545310972,474297074,"""imu_link""",,-1.2141426854,-1.52228028733,-1.58018791383
1545310972526842300,,1470,,1545310972,525364153,"""imu_link""",,-1.16467193163,-1.56619037497,-1.65611976844
1545310972575530939,,1471,,1545310972,574764724,"""imu_link""",,-1.11731039605,-1.58114664937,-1.7128769123
1545310972626460793,,1472,,1545310972,625337979,"""imu_link""",,-1.05460909187,-1.60070485434,-1.77481122806
1545310972676392179,,1473,,1545310972,675249915,"""imu_link""",,-0.990182063708,-1.60108834856,-1.8214057752
1545310972727397266,,1474,,1545310972,726676186,"""imu_link""",,-0.933616666962,-1.60511503782,-1.86953429922
1545310972776919539,,1475,,1545310972,775360793,"""imu_link""",,-0.874175063602,-1.60434804939,-1.91670408769
1545310972827770482,,1476,,1545310972,826590056,"""imu_link""",,-0.820485873471,-1.60933347419,-1.95754622161
1545310972876783939,,1477,,1545310972,875549725,"""imu_link""",,-0.774658314752,-1.59284322293,-1.99416991916
1545310972928978157,,1478,,1545310972,928242449,"""imu_link""",,-0.720777377513,-1.58881653367,-2.03884699524
1545310972977969349,,1479,,1545310972,977335355,"""imu_link""",,-0.675908554332,-1.57002531713,-2.07757991097
1545310973028645755,,1480,,1545310973,28010394,"""imu_link""",,-0.625862559245,-1.55698651381,-2.11938078043
1545310973079443678,,1481,,1545310973,78734655,"""imu_link""",,-0.57811752945,-1.54318072206,-2.15427875402
1545310973130493890,,1482,,1545310973,129818334,"""imu_link""",,-0.527879787255,-1.52995017163,-2.19818884166
1545310973180923832,,1483,,1545310973,180375824,"""imu_link""",,-0.486270664904,-1.51748660964,-2.22752614913
1545310973229618043,,1484,,1545310973,229065944,"""imu_link""",,-0.442552324368,-1.47721971704,-2.26338285825
1545310973281718060,,1485,,1545310973,281246305,"""imu_link""",,-0.38138499704,-1.47683622283,-2.33298705831
1545310973330929525,,1486,,1545310973,330389680,"""imu_link""",,-0.307370613502,-1.51671962121,-2.37900636414
1545310973381599422,,1487,,1545310973,381017709,"""imu_link""",,-0.273431375455,-1.51614437989,-2.40527571788
1545310973430057528,,1488,,1545310973,429428937,"""imu_link""",,-0.247353768819,-1.48814930218,-2.42675139394
1545310973482789762,,1489,,1545310973,481995764,"""imu_link""",,-0.206511634898,-1.44500620296,-2.466059551
1545310973534650521,,1490,,1545310973,533914742,"""imu_link""",,-0.153972927412,-1.39630243763,-2.50881915599
1545310973582323841,,1491,,1545310973,581636602,"""imu_link""",,-0.117157482751,-1.33571035162,-2.54199140561
1545310973635019483,,1492,,1545310973,634237399,"""imu_link""",,-0.0811090265198,-1.28547260943,-2.58436751639
1545310973687030068,,1493,,1545310973,685720250,"""imu_link""",,-0.0348979735854,-1.28700658629,-2.63479700569
1545310973734145956,,1494,,1545310973,733395192,"""imu_link""",,0.00671114876641,-1.26169596809,-2.67909058755
1545310973783367103,,1495,,1545310973,782614583,"""imu_link""",,0.0490872595486,-1.23638534988,-2.7256851347
1545310973835118119,,1496,,1545310973,834218563,"""imu_link""",,0.0857109571025,-1.20493882423,-2.7684447397
1545310973887586226,,1497,,1545310973,886438170,"""imu_link""",,0.1284705621,-1.17004085065,-2.81484753974
1545310973938288943,,1498,,1545310973,937675755,"""imu_link""",,0.173147638174,-1.12823998119,-2.86546877615
1545310973985663682,,1499,,1545310973,984536323,"""imu_link""",,0.209771335727,-1.08605561751,-2.91474778281
1545310974035677256,,1500,,1545310974,34796136,"""imu_link""",,0.241984849806,-1.05652656294,-2.96402678946
1545310974087056431,,1501,,1545310974,85869261,"""imu_link""",,0.269404686195,-1.01990286539,-3.01004609529
1545310974137831003,,1502,,1545310974,136990994,"""imu_link""",,0.294715304399,-0.981745190973,-3.05491491847
1545310974192059748,,1503,,1545310974,191288374,"""imu_link""",,0.32194339368,-0.939752574406,-3.10572790199
1545310974237554937,,1504,,1545310974,236981567,"""imu_link""",,0.343994311056,-0.892774533041,3.13238074995
1545310974290250673,,1505,,1545310974,289584425,"""imu_link""",,0.367579205292,-0.837934860264,3.08022553668
1545310974339627109,,1506,,1545310974,339294186,"""imu_link""",,0.381576744148,-0.797476220558,3.0328640011
1545310974388727879,,1507,,1545310974,388102881,"""imu_link""",,0.385028192085,-0.75874330482,2.99240536139
1545310974441882605,,1508,,1545310974,441375526,"""imu_link""",,0.389630122667,-0.724420572558,2.95539816962
1545310974492933949,,1509,,1545310974,492136481,"""imu_link""",,0.396341271434,-0.695275012201,2.91915796628
1545310974542679941,,1510,,1545310974,541930703,"""imu_link""",,0.402860673093,-0.657500832001,2.88406824559
1545310974592960105,,1511,,1545310974,592138415,"""imu_link""",,0.409571821859,-0.61742568651,2.84073339927
1545310974642065817,,1512,,1545310974,641303453,"""imu_link""",,0.41110579872,-0.573707345975,2.80085000089
1545310974693205789,,1513,,1545310974,692643248,"""imu_link""",,0.416091223518,-0.533823947591,2.75751515457
1545310974742344427,,1514,,1545310974,741737788,"""imu_link""",,0.417625200379,-0.494707537639,2.72012446858
1545310974793296691,,1515,,1545310974,792526457,"""imu_link""",,0.418008694594,-0.454057150825,2.68196679417
1545310974844017234,,1516,,1545310974,843513959,"""imu_link""",,0.422802372284,-0.415515982195,2.63364652305
1545310974894719806,,1517,,1545310974,894188274,"""imu_link""",,0.421651889638,-0.367962699507,2.5945301131
1545310974945971553,,1518,,1545310974,945302754,"""imu_link""",,0.417625200379,-0.320984658142,2.54946954281
1545310974995933107,,1519,,1545310974,995411930,"""imu_link""",,0.412831522688,-0.2745818581,2.50594294938
1545310975046926990,,1520,,1545310975,46254151,"""imu_link""",,0.404202902846,-0.235848942363,2.46222460884
1545310975095306001,,1521,,1545310975,94787119,"""imu_link""",,0.397108259864,-0.202676692746,2.42483392286
1545310975147378235,,1522,,1545310975,145909023,"""imu_link""",,0.386945663161,-0.167970466268,2.38821022531
1545310975196957954,,1523,,1545310975,196063835,"""imu_link""",,0.382343732578,-0.137099181942,2.3477515856
1545310975247927736,,1524,,1545310975,247259507,"""imu_link""",,0.375440836704,-0.0979827719897,2.30288276242
1545310975298561654,,1525,,1545310975,297470410,"""imu_link""",,0.364894745785,-0.0615508215434,2.26261586982
1545310975347239429,,1526,,1545310975,346570134,"""imu_link""",,0.352431183791,-0.0205169405145,2.21985626482
1545310975398490951,,1527,,1545310975,397944478,"""imu_link""",,0.336899668074,0.0176407339003,2.1713442466
1545310975450656507,,1528,,1545310975,450140184,"""imu_link""",,0.318108451528,0.047936776903,2.12379096391
1545310975502118711,,1529,,1545310975,501350687,"""imu_link""",,0.302001694489,0.083985233134,2.08179834734
1545310975550985256,,1530,,1545310975,550488592,"""imu_link""",,0.285127949019,0.116007000105,2.03865524813
1545310975600718517,,1531,,1545310975,599855681,"""imu_link""",,0.269021191979,0.16298504147,1.99953883818
1545310975649713226,,1532,,1545310975,649180611,"""imu_link""",,0.242751838237,0.202676692746,1.9523690497
1545310975700632820,,1533,,1545310975,699975676,"""imu_link""",,0.213414530772,0.233164482856,1.90865070917
1545310975752919891,,1534,,1545310975,752359425,"""imu_link""",,0.186378188599,0.25770811263,1.86953429922
1545310975802838836,,1535,,1545310975,802244451,"""imu_link""",,0.168353960483,0.283018730835,1.85016784135
1545310975852473876,,1536,,1545310975,851859000,"""imu_link""",,0.14937099683,0.302001694489,1.82926740662
1545310975904391337,,1537,,1545310975,903528286,"""imu_link""",,0.1284705621,0.33479044989,1.80261455866
1545310975953698684,,1538,,1545310975,952935492,"""imu_link""",,0.0997084959582,0.358375344127,1.77423598673
1545310976006645852,,1539,,1545310976,5039374,"""imu_link""",,0.0755483603991,0.387137410268,1.75007585117
1545310976056652050,,1540,,1545310976,55748963,"""imu_link""",,0.0487037653334,0.410914051612,1.72342300322
1545310976103158872,,1541,,1545310976,102411138,"""imu_link""",,0.0205169405145,0.433731957418,1.6952361784
1545310976155599330,,1542,,1545310976,154969957,"""imu_link""",,-0.0065194016588,0.452139679749,1.67165128416
1545310976207107486,,1543,,1545310976,205802233,"""imu_link""",,-0.0371989388767,0.475149332662,1.64710765439
1545310976257190669,,1544,,1545310976,256608814,"""imu_link""",,-0.0625095570815,0.509088570709,1.6223722775
1545310976308407333,,1545,,1545310976,307778783,"""imu_link""",,-0.0949148182679,0.534207441807,1.59667816508
1545310976358116805,,1546,,1545310976,357286399,"""imu_link""",,-0.1284705621,0.561819025303,1.57309327085
1545310976407950394,,1547,,1545310976,407115787,"""imu_link""",,-0.162793294362,0.573132104652,1.55123410058
1545310976460406264,,1548,,1545310976,459841599,"""imu_link""",,-0.192322348935,0.590197597229,1.53090890717
1545310976509423776,,1549,,1545310976,508773503,"""imu_link""",,-0.216674231601,0.603044653439,1.51499389724
1545310976560003811,,1550,,1545310976,559393678,"""imu_link""",,-0.246586780389,0.619918398909,1.49486045094
1545310976609402056,,1551,,1545310976,608548964,"""imu_link""",,-0.280717765544,0.631998466689,1.47472700464
1545310976659706165,,1552,,1545310976,659171727,"""imu_link""",,-0.312547785407,0.656925590678,1.45497705256
1545310976709978657,,1553,,1545310976,709430236,"""imu_link""",,-0.346678770562,0.676483795655,1.43369312361
1545310976761742251,,1554,,1545310976,761112544,"""imu_link""",,-0.387137410268,0.693165794017,1.40972473516
1545310976812410950,,1555,,1545310976,811671632,"""imu_link""",,-0.424911590468,0.706012850227,1.38824905911
1545310976861408633,,1556,,1545310976,860712835,"""imu_link""",,-0.456741610331,0.721544365943,1.36888260124
1545310976913159338,,1557,,1545310976,912533812,"""imu_link""",,-0.487996388872,0.740910823812,1.35354283263
1545310976961704695,,1558,,1545310976,961316003,"""imu_link""",,-0.521552132704,0.771973855245,1.33283414501
1545310977015592432,,1559,,1545310977,14563717,"""imu_link""",,-0.563353002164,0.789422842038,1.31461816979
1545310977064033554,,1560,,1545310977,63250674,"""imu_link""",,-0.595950010458,0.812049000736,1.2998536425
1545310977117580971,,1561,,1545310977,116061589,"""imu_link""",,-0.631998466689,0.828539251991,1.28815706894
1545310977165657433,,1562,,1545310977,164096552,"""imu_link""",,-0.661719268369,0.851932399119,1.27799447223
1545310977216519792,,1563,,1545310977,215059663,"""imu_link""",,-0.697000736169,0.868806144589,1.26418868048
1545310977265323618,,1564,,1545310977,264686953,"""imu_link""",,-0.73228220397,0.881844947907,1.25249210692
1545310977317563897,,1565,,1545310977,316911101,"""imu_link""",,-0.747621972579,0.924221058689,1.26054548544
1545310977368747846,,1566,,1545310977,368027215,"""imu_link""",,-0.750881673408,0.97311657113,1.28643134497
1545310977417745856,,1567,,1545310977,417122767,"""imu_link""",,-0.726529790741,1.03831058772,1.33571035162
1545310977467946320,,1568,,1545310977,467299463,"""imu_link""",,-0.70735507998,1.07972796296,1.37655248555
1545310977519229976,,1569,,1545310977,518583104,"""imu_link""",,-0.694124529555,1.12766473987,1.40742376987
1545310977567810922,,1570,,1545310977,567391475,"""imu_link""",,-0.688755610542,1.17330055148,1.4283242046
1545310977619280731,,1571,,1545310977,617858312,"""imu_link""",,-0.663828486552,1.22123732838,1.45957898314
1545310977671322874,,1572,,1545310977,670657368,"""imu_link""",,-0.621260628662,1.26265470362,1.49716141623
1545310977721686712,,1573,,1545310977,721090169,"""imu_link""",,-0.570447645145,1.31116672185,1.53646957329
1545310977768689548,,1574,,1545310977,768153810,"""imu_link""",,-0.533823947591,1.35124186734,1.56657386919
1545310977821502988,,1575,,1545310977,820850333,"""imu_link""",,-0.514073995507,1.39208400126,1.58651556838
1545310977872376136,,1576,,1545310977,871791659,"""imu_link""",,-0.478984274814,1.4407877666,1.61105919815
1545310977921345018,,1577,,1545310977,920764830,"""imu_link""",,-0.430855750804,1.47146730381,1.64173873537
1545310977971061677,,1578,,1545310977,970622780,"""imu_link""",,-0.374482101166,1.50789925426,1.66647411225
1545310978022123672,,1579,,1545310978,21425231,"""imu_link""",,-0.334215208567,1.53685306751,1.68469008748
1545310978072070874,,1580,,1545310978,71471766,"""imu_link""",,-0.313506520945,1.58076315515,1.69945461476
1545310978124020571,,1581,,1545310978,123361805,"""imu_link""",,-0.244669309313,1.6425057238,1.71671185445
1545310978171725786,,1582,,1545310978,171289530,"""imu_link""",,-0.152630697659,1.68814153541,1.73396909413
1545310978220995973,,1583,,1545310978,220388040,"""imu_link""",,-0.0561819025303,1.72035504949,1.74451518505
1545310978274657825,,1584,,1545310978,274167727,"""imu_link""",,0.0358567091234,1.76541561978,1.75563651729
1545310978326316224,,1585,,1545310978,324720060,"""imu_link""",,0.130004538961,1.82159752231,1.76982580326
1545310978376341288,,1586,,1545310978,375829632,"""imu_link""",,0.181009269586,1.83176011902,1.78631605451
1545310978424680982,,1587,,1545310978,423782468,"""imu_link""",,0.163943777008,1.83578680828,1.81488637355
1545310978475301809,,1588,,1545310978,474795458,"""imu_link""",,0.14937099683,1.86589110417,1.83943000332
1545310978526648833,,1589,,1545310978,525368663,"""imu_link""",,0.132880745575,1.88468232072,1.86435712731
1545310978577335924,,1590,,1545310978,576810486,"""imu_link""",,0.114856517459,1.90884245628,1.89139346948
1545310978629760445,,1591,,1545310978,629088692,"""imu_link""",,0.100091990173,1.92935939679,1.91670408769
1545310978678073803,,1592,,1545310978,677436717,"""imu_link""",,0.0860944513177,1.95601224475,1.94143946457
1545310978727265207,,1593,,1545310978,726644285,"""imu_link""",,0.0730556480001,1.98093936874,1.96655833567
1545310978777999208,,1594,,1545310978,777312517,"""imu_link""",,0.0623178099739,2.00490775719,1.9926359423
1545310978829390948,,1595,,1545310978,828560216,"""imu_link""",,0.048895512441,2.02561644481,2.02331547952
1545310978879395879,,1596,,1545310978,878785134,"""imu_link""",,0.0400751454909,2.04843435062,2.05188579855
1545310978930277518,,1597,,1545310978,929564742,"""imu_link""",,0.0324052611864,2.07163575064,2.07930563494
1545310978978401365,,1598,,1545310978,977836916,"""imu_link""",,0.0239683884515,2.09176919694,2.10864294241
1545310979031389217,,1599,,1545310979,30599860,"""imu_link""",,0.0170654925775,2.11554583828,2.13682976723
1545310979084843375,,1600,,1545310979,83961868,"""imu_link""",,0.00862861984253,2.13644627301,2.16961852263
1545310979131484229,,1601,,1545310979,130723264,"""imu_link""",,0.00536891901313,2.15792194906,2.19933932431
1545310979180702036,,1602,,1545310979,180012041,"""imu_link""",,0.00153397686089,2.17805539536,2.23116934417
1545310979231065412,,1603,,1545310979,230591325,"""imu_link""",,-0.00172572396851,2.20029805985,2.26127364007
1545310979284261623,,1604,,1545310979,283519638,"""imu_link""",,-0.00364319504463,2.22100674747,2.29176143018
1545310979335125590,,1605,,1545310979,334340761,"""imu_link""",,-0.00824512562731,2.23979796401,2.32723464509
1545310979381894202,,1606,,1545310979,381119088,"""imu_link""",,-0.0065194016588,2.25322026155,2.35848942363
1545310979436211956,,1607,,1545310979,435656044,"""imu_link""",,-0.00594416033597,2.27028575412,2.3905111906
1545310979484560912,,1608,,1545310979,483984744,"""imu_link""",,-0.00556066612074,2.29348715415,2.42157422203
1545310979535966120,,1609,,1545310979,534673526,"""imu_link""",,-0.00287620661418,2.31860602524,2.45187026503
1545310979586244001,,1610,,1545310979,585269826,"""imu_link""",,0.0331722496169,2.28792648802,2.45915665512
1545310979637074555,,1611,,1545310979,636413942,"""imu_link""",,0.0964487951288,2.2898439591,2.43921495593
1545310979687624951,,1612,,1545310979,686966613,"""imu_link""",,0.158766605103,2.34449188477,2.4133290964
1545310979736565501,,1613,,1545310979,735688883,"""imu_link""",,0.220700920861,2.34717634428,2.38725148977
1545310979787335130,,1614,,1545310979,785374505,"""imu_link""",,0.294331810184,2.38514227158,2.34890206825
1545310979838583900,,1615,,1545310979,837823935,"""imu_link""",,0.340734610226,2.40412523524,2.33682200047
1545310979889827848,,1616,,1545310979,888078898,"""imu_link""",,0.384836444977,2.4334625427,2.32416669136
1545310979939605114,,1617,,1545310979,939036412,"""imu_link""",,0.439676117754,2.47008624026,2.29713034919
1545310979989261705,,1618,,1545310979,988518752,"""imu_link""",,0.514265742615,2.53470501552,2.22292421854
1545310980040354853,,1619,,1545310980,39588529,"""imu_link""",,0.592498562521,2.60910289327,2.14296567467
1545310980090657126,,1620,,1545310980,89880901,"""imu_link""",,0.663444992337,2.69404686195,2.06415761344
1545310980140459734,,1621,,1545310980,139768926,"""imu_link""",,0.727296779172,2.81676501082,1.95754622161
1545310980193767808,,1622,,1545310980,193161524,"""imu_link""",,0.780794222195,2.94811177953,1.85381103639
1545310980245285874,,1623,,1545310980,244502594,"""imu_link""",,0.826621780915,3.05721588376,1.7707845388
1545310980293721681,,1624,,1545310980,293067392,"""imu_link""",,0.865929937975,3.11071332679,1.71747884288
1545310980343727707,,1625,,1545310980,342975259,"""imu_link""",,0.902937129744,-3.1337229797,1.68469008748
1545310980394697203,,1626,,1545310980,393983317,"""imu_link""",,0.936492873576,-3.12777881936,1.67145953705
1545310980443900741,,1627,,1545310980,443116676,"""imu_link""",,0.96506319261,3.11627399291,1.69140123624
1545310980493054278,,1628,,1545310980,492237897,"""imu_link""",,0.985004891802,3.06181781435,1.72936716355
1545310980546835532,,1629,,1545310980,545693052,"""imu_link""",,1.01491744059,-3.10783712017,1.68603231723
1545310980595292835,,1630,,1545310980,594628351,"""imu_link""",,1.03658486375,-2.85262171994,1.49447695673
1545310980646843111,,1631,,1545310980,645699268,"""imu_link""",,1.04674746045,-2.65090376273,1.31059148053
1545310980694673033,,1632,,1545310980,694183178,"""imu_link""",,1.03735185218,-2.51437982211,1.13015745226
1545310980748042859,,1633,,1545310980,747348933,"""imu_link""",,1.01664316456,-2.38418353605,0.956434572768
1545310980797958853,,1634,,1545310980,796977768,"""imu_link""",,0.981745190973,-2.29022745332,0.813582977597
1545310980846004216,,1635,,1545310980,844453709,"""imu_link""",,0.940327815729,-2.1991475772,0.69930170146
1545310980898441714,,1636,,1545310980,897767974,"""imu_link""",,0.897951704946,-2.0806478647,0.599209711287
1545310980947697434,,1637,,1545310980,947006057,"""imu_link""",,0.843303779277,-1.98688352907,0.508321582279
1545310980999826077,,1638,,1545310980,999182225,"""imu_link""",,0.782903440379,-1.90002208933,0.434882440064
1545310981047698320,,1639,,1545310981,47063541,"""imu_link""",,0.716942435361,-1.83751253224,0.370071917691
1545310981101099816,,1640,,1545310981,100537602,"""imu_link""",,0.65596685514,-1.78650780162,0.31638272756
1545310981150305253,,1641,,1545310981,149655531,"""imu_link""",,0.598059228641,-1.74183072555,0.272089145701
1545310981201105386,,1642,,1545310981,200376538,"""imu_link""",,0.53631665999,-1.70808323461,0.234890206825
1545310981251956568,,1643,,1545310981,251287104,"""imu_link""",,0.476491562415,-1.67567797342,0.20555289936
1545310981301459147,,1644,,1545310981,301051422,"""imu_link""",,0.412448028473,-1.6449984362,0.177941315864
1545310981348776051,,1645,,1545310981,348221838,"""imu_link""",,0.371030653229,-1.6223722775,0.155315157166
1545310981402201605,,1646,,1545310981,401255655,"""imu_link""",,0.322710382111,-1.59265147582,0.134031228221
1545310981452419029,,1647,,1545310981,451895532,"""imu_link""",,0.271513904378,-1.56791609894,0.116582241428
1545310981502631002,,1648,,1545310981,501958063,"""imu_link""",,0.218783449785,-1.54241373363,0.102584702572
1545310981553357602,,1649,,1545310981,552818320,"""imu_link""",,0.166052995192,-1.51940408072,0.0868614397482
1545310981602658801,,1650,,1545310981,602037910,"""imu_link""",,0.113514287706,-1.50272208235,0.0753566132915
1545310981653133525,,1651,,1545310981,652607597,"""imu_link""",,0.0634682926195,-1.47702796993,0.0663444992337
1545310981704875341,,1652,,1545310981,703865524,"""imu_link""",,0.00556066612074,-1.44884114512,0.0634682926195
1545310981755554628,,1653,,1545310981,754458800,"""imu_link""",,-0.0511964777324,-1.42563974509,0.0604003388977
1545310981805088791,,1654,,1545310981,804235507,"""imu_link""",,-0.107953621585,-1.40646503433,0.0579076264988
1545310981853640046,,1655,,1545310981,853041345,"""imu_link""",,-0.161259317502,-1.3828801401,0.0565653967455
1545310981906570091,,1656,,1545310981,905831377,"""imu_link""",,-0.211497059696,-1.36581464752,0.0527304545933
1545310981957804489,,1657,,1545310981,957311989,"""imu_link""",,-0.262310043213,-1.34894090205,0.0534974430237
1545310982007096342,,1658,,1545310982,6398705,"""imu_link""",,-0.307178866394,-1.33455986898,0.0531139488085
1545310982056274497,,1659,,1545310982,55388902,"""imu_link""",,-0.356841367266,-1.31174196317,0.0580993736064
1545310982106564563,,1660,,1545310982,105884680,"""imu_link""",,-0.40784609789,-1.29141676977,0.0625095570815
1545310982158489537,,1661,,1545310982,157926877,"""imu_link""",,-0.458850828515,-1.26879061107,0.0678784760946
1545310982209970022,,1662,,1545310982,209415818,"""imu_link""",,-0.511389536001,-1.2367688441,0.0749731190762
1545310982259241333,,1663,,1545310982,258745890,"""imu_link""",,-0.551656428599,-1.20800677795,0.0776575785828
1545310982312971561,,1664,,1545310982,311134818,"""imu_link""",,-0.599017964179,-1.1840383895,0.0830264975959
1545310982360523744,,1665,,1545310982,359723446,"""imu_link""",,-0.651364924557,-1.15796078287,0.0926138529765
1545310982411387405,,1666,,1545310982,410704222,"""imu_link""",,-0.709464298164,-1.12632251011,0.114089529029
1545310982461332674,,1667,,1545310982,460808082,"""imu_link""",,-0.764687465156,-1.07761874478,0.142276353848
1545310982512857622,,1668,,1545310982,512016456,"""imu_link""",,-0.81492520735,-1.03926932326,0.169696190236
1545310982563188720,,1669,,1545310982,562615593,"""imu_link""",,-0.862670237146,-0.999961166196,0.201909704315
1545310982612083193,,1670,,1545310982,611380107,"""imu_link""",,-0.902553635529,-0.950873906647,0.234506712609
1545310982665955490,,1671,,1545310982,663364953,"""imu_link""",,-0.94262878102,-0.897759957839,0.276307582069
1545310982714535466,,1672,,1545310982,714030295,"""imu_link""",,-0.978485490143,-0.846755227214,0.310438567224
1545310982765656612,,1673,,1545310982,764051548,"""imu_link""",,-1.01702665877,-0.782519946164,0.35971757388
1545310982816328419,,1674,,1545310982,814629129,"""imu_link""",,-1.04885667864,-0.706396344442,0.416091223518
1545310982868342355,,1675,,1545310982,867633939,"""imu_link""",,-1.09008230677,-0.606687848484,0.497391997145
1545310982915932648,,1676,,1545310982,915104014,"""imu_link""",,-1.13303365888,-0.485311929366,0.611098031959
1545310982966080733,,1677,,1545310982,965322521,"""imu_link""",,-1.168890368,-0.352431183791,0.733624433723
1545310983015829182,,1678,,1545310983,15247615,"""imu_link""",,-1.18768158455,-0.251188710972,0.823937321408
1545310983068094117,,1679,,1545310983,66995883,"""imu_link""",,-1.20206261762,-0.151671962121,0.904662853713
1545310983118344106,,1680,,1545310983,117637365,"""imu_link""",,-1.21069123746,-0.0717134182468,0.966788916579
1545310983167662667,,1681,,1545310983,167017195,"""imu_link""",,-1.22008684573,0.0628930512967,1.08145368693
1545310983218981957,,1682,,1545310983,218200334,"""imu_link""",,-1.21529316804,0.282443489512,1.29084152844
1545310983267973251,,1683,,1545310983,267259363,"""imu_link""",,-1.18979080273,0.496433261607,1.49236773854
1545310983318844061,,1684,,1545310983,318291104,"""imu_link""",,-1.15431758782,0.679360002269,1.66072169903
1545310983368061025,,1685,,1545310983,367414336,"""imu_link""",,-1.10062839769,0.838510101587,1.81354414379
1545310983422051102,,1686,,1545310983,421302523,"""imu_link""",,-1.03811884061,0.965446686826,1.92571620175
1545310983470618419,,1687,,1545310983,469972086,"""imu_link""",,-0.972157835592,1.06247072328,2.02101451423
1545310983522031505,,1688,,1545310983,521298421,"""imu_link""",,-0.907155566112,1.14952391013,2.09790510438
1545310983570386167,,1689,,1545310983,569791394,"""imu_link""",,-0.832182447035,1.21740238623,2.15715496063
1545310983623177413,,1690,,1545310983,622729004,"""imu_link""",,-0.748772455224,1.27262555322,2.2091184268
1545310983673205827,,1691,,1545310983,672640841,"""imu_link""",,-0.665745957628,1.32439727228,2.25628821527
1545310983720444773,,1692,,1545310983,719829179,"""imu_link""",,-0.580801988956,1.37060832521,2.29655510787
1545310983771859799,,1693,,1545310983,771118158,"""imu_link""",,-0.496049767392,1.40167135664,2.32627590955
1545310983822841002,,1694,,1545310983,822257293,"""imu_link""",,-0.407654350783,1.42985818146,2.35081953932
1545310983871783234,,1695,,1545310983,871169966,"""imu_link""",,-0.332105990384,1.45382656991,2.3678850319
1545310983923639365,,1696,,1545310983,922696332,"""imu_link""",,-0.257899859738,1.47894544101,2.38437528315
1545310983973055813,,1697,,1545310983,972417307,"""imu_link""",,-0.182926740662,1.50406431211,2.40374174102
1545310984025467625,,1698,,1545310984,24475342,"""imu_link""",,-0.10354343811,1.51614437989,2.43442127824
1545310984077196327,,1699,,1545310984,76374313,"""imu_link""",,-0.0383494215224,1.53186764271,2.43633874932
1545310984127218221,,1700,,1545310984,126666215,"""imu_link""",,0.0383494215224,1.55315157166,2.44439212784
1545310984175276278,,1701,,1545310984,174480982,"""imu_link""",,0.123293390194,1.5617801915,2.45762267826
1545310984224191668,,1702,,1545310984,223636128,"""imu_link""",,0.204594163822,1.58114664937,2.46970274604
1545310984277940282,,1703,,1545310984,277175974,"""imu_link""",,0.284552707696,1.58804954524,2.48446727333
1545310984328594767,,1704,,1545310984,327658922,"""imu_link""",,0.366620469754,1.59495244112,2.49693083532
1545310984378000168,,1705,,1545310984,377345340,"""imu_link""",,0.439292623539,1.59744515351,2.51016138575
1545310984429577682,,1706,,1545310984,428816738,"""imu_link""",,0.513690501292,1.6047315436,2.52089922377
1545310984477996878,,1707,,1545310984,477530166,"""imu_link""",,0.588088379046,1.61777034692,2.52991133783
1545310984528850069,,1708,,1545310984,528189334,"""imu_link""",,0.657117337786,1.6171951056,2.54716857752
1545310984580498043,,1709,,1545310984,579642729,"""imu_link""",,0.72422882545,1.61125094526,2.56787726514
1545310984630485362,,1710,,1545310984,629847323,"""imu_link""",,0.777534521366,1.60569027914,2.59050342384
1545310984680237514,,1711,,1545310984,679574310,"""imu_link""",,0.823745574301,1.60358106096,2.61274608832
1545310984729483010,,1712,,1545310984,728921894,"""imu_link""",,0.872641086742,1.59763690062,2.63594748834
1545310984781378606,,1713,,1545310984,780811944,"""imu_link""",,0.91770165703,1.57961267251,2.67352992143
1545310984833232012,,1714,,1545310984,832703296,"""imu_link""",,0.958735538059,1.55526078984,2.70727741237
1545310984882673261,,1715,,1545310984,882003637,"""imu_link""",,0.995359235613,1.54068800966,2.73795694959
1545310984931893990,,1716,,1545310984,931128488,"""imu_link""",,1.01990286539,1.51288467906,2.77688161243
1545310984982377383,,1717,,1545310984,981633101,"""imu_link""",,1.05691005716,1.4962026807,2.81293006867
1545310985034903053,,1718,,1545310985,34278100,"""imu_link""",,1.09468423736,1.47127555671,2.84936201911
1545310985086375714,,1719,,1545310985,85371441,"""imu_link""",,1.1286234754,1.44385572032,2.89116288857
1545310985136242588,,1720,,1545310985,134170251,"""imu_link""",,1.16697289693,1.41125871202,2.93583996465
1545310985187130443,,1721,,1545310985,186638787,"""imu_link""",,1.20934900771,1.38709857646,2.97687384567
1545310985235361173,,1722,,1545310985,234842470,"""imu_link""",,1.26035373833,1.34817391362,3.03574020771
1545310985284505881,,1723,,1545310985,283847091,"""imu_link""",,1.31404292846,1.27051633504,3.12912104912
1545310985336742907,,1724,,1545310985,336090348,"""imu_link""",,1.36408892355,1.11500943076,-2.97975005229
1545310985388144205,,1725,,1545310985,387279338,"""imu_link""",,1.41106696492,0.880119223938,-2.73201278925
1545310985438756870,,1726,,1545310985,438106326,"""imu_link""",,1.44769066247,0.490872595486,-2.32244096739
1545310985487092629,,1727,,1545310985,486483322,"""imu_link""",,1.45305958148,0.00441018347507,-1.81028444296
1545310985536783554,,1728,,1545310985,536203187,"""imu_link""",,1.42525625088,-0.395382535896,-1.38690682936
1545310985590014251,,1729,,1545310985,589364954,"""imu_link""",,1.38057917481,-0.634874673303,-1.12076184399
1545310985640342130,,1730,,1545310985,639648351,"""imu_link""",,1.33130016815,-0.799585438741,-0.938218597545
1545310985688593372,,1731,,1545310985,687925489,"""imu_link""",,1.27262555322,-0.904471106605,-0.806871828831
1545310985742195974,,1732,,1545310985,741545560,"""imu_link""",,1.21586840937,-0.9723495827,-0.711765263455
1545310985788672435,,1733,,1545310985,788180208,"""imu_link""",,1.16026174816,-1.01683491167,-0.636600397271
1545310985841076390,,1734,,1545310985,840570863,"""imu_link""",,1.09775219108,-1.04444649516,-0.578309276557
1545310985890374754,,1735,,1545310985,889809791,"""imu_link""",,1.03102419763,-1.06419644725,-0.532289970731
1545310985943175097,,1736,,1545310985,942488560,"""imu_link""",,0.974458800883,-1.07493428527,-0.499117721114
1545310985993822688,,1737,,1545310985,993125022,"""imu_link""",,0.937068114899,-1.06016975799,-0.490680848379
1545310986041865685,,1738,,1545310986,41337521,"""imu_link""",,0.883954166091,-1.05671831005,-0.460001311161
1545310986091167213,,1739,,1545310986,90542201,"""imu_link""",,0.843495526385,-1.0429125183,-0.452714921072
1545310986144760049,,1740,,1545310986,144024275,"""imu_link""",,0.790381577576,-1.04559697781,-0.426637314436
1545310986194704276,,1741,,1545310986,193853776,"""imu_link""",,0.743595283319,-1.04598047202,-0.387904398699
1545310986244722628,,1742,,1545310986,244010506,"""imu_link""",,0.691823564264,-1.03581787532,-0.353581666436
1545310986297070244,,1743,,1545310986,296474804,"""imu_link""",,0.630656236935,-1.0252717844,-0.319834175497
1545310986344355750,,1744,,1545310986,343423713,"""imu_link""",,0.567571438531,-1.02680576126,-0.281101259759
1545310986395369998,,1745,,1545310986,394631990,"""imu_link""",,0.499309468221,-1.0252717844,-0.236232436578
1545310986443990936,,1746,,1545310986,443422265,"""imu_link""",,0.434115451633,-1.02047810671,-0.20075922167
1545310986495244308,,1747,,1545310986,494579917,"""imu_link""",,0.360868056526,-1.02297081911,-0.159341846425
1545310986546005532,,1748,,1545310986,545169399,"""imu_link""",,0.272089145701,-1.02565527862,-0.108720610016
1545310986596123480,,1749,,1545310986,595264272,"""imu_link""",,0.191555360504,-1.01223298108,-0.0724804066773
1545310986649557153,,1750,,1545310986,648802582,"""imu_link""",,0.1284705621,-0.995742729828,-0.0339392380473
1545310986698452902,,1751,,1545310986,697679579,"""imu_link""",,0.0613590744358,-0.982512179403,0.00498542479791
1545310986747272011,,1752,,1545310986,746639341,"""imu_link""",,-0.00766988430447,-0.972733076915,0.0464028000421
1545310986799112114,,1753,,1545310986,798457026,"""imu_link""",,-0.0740143835382,-0.958927285167,0.0857109571025
1545310986848223339,,1754,,1545310986,847678529,"""imu_link""",,-0.141125871202,-0.942245286805,0.124827367055
1545310986900128037,,1755,,1545310986,899512883,"""imu_link""",,-0.208812600189,-0.932466184316,0.15819136378
1545310986950058283,,1756,,1545310986,949467320,"""imu_link""",,-0.255790641554,-0.940136068621,0.184077223307
1545310987001171161,,1757,,1545310986,999880860,"""imu_link""",,-0.273623122562,-0.93860209176,0.181392763801
1545310987049317603,,1758,,1545310987,48786415,"""imu_link""",,-0.261543054783,-0.941094804159,0.147645272861
1545310987100696273,,1759,,1545310987,100000206,"""imu_link""",,-0.22798731095,-0.949339929786,0.113514287706
1545310987152801434,,1760,,1545310987,152128286,"""imu_link""",,-0.212455795234,-0.939177333083,0.0857109571025
1545310987203733211,,1761,,1545310987,202931223,"""imu_link""",,-0.181392763801,-0.93936908019,0.0446770760736
1545310987253751201,,1762,,1545310987,252827475,"""imu_link""",,-0.153781180305,-0.927097265303,0.00498542479791
1545310987304388025,,1763,,1545310987,303693784,"""imu_link""",,-0.129621044746,-0.931123954563,-0.0460193058268
1545310987353442448,,1764,,1545310987,352760580,"""imu_link""",,-0.119266700935,-0.96832289344,-0.120608930688
1545310987404677198,,1765,,1545310987,403824091,"""imu_link""",,-0.123293390194,-1.04118679433,-0.221659656399
1545310987453940667,,1766,,1545310987,453180063,"""imu_link""",,-0.111788563738,-1.0883565828,-0.295098798615
1545310987506502229,,1767,,1545310987,505871799,"""imu_link""",,-0.0678784760946,-1.05134939104,-0.306220130856
1545310987555823393,,1768,,1545310987,555098387,"""imu_link""",,-0.0377741801995,-1.02297081911,-0.328654542447
1545310987605955046,,1769,,1545310987,604856380,"""imu_link""",,-0.00441018347507,-1.01184948687,-0.372948124305
1545310987655308791,,1770,,1545310987,654424441,"""imu_link""",,0.0235848942363,-0.97714326039,-0.408229592106
1545310987707981333,,1771,,1545310987,707376120,"""imu_link""",,0.0441018347507,-0.979060731466,-0.459809564053
1545310987758590227,,1772,,1545310987,758029180,"""imu_link""",,0.0755483603991,-0.947230711603,-0.493365307885
1545310987806014305,,1773,,1545310987,805457613,"""imu_link""",,0.108912357124,-0.922687081828,-0.5315229823
1545310987859354194,,1774,,1545310987,858898437,"""imu_link""",,0.187720418352,-0.829306240421,-0.499884709544
1545310987907054258,,1775,,1545310987,905991556,"""imu_link""",,0.240450872945,-0.654816372494,-0.465753724389
1545310987959391999,,1776,,1545310987,958686637,"""imu_link""",,0.265569744042,-0.643503293145,-0.495858020284
1545310988007606832,,1777,,1545310988,6925561,"""imu_link""",,0.284936201911,-0.602852906332,-0.548013233555
1545310988060240634,,1778,,1545310988,59607645,"""imu_link""",,0.290496868032,-0.576583552589,-0.593073803843
1545310988110805258,,1779,,1545310988,110224015,"""imu_link""",,0.301618200273,-0.571981622006,-0.642928051823
1545310988159962513,,1780,,1545310988,159391008,"""imu_link""",,0.311205555654,-0.525770569072,-0.689330851865
1545310988212853311,,1781,,1545310988,212024472,"""imu_link""",,0.322135140788,-0.486078917796,-0.742828294888
1545310988262016169,,1782,,1545310988,261304915,"""imu_link""",,0.329613277985,-0.456741610331,-0.790573324684
1545310988311286257,,1783,,1545310988,310761310,"""imu_link""",,0.332105990384,-0.429513521051,-0.840044078448
1545310988360752395,,1784,,1545310988,360073436,"""imu_link""",,0.334598702783,-0.399984466478,-0.889898326427
1545310988412633226,,1785,,1545310988,411956693,"""imu_link""",,0.336707920966,-0.359142332557,-0.943012275235
1545310988464569996,,1786,,1545310988,463976571,"""imu_link""",,0.336707920966,-0.31791670442,-0.99401700586
1545310988514722490,,1787,,1545310988,513942987,"""imu_link""",,0.336324426751,-0.284936201911,-1.0429125183
1545310988562995364,,1788,,1545310988,562486110,"""imu_link""",,0.330955507738,-0.259817330814,-1.09410899603
1545310988613482062,,1789,,1545310988,612252594,"""imu_link""",,0.327120565586,-0.23201400021,-1.14319625558
1545310988664595090,,1790,,1545310988,663536990,"""imu_link""",,0.324244358972,-0.199800486132,-1.1940092391
1545310988715262135,,1791,,1545310988,714478142,"""imu_link""",,0.316957968882,-0.163943777008,-1.24501396972
1545310988765691987,,1792,,1545310988,765067759,"""imu_link""",,0.309288084578,-0.13729092905,-1.29525171192
1545310988815953370,,1793,,1545310988,815213601,"""imu_link""",,0.301618200273,-0.111980310845,-1.34433897147
1545310988865661852,,1794,,1545310988,865155395,"""imu_link""",,0.293373074646,-0.0857109571025,-1.39438496655
1545310988917673483,,1795,,1545310988,917121728,"""imu_link""",,0.282251742405,-0.0552231669922,-1.44443096164
1545310988969358564,,1796,,1545310988,968864545,"""imu_link""",,0.258666848168,-0.0107378380263,-1.48604008399
1545310989019403570,,1797,,1545310989,18783464,"""imu_link""",,0.243327079559,0.00632765455119,-1.53781180305
1545310989068093142,,1798,,1545310989,67542641,"""imu_link""",,0.228946046489,0.0258858595276,-1.59284322293
1545310989120394651,,1799,,1545310989,119587092,"""imu_link""",,0.211497059696,0.0561819025303,-1.6373285519
1545310989167044091,,1800,,1545310989,166465791,"""imu_link""",,0.191938854719,0.07708233726,-1.68123863954
1545310989219353318,,1801,,1545310989,218668540,"""imu_link""",,0.171421914205,0.10757012737,-1.72879192223
1545310989271643007,,1802,,1545310989,270851754,"""imu_link""",,0.154548168735,0.118499712504,-1.77308550409
1545310989319811309,,1803,,1545310989,319208428,"""imu_link""",,0.144385572032,0.131538515822,-1.81737908595
1545310989370829920,,1804,,1545310989,370171721,"""imu_link""",,0.130388033176,0.170654925775,-1.86071393227
1545310989421976281,,1805,,1545310989,421272016,"""imu_link""",,0.113897781921,0.217057725817,-1.90232305462
1545310989472902318,,1806,,1545310989,472149145,"""imu_link""",,0.0954900595907,0.281101259759,-1.93798801663
1545310989521625875,,1807,,1545310989,520974187,"""imu_link""",,0.0784245670132,0.318683692851,-1.97902189766
1545310989574557538,,1808,,1545310989,573942482,"""imu_link""",,0.0565653967455,0.33805015072,-2.01602908943
1545310989622353273,,1809,,1545310989,621823967,"""imu_link""",,0.0320217669712,0.352622930898,-2.05284453409
1545310989673914326,,1810,,1545310989,672857274,"""imu_link""",,0.00882036695015,0.368729687938,-2.088317749
1545310989724183427,,1811,,1545310989,723579572,"""imu_link""",,-0.0199416991916,0.384452950762,-2.12129825151
1545310989774670009,,1812,,1545310989,773989161,"""imu_link""",,-0.0498542479791,0.38943837556,-2.15504574245
1545310989825770775,,1813,,1545310989,825151063,"""imu_link""",,-0.0836017389188,0.385795180515,-2.18821799207
1545310989874139984,,1814,,1545310989,873575337,"""imu_link""",,-0.117157482751,0.387137410268,-2.22273247144
1545310989925237548,,1815,,1545310989,924437833,"""imu_link""",,-0.150521479475,0.380234514394,-2.25743869791
1545310989976691837,,1816,,1545310989,975585819,"""imu_link""",,-0.182159752231,0.365853481323,-2.29406239547
1545310990027165962,,1817,,1545310990,26233252,"""imu_link""",,-0.214181519202,0.35492389619,-2.32838512773
1545310990077412979,,1818,,1545310990,76894811,"""imu_link""",,-0.243710573775,0.337474909397,-2.36577581372
1545310990128662944,,1819,,1545310990,127976881,"""imu_link""",,-0.268254203549,0.308712843255,-2.40412523524
1545310990178101577,,1820,,1545310990,177534478,"""imu_link""",,-0.292606086216,0.285127949019,-2.44669309313
1545310990228415144,,1821,,1545310990,227869530,"""imu_link""",,-0.315807486237,0.288195902741,-2.48983619234
1545310990278807749,,1822,,1545310990,278228311,"""imu_link""",,-0.341693345764,0.277458064714,-2.52971959072
1545310990330285551,,1823,,1545310990,329860552,"""imu_link""",,-0.367579205292,0.272856134132,-2.57036997754
1545310990380449936,,1824,,1545310990,379938783,"""imu_link""",,-0.396533018541,0.265377996935,-2.61197909989
1545310990430802900,,1825,,1545310990,430292271,"""imu_link""",,-0.421843636746,0.262501790321,-2.65531394621
1545310990481918412,,1826,,1545310990,481354577,"""imu_link""",,-0.444086301229,0.264419261397,-2.69999102228
1545310990531047706,,1827,,1545310990,530393086,"""imu_link""",,-0.471889631833,0.254640158909,-2.73949092645
1545310990583451514,,1828,,1545310990,582686458,"""imu_link""",,-0.496816755822,0.241601355591,-2.78455149674
1545310990632776326,,1829,,1545310990,631954131,"""imu_link""",,-0.518292431875,0.227412069628,-2.82961206703
1545310990683080729,,1830,,1545310990,682340199,"""imu_link""",,-0.539192866605,0.207662117544,-2.87793233815
1545310990735104762,,1831,,1545310990,734570835,"""imu_link""",,-0.559134565796,0.193281084473,-2.92759483902
1545310990784040563,,1832,,1545310990,783538635,"""imu_link""",,-0.576967046804,0.17985878694,-2.97629860435
1545310990835522039,,1833,,1545310990,835024987,"""imu_link""",,-0.59575826335,0.159725340641,-3.02691984076
1545310990884545677,,1834,,1545310990,883772014,"""imu_link""",,-0.613590744358,0.134031228221,-3.07639059452
1545310990936185080,,1835,,1545310990,934988911,"""imu_link""",,-0.632190213796,0.109871092662,-3.12835406069
1545310990985781478,,1836,,1545310990,985028771,"""imu_link""",,-0.646762993975,0.0860944513177,3.10150946562
1545310991039025223,,1837,,1545310991,38387140,"""imu_link""",,-0.661719268369,0.0684537174174,3.04858726392
1545310991085436568,,1838,,1545310991,84653693,"""imu_link""",,-0.671881865072,0.0421843636746,2.9950898209
1545310991136251571,,1839,,1545310991,135675100,"""imu_link""",,-0.683961932851,0.0124635619948,2.9398666539
1545310991186905788,,1840,,1545310991,186356415,"""imu_link""",,-0.695275012201,-0.0214756760525,2.88368475137
1545310991236593368,,1841,,1545310991,236020540,"""imu_link""",,-0.703136643613,-0.0561819025303,2.82501013645
1545310991287572491,,1842,,1545310991,287055587,"""imu_link""",,-0.706779838657,-0.0834099918112,2.77017046367
1545310991339473299,,1843,,1545310991,338824286,"""imu_link""",,-0.709656045271,-0.117540976966,2.70977012477
1545310991389782578,,1844,,1545310991,389273143,"""imu_link""",,-0.710998275025,-0.150713226583,2.65032852141
1545310991437897862,,1845,,1545310991,437471511,"""imu_link""",,-0.71138176924,-0.183310234877,2.59318788334
1545310991490594700,,1846,,1545310991,490086096,"""imu_link""",,-0.710423033702,-0.21437326631,2.53489676263
1545310991541469920,,1847,,1545310991,540853384,"""imu_link""",,-0.710423033702,-0.246586780389,2.47507166505
1545310991590661790,,1848,,1545310991,590019564,"""imu_link""",,-0.709272551056,-0.268254203549,2.41984849806
1545310991641582218,,1849,,1545310991,641012689,"""imu_link""",,-0.702369655182,-0.294140063077,2.36347484842
1545310991694345505,,1850,,1545310991,693791563,"""imu_link""",,-0.696042000631,-0.320217669712,2.30729294589
1545310991742257668,,1851,,1545310991,741734878,"""imu_link""",,-0.687796875004,-0.344186058163,2.25187803179
1545310991791461029,,1852,,1545310991,790801390,"""imu_link""",,-0.683003197313,-0.364127757355,2.19780534745
1545310991843357315,,1853,,1545310991,842670350,"""imu_link""",,-0.673415841933,-0.389054881344,2.14392441021
1545310991896007389,,1854,,1545310991,895397345,"""imu_link""",,-0.664595474983,-0.414940740872,2.09061871429
1545310991945554614,,1855,,1545310991,944529959,"""imu_link""",,-0.653857636956,-0.438333888001,2.03865524813
1545310991995334417,,1856,,1545310991,994779947,"""imu_link""",,-0.641202327854,-0.45923432273,1.98937624147
1545310992043025697,,1857,,1545310992,42648662,"""imu_link""",,-0.629889248505,-0.471889631833,1.94067247614
1545310992097687734,,1858,,1545310992,96341446,"""imu_link""",,-0.617042192295,-0.490105607056,1.89024298684
1545310992145869585,,1859,,1545310992,145135758,"""imu_link""",,-0.603619894762,-0.506979352526,1.84422368101
1545310992196149016,,1860,,1545310992,195477312,"""imu_link""",,-0.589430608799,-0.522510868242,1.79782088097
1545310992248608369,,1861,,1545310992,247922923,"""imu_link""",,-0.572748610437,-0.53554967156,1.75410254043
1545310992299721191,,1862,,1545310992,298720310,"""imu_link""",,-0.55645010629,-0.549547210416,1.71057594701
1545310992348389856,,1863,,1545310992,347869661,"""imu_link""",,-0.542836061649,-0.559518060011,1.66494013539
1545310992397420096,,1864,,1545310992,396372443,"""imu_link""",,-0.526154063287,-0.571981622006,1.62409800147
1545310992450085838,,1865,,1545310992,449523723,"""imu_link""",,-0.508321582279,-0.581377230279,1.58153014358
1545310992497512632,,1866,,1545310992,496663837,"""imu_link""",,-0.491256089702,-0.590197597229,1.54298897495
1545310992547235181,,1867,,1545310992,546381980,"""imu_link""",,-0.473807102909,-0.597292240211,1.50329732368
1545310992597827260,,1868,,1545310992,597182876,"""imu_link""",,-0.4584673343,-0.597675734426,1.46130470711
1545310992649676888,,1869,,1545310992,649165508,"""imu_link""",,-0.441210094615,-0.603044653439,1.4233387798
1545310992701776545,,1870,,1545310992,701321559,"""imu_link""",,-0.424528096253,-0.608221825345,1.38479761117
1545310992750029123,,1871,,1545310992,749288572,"""imu_link""",,-0.40784609789,-0.612056767497,1.34663993676
1545310992801089640,,1872,,1545310992,800513653,"""imu_link""",,-0.39020536399,-0.612056767497,1.30905750367
1545310992852440688,,1873,,1545310992,851782971,"""imu_link""",,-0.37659131935,-0.609755802206,1.27032458793
1545310992903082758,,1874,,1545310992,902518205,"""imu_link""",,-0.360292815203,-0.609947549313,1.23235866062
1545310992954117247,,1875,,1545310992,953700651,"""imu_link""",,-0.344186058163,-0.609947549313,1.19765243414
1545310993004117083,,1876,,1545310993,3535831,"""imu_link""",,-0.327312312693,-0.606879595592,1.16064524237
1545310993051081779,,1877,,1545310993,50540914,"""imu_link""",,-0.311397302762,-0.605153871623,1.12478853325
1545310993104494720,,1878,,1545310993,103676859,"""imu_link""",,-0.298550246552,-0.599593205502,1.08643911173
1545310993154967849,,1879,,1545310993,154459148,"""imu_link""",,-0.283593972158,-0.59575826335,1.04943191996
1545310993205819672,,1880,,1545310993,204405093,"""imu_link""",,-0.268637697764,-0.590389344337,1.01338346373
1545310993255932546,,1881,,1545310993,255183499,"""imu_link""",,-0.254831906016,-0.586170907969,0.976951513282
1545310993305447888,,1882,,1545310993,304495730,"""imu_link""",,-0.241409608483,-0.58214421871,0.939944321513
1545310993356351198,,1883,,1545310993,354929142,"""imu_link""",,-0.231055264672,-0.573515598867,0.901786647099
1545310993407406135,,1884,,1545310993,406067153,"""imu_link""",,-0.217632967139,-0.564311737702,0.863437225576
1545310993457537138,,1885,,1545310993,456667040,"""imu_link""",,-0.204210669607,-0.552998658353,0.825279551161
1545310993507058449,,1886,,1545310993,506563369,"""imu_link""",,-0.190404877859,-0.537850636851,0.787888865177
1545310993556098386,,1887,,1545310993,555492101,"""imu_link""",,-0.178133062971,-0.520785144274,0.750306432085
1545310993608896674,,1888,,1545310993,608215002,"""imu_link""",,-0.17103841999,-0.508513329387,0.71214875767
1545310993660738119,,1889,,1545310993,660310716,"""imu_link""",,-0.16298504147,-0.506979352526,0.67360758904
1545310993709229522,,1890,,1545310993,708607791,"""imu_link""",,-0.152247203444,-0.505445375665,0.636216903056
1545310993758460123,,1891,,1545310993,757843013,"""imu_link""",,-0.138633158803,-0.501226939297,0.598634469964
1545310993809310155,,1892,,1545310993,808551702,"""imu_link""",,-0.124252125732,-0.493365307885,0.562394266626
1545310993860865282,,1893,,1545310993,860144518,"""imu_link""",,-0.113897781921,-0.48895512441,0.525003580641
1545310993912326945,,1894,,1545310993,911709201,"""imu_link""",,-0.111213322415,-0.480326504568,0.482819216967
1545310993961624772,,1895,,1545310993,961071632,"""imu_link""",,-0.104310426541,-0.47131439051,0.443894554121
1545310994011670573,,1896,,1545310994,11097558,"""imu_link""",,-0.0981745190973,-0.460960046699,0.403435914415
1545310994061953230,,1897,,1545310994,61584671,"""imu_link""",,-0.0903128876852,-0.44964696735,0.362977274709
1545310994113530720,,1898,,1545310994,112738826,"""imu_link""",,-0.0807255323046,-0.434307198741,0.322135140788
1545310994166140423,,1899,,1545310994,164966430,"""imu_link""",,-0.0738226364306,-0.41513248798,0.281101259759
1545310994215213998,,1900,,1545310994,213913741,"""imu_link""",,-0.0667279934489,-0.400559707801,0.239492137407
1545310994266260902,,1901,,1545310994,264825040,"""imu_link""",,-0.0627013041891,-0.388863134237,0.196924279517
1545310994313865317,,1902,,1545310994,313177790,"""imu_link""",,-0.0580993736064,-0.375632583812,0.155890398488
1545310994363544344,,1903,,1545310994,362960245,"""imu_link""",,-0.054839672777,-0.361826792064,0.111405069522
1545310994415908833,,1904,,1545310994,414968425,"""imu_link""",,-0.0542644314542,-0.345336540809,0.0674949818794
1545310994466476291,,1905,,1545310994,465580808,"""imu_link""",,-0.05138822484,-0.331339001953,0.0235848942363
1545310994517319336,,1906,,1545310994,516747063,"""imu_link""",,-0.0498542479791,-0.315423992021,-0.0220509173754
1545310994566930389,,1907,,1545310994,566000575,"""imu_link""",,-0.0496625008715,-0.299892476305,-0.0674949818794
1545310994616780767,,1908,,1545310994,614872280,"""imu_link""",,-0.0502377421943,-0.283593972158,-0.113706034814
1545310994667256314,,1909,,1545310994,666739660,"""imu_link""",,-0.0531139488085,-0.264419261397,-0.158574857995
1545310994718311728,,1910,,1545310994,717574065,"""imu_link""",,-0.0554149140998,-0.247929010142,-0.206511634898
1545310994769944175,,1911,,1545310994,769301805,"""imu_link""",,-0.0590581091445,-0.233739724179,-0.254064917586
1545310994817090621,,1912,,1545310994,816583324,"""imu_link""",,-0.0628930512967,-0.220700920861,-0.30027597052
1545310994869979046,,1913,,1545310994,869382304,"""imu_link""",,-0.068645464525,-0.206703382006,-0.348979735854
1545310994921151614,,1914,,1545310994,920485031,"""imu_link""",,-0.0761236017219,-0.188103912567,-0.396533018541
1545310994970708315,,1915,,1545310994,970023817,"""imu_link""",,-0.0820677620579,-0.171997155528,-0.446003772305
1545310995021392891,,1916,,1545310995,20690346,"""imu_link""",,-0.0883954166091,-0.155123410058,-0.494899284746
1545310995069905946,,1917,,1545310995,69491839,"""imu_link""",,-0.0949148182679,-0.139400147234,-0.544561785618
1545310995121545231,,1918,,1545310995,120915267,"""imu_link""",,-0.102392955465,-0.125977849701,-0.594799527812
1545310995170690000,,1919,,1545310995,170070243,"""imu_link""",,-0.11159681663,-0.114473023244,-0.645420764221
1545310995224007955,,1920,,1545310995,223317092,"""imu_link""",,-0.123293390194,-0.0975992777744,-0.695083265093
1545310995272559723,,1921,,1545310995,271955511,"""imu_link""",,-0.132305504252,-0.0834099918112,-0.743787030426
1545310995325444792,,1922,,1545310995,324903444,"""imu_link""",,-0.143043342278,-0.0692207058479,-0.794600013944
1545310995372234342,,1923,,1545310995,371567718,"""imu_link""",,-0.156657386919,-0.0588663620368,-0.846371732999
1545310995422393346,,1924,,1545310995,421811572,"""imu_link""",,-0.170846672882,-0.048895512441,-0.899677428915
1545310995473526234,,1925,,1545310995,472978973,"""imu_link""",,-0.18791216546,-0.0339392380473,-0.950490412432
1545310995525601289,,1926,,1545310995,524587779,"""imu_link""",,-0.204210669607,-0.0205169405145,-1.00322086703
1545310995573866028,,1927,,1545310995,573279963,"""imu_link""",,-0.219358691108,-0.000766988430447,-1.05633481583
1545310995625618094,,1928,,1545310995,624843561,"""imu_link""",,-0.236999425008,0.0149562743937,-1.10964051175
1545310995675174191,,1929,,1545310995,674579953,"""imu_link""",,-0.255790641554,0.0247353768819,-1.15891951841
1545310995727068230,,1930,,1545310995,726492281,"""imu_link""",,-0.276115834961,0.0270363421733,-1.21375919118
1545310995777264926,,1931,,1545310995,776235681,"""imu_link""",,-0.295674039937,0.026652847958,-1.26802362264
1545310995827346475,,1932,,1545310995,826771991,"""imu_link""",,-0.315423992021,0.0293373074646,-1.32382203095
1545310995879405151,,1933,,1545310995,878822386,"""imu_link""",,-0.335173944106,0.0331722496169,-1.38057917481
1545310995927145827,,1934,,1545310995,926608874,"""imu_link""",,-0.356266125943,0.0348979735854,-1.43676107734
