rosbagTimestamp,header,seq,stamp,secs,nsecs,frame_id,child_frame_id,transform,translation,x,y,z,rotation,x,y,z,w
1545310743148264103,,96,,1545310743,129344814,"""/world""","""vicon/palm/palm""",,,-2.94382082611,1.08082398135,0.135009738505,,-0.137637890699,0.0438041511943,0.983128307101,0.1122307407
1545310751528646664,,97,,1545310751,509207854,"""/world""","""vicon/palm/palm""",,,-2.97033928219,1.1017833561,0.107163909117,,-0.170479586974,0.0245219585959,0.978920166321,0.109775643664
1545310751541071008,,98,,1545310751,519214259,"""/world""","""vicon/palm/palm""",,,-2.97010193361,1.1016019412,0.10734528182,,-0.170450823411,0.0245432840349,0.97891704699,0.109843338986
1545310751549619360,,99,,1545310751,529171793,"""/world""","""vicon/palm/palm""",,,-2.97003035252,1.10147332102,0.107382814861,,-0.170380606824,0.0246024765237,0.978931463061,0.10981055321
1545310751558260002,,100,,1545310751,539385709,"""/world""","""vicon/palm/palm""",,,-2.97021386057,1.10162798876,0.107228215698,,-0.170092123219,0.0245272561667,0.978945654205,0.110147580261
1545310751568750016,,101,,1545310751,549189299,"""/world""","""vicon/palm/palm""",,,-2.97037880073,1.10177979596,0.107101231377,,-0.169980190171,0.0248081731709,0.97900272416,0.109749512897
1545310751579686791,,102,,1545310751,559344574,"""/world""","""vicon/palm/palm""",,,-2.96993630938,1.10146576178,0.107550339901,,-0.171121932007,0.0242056483807,0.97883730224,0.109585157374
1545310751590203618,,103,,1545310751,569297548,"""/world""","""vicon/palm/palm""",,,-2.97003567781,1.10155540813,0.10747620205,,-0.171170797312,0.0243221631368,0.97882061172,0.109632114823
1545310751598798121,,104,,1545310751,579709920,"""/world""","""vicon/palm/palm""",,,-2.97021718205,1.10174611347,0.107362155767,,-0.170961741777,0.0240249908035,0.978887944665,0.109422458644
1545310751608795730,,105,,1545310751,589683132,"""/world""","""vicon/palm/palm""",,,-2.96975885432,1.10144371727,0.10771685611,,-0.171459349574,0.0240696561687,0.978811311577,0.10931952902
1545310751618244215,,106,,1545310751,599149936,"""/world""","""vicon/palm/palm""",,,-2.96969831701,1.10135226809,0.107731739889,,-0.171246657984,0.0240243514169,0.978809072579,0.10968232358
1545310751628587925,,107,,1545310751,609314521,"""/world""","""vicon/palm/palm""",,,-2.97035014744,1.10180092914,0.107115441666,,-0.170109428671,0.0249423624274,0.978964298074,0.109861567123
1545310751639398142,,108,,1545310751,619348072,"""/world""","""vicon/palm/palm""",,,-2.9699755706,1.10149736276,0.10739120614,,-0.17086935724,0.0241697434585,0.978851924948,0.109856248267
1545310751648488790,,109,,1545310751,629327212,"""/world""","""vicon/palm/palm""",,,-2.97026822655,1.10166752228,0.107178798862,,-0.170061360236,0.0247589965001,0.978965159129,0.109969737009
1545310751658218591,,110,,1545310751,639258924,"""/world""","""vicon/palm/palm""",,,-2.9696886674,1.10129941945,0.107725319217,,-0.171095857906,0.0240859922267,0.978852433724,0.109517055191
1545310751668305111,,111,,1545310751,649290140,"""/world""","""vicon/palm/palm""",,,-2.97006060133,1.10164581231,0.107413053031,,-0.170713162181,0.0243636491413,0.978884041631,0.10977004099
1545310751679057178,,112,,1545310751,659971921,"""/world""","""vicon/palm/palm""",,,-2.97005357928,1.10158808781,0.10731892479,,-0.172367597768,0.0236619772497,0.978634138667,0.109566165894
1545310751690124608,,113,,1545310751,669489286,"""/world""","""vicon/palm/palm""",,,-2.96976621691,1.10139071083,0.107681113436,,-0.17128508401,0.0241518074007,0.978808372986,0.109600543646
1545310751700542429,,114,,1545310751,679140974,"""/world""","""vicon/palm/palm""",,,-2.9701157703,1.10167099466,0.107399328466,,-0.170938794185,0.0244052840573,0.978870950191,0.109526132152
1545310751708882325,,115,,1545310751,689278278,"""/world""","""vicon/palm/palm""",,,-2.97001573829,1.10155469841,0.10743288585,,-0.170657578269,0.0244292573888,0.97889723903,0.109724189594
1545310751719346049,,116,,1545310751,699192997,"""/world""","""vicon/palm/palm""",,,-2.97021300673,1.10167916111,0.107289807012,,-0.170253452582,0.0242066021729,0.978980920497,0.109654729028
1545310751728988079,,117,,1545310751,709300818,"""/world""","""vicon/palm/palm""",,,-2.97026222449,1.10170833565,0.107236607292,,-0.17019162584,0.0243634287666,0.978990581671,0.109629716923
1545310751738892969,,118,,1545310751,719356626,"""/world""","""vicon/palm/palm""",,,-2.97000867392,1.10150298578,0.10741619844,,-0.17048324405,0.024423228805,0.978909021261,0.109891298508
1545310751749237218,,119,,1545310751,729242955,"""/world""","""vicon/palm/palm""",,,-2.97011151333,1.10161296737,0.107369481897,,-0.170424711638,0.0242366286613,0.978949248747,0.109664816014
1545310751758779647,,120,,1545310751,739659998,"""/world""","""vicon/palm/palm""",,,-2.97000331067,1.10148952675,0.107433613485,,-0.170653895625,0.0243914910277,0.978868776411,0.109991916252
1545310751768524335,,121,,1545310751,749019248,"""/world""","""vicon/palm/palm""",,,-2.9701038087,1.10164368155,0.107344115536,,-0.17062616029,0.0248498467481,0.978922808969,0.109450137606
1545310751778903021,,122,,1545310751,759091331,"""/world""","""vicon/palm/palm""",,,-2.96997342948,1.10158536831,0.107510299211,,-0.170993520842,0.0241850368816,0.978838925498,0.109775487929
1545310751794704665,,123,,1545310751,769327709,"""/world""","""vicon/palm/palm""",,,-2.97004217815,1.10158988561,0.107479380274,,-0.170905428349,0.0239547724203,0.978866660519,0.109715834606
1545310751799052963,,124,,1545310751,779331881,"""/world""","""vicon/palm/palm""",,,-2.97001047531,1.10159100502,0.107453105363,,-0.170840684862,0.0243692850037,0.978848985476,0.109882946708
1545310751808809645,,125,,1545310751,789413275,"""/world""","""vicon/palm/palm""",,,-2.97003428433,1.10155091994,0.107442621587,,-0.170768991213,0.0242547924207,0.978869071901,0.109840779133
1545310751819551983,,126,,1545310751,799318886,"""/world""","""vicon/palm/palm""",,,-2.97024960101,1.10167207826,0.107238883516,,-0.170097941212,0.0243409266584,0.978996565291,0.109726636846
1545310751828592337,,127,,1545310751,809167507,"""/world""","""vicon/palm/palm""",,,-2.97011089212,1.10158484188,0.107350515821,,-0.170408196093,0.024485439276,0.978960353652,0.109536002965
1545310751837824308,,128,,1545310751,819142943,"""/world""","""vicon/palm/palm""",,,-2.97012903749,1.10156984591,0.107347139307,,-0.17059255757,0.0244307512924,0.978888137265,0.10990601628
1545310751849104781,,129,,1545310751,829296241,"""/world""","""vicon/palm/palm""",,,-2.96989945338,1.10143742781,0.107568484191,,-0.171028713185,0.0240612497065,0.978818057817,0.109933822003
1545310751859322055,,130,,1545310751,839223240,"""/world""","""vicon/palm/palm""",,,-2.97001470548,1.10149965379,0.107434063643,,-0.170658676718,0.0243953955914,0.97888506657,0.109838550525
1545310751869275431,,131,,1545310751,849442133,"""/world""","""vicon/palm/palm""",,,-2.97010375677,1.10163396674,0.10744374506,,-0.171106272313,0.0241568211947,0.97884918197,0.109514248026
1545310751880734871,,132,,1545310751,859161888,"""/world""","""vicon/palm/palm""",,,-2.969918873,1.10149026926,0.107571333086,,-0.17126767458,0.0242755901656,0.978823408594,0.1094660411
1545310751888597038,,133,,1545310751,869819616,"""/world""","""vicon/palm/palm""",,,-2.9697683079,1.10135908094,0.107686320604,,-0.171299591213,0.0241021113463,0.978810273528,0.109571833582
1545310751898870639,,134,,1545310751,879254814,"""/world""","""vicon/palm/palm""",,,-2.96996801963,1.10153527416,0.107490769216,,-0.170758335366,0.0242554756951,0.978890545213,0.109665688774
1545310751909606388,,135,,1545310751,889369233,"""/world""","""vicon/palm/palm""",,,-2.96996905789,1.10147499394,0.107487544519,,-0.170868844385,0.024423289605,0.978875873779,0.109587246867
1545310751919426173,,136,,1545310751,899321909,"""/world""","""vicon/palm/palm""",,,-2.97012399928,1.10156292415,0.107392797249,,-0.170692353663,0.0240775096302,0.978888904177,0.109822161748
1545310751929034605,,137,,1545310751,909381284,"""/world""","""vicon/palm/palm""",,,-2.97017435092,1.10159669494,0.107319288122,,-0.170504273728,0.0245176738149,0.978963313711,0.10935267129
1545310751939076365,,138,,1545310751,919419905,"""/world""","""vicon/palm/palm""",,,-2.97035162035,1.10174822853,0.107147395661,,-0.169933267888,0.0245204726362,0.979042560491,0.109531254142
1545310751948957437,,139,,1545310751,929295666,"""/world""","""vicon/palm/palm""",,,-2.97008798384,1.10158334981,0.107355579273,,-0.171321589926,0.0242119820722,0.978838385594,0.109261647606
1545310751959371507,,140,,1545310751,939096786,"""/world""","""vicon/palm/palm""",,,-2.97004202091,1.10156220248,0.10744410387,,-0.170815464293,0.0244009136389,0.978912898014,0.109344458819
1545310751967960351,,141,,1545310751,949190838,"""/world""","""vicon/palm/palm""",,,-2.97003195572,1.10162858664,0.107428527669,,-0.170783780217,0.024403430063,0.978849237427,0.10996155421
1545310751978126476,,142,,1545310751,959313263,"""/world""","""vicon/palm/palm""",,,-2.97010280331,1.10158603038,0.107438148364,,-0.170845371733,0.0240041537399,0.978906358889,0.109444050032
1545310751988460571,,143,,1545310751,969254717,"""/world""","""vicon/palm/palm""",,,-2.96991165167,1.10152368729,0.107531852393,,-0.170973156401,0.0243137661113,0.978816191499,0.109981288532
1545310751998221009,,144,,1545310751,979307267,"""/world""","""vicon/palm/palm""",,,-2.96982925301,1.10138239449,0.107625686401,,-0.170979547483,0.0240994511915,0.978889810553,0.10936155444
1545310752008641025,,145,,1545310751,989213195,"""/world""","""vicon/palm/palm""",,,-2.9701724752,1.10158378005,0.107333995519,,-0.170419097677,0.0241792668437,0.978953761625,0.109645915578
1545310752018793980,,146,,1545310751,999287768,"""/world""","""vicon/palm/palm""",,,-2.9703010255,1.1016897655,0.107216521964,,-0.170531738483,0.0246422802125,0.978920715326,0.10966274345
1545310752028419025,,147,,1545310752,9141927,"""/world""","""vicon/palm/palm""",,,-2.97030298069,1.10167541922,0.107193771191,,-0.169863893388,0.0241940029979,0.979030574376,0.109818224261
1545310752038846487,,148,,1545310752,19145881,"""/world""","""vicon/palm/palm""",,,-2.97005173718,1.10141811396,0.107460382171,,-0.170988376691,0.024312480823,0.978886235543,0.109332594309
1545310752048914948,,149,,1545310752,29076150,"""/world""","""vicon/palm/palm""",,,-2.97035605086,1.10177218803,0.107162110528,,-0.170128282609,0.0244264519306,0.978985981925,0.109755013991
1545310752059678468,,150,,1545310752,39172708,"""/world""","""vicon/palm/palm""",,,-2.97014565414,1.10165997468,0.107326841515,,-0.171432860588,0.0242056345477,0.978755509974,0.10982947356
1545310752069554466,,151,,1545310752,49124071,"""/world""","""vicon/palm/palm""",,,-2.97025622439,1.101695359,0.107281937786,,-0.170723634701,0.0244946140859,0.978914582484,0.109451791375
1545310752080833401,,152,,1545310752,59794100,"""/world""","""vicon/palm/palm""",,,-2.96997472389,1.10153182441,0.107537157342,,-0.171287230729,0.0240899366427,0.978770083634,0.109952184719
1545310752090441299,,153,,1545310752,69222456,"""/world""","""vicon/palm/palm""",,,-2.96990426292,1.10150773533,0.107555055177,,-0.170968484911,0.0241634253922,0.978839969982,0.109809923074
1545310752100356466,,154,,1545310752,79655511,"""/world""","""vicon/palm/palm""",,,-2.97011576334,1.10157423565,0.107329775927,,-0.170496557157,0.0246583853962,0.978906273166,0.109842598214
1545310752110252948,,155,,1545310752,89224943,"""/world""","""vicon/palm/palm""",,,-2.97038337844,1.10172001477,0.107141654303,,-0.170235248333,0.0246629137089,0.97899579924,0.109448279947
1545310752119886365,,156,,1545310752,99342791,"""/world""","""vicon/palm/palm""",,,-2.97007221967,1.10154481346,0.107371898361,,-0.170573149515,0.0246938915659,0.978927101816,0.109529638515
1545310752131023305,,157,,1545310752,109838016,"""/world""","""vicon/palm/palm""",,,-2.9701559866,1.10159797477,0.107330857743,,-0.170502343695,0.0244097303473,0.978930808496,0.109670360789
1545310752141196001,,158,,1545310752,119776739,"""/world""","""vicon/palm/palm""",,,-2.97008825323,1.10155306817,0.107423157559,,-0.17101674331,0.024432666413,0.978863376374,0.109466016245
1545310752148043456,,159,,1545310752,129374802,"""/world""","""vicon/palm/palm""",,,-2.96997756924,1.10146363151,0.107558085452,,-0.171479168758,0.024096078908,0.978762374405,0.10972004426
1545310752159186775,,160,,1545310752,139732364,"""/world""","""vicon/palm/palm""",,,-2.96991889749,1.10149870634,0.107615817677,,-0.171422523937,0.0237306435983,0.978755880805,0.109945898651
1545310752169682660,,161,,1545310752,149148247,"""/world""","""vicon/palm/palm""",,,-2.97012594607,1.10163777524,0.107379635688,,-0.170757168283,0.0244342869739,0.978919500789,0.109368944745
1545310752178887970,,162,,1545310752,159259402,"""/world""","""vicon/palm/palm""",,,-2.9699034941,1.10151991316,0.107498960585,,-0.172347282416,0.0234058158846,0.978655416998,0.109463038546
1545310752189158478,,163,,1545310752,169259072,"""/world""","""vicon/palm/palm""",,,-2.97004135463,1.10152141352,0.107443511126,,-0.170951962931,0.0244554682977,0.978860256618,0.10958993774
1545310752197979998,,164,,1545310752,179155215,"""/world""","""vicon/palm/palm""",,,-2.96998682783,1.101479662,0.107465736024,,-0.170701137602,0.0243898762601,0.978910069247,0.10955059052
1545310752208796506,,165,,1545310752,189197810,"""/world""","""vicon/palm/palm""",,,-2.97017256245,1.10162125199,0.107293050846,,-0.170187399689,0.0243616261108,0.978971456544,0.109807319572
1545310752218763685,,166,,1545310752,199324778,"""/world""","""vicon/palm/palm""",,,-2.97017758429,1.10161932206,0.107288781986,,-0.170485118222,0.0246737051014,0.978916683426,0.10976410912
1545310752228544824,,167,,1545310752,209223437,"""/world""","""vicon/palm/palm""",,,-2.97005346358,1.10155160097,0.107456277855,,-0.170779136116,0.0240201180223,0.978890051315,0.109689507398
1545310752238714332,,168,,1545310752,219144597,"""/world""","""vicon/palm/palm""",,,-2.97032251844,1.10174818397,0.107105607425,,-0.171349877608,0.0243045301092,0.978791956034,0.109612116404
1545310752248429962,,169,,1545310752,229153667,"""/world""","""vicon/palm/palm""",,,-2.97000254886,1.10154822499,0.107496761504,,-0.171121062517,0.0243541063821,0.978848292505,0.109455377786
1545310752258171915,,170,,1545310752,239339409,"""/world""","""vicon/palm/palm""",,,-2.97005647143,1.10162909133,0.107452205116,,-0.17094105882,0.0240970609315,0.978828305976,0.10997105748
1545310752268003564,,171,,1545310752,249368569,"""/world""","""vicon/palm/palm""",,,-2.9698287233,1.10144522944,0.107665063265,,-0.171328481878,0.0237814252586,0.978770705951,0.109949535165
1545310752277728990,,172,,1545310752,259133737,"""/world""","""vicon/palm/palm""",,,-2.970273917,1.10175590743,0.107184496293,,-0.170135625087,0.0247190121557,0.978953121948,0.109971016832
1545310752288511114,,173,,1545310752,269683068,"""/world""","""vicon/palm/palm""",,,-2.97007748113,1.10157534901,0.107369653257,,-0.170494179192,0.0245035823457,0.978915962651,0.109794568993
1545310752298789049,,174,,1545310752,279118716,"""/world""","""vicon/palm/palm""",,,-2.96986930577,1.10141944549,0.107567515386,,-0.170887728596,0.0241818949982,0.978844724839,0.109889147894
1545310752309691554,,175,,1545310752,289166411,"""/world""","""vicon/palm/palm""",,,-2.97005867726,1.1015023598,0.107431961181,,-0.170878513438,0.0242871697929,0.978853803946,0.109799351222
1545310752318499359,,176,,1545310752,299216483,"""/world""","""vicon/palm/palm""",,,-2.97008828205,1.10162697948,0.107322808569,,-0.170906593441,0.0241927283745,0.978850360981,0.109807190196
1545310752328981609,,177,,1545310752,309135444,"""/world""","""vicon/palm/palm""",,,-2.97010121895,1.10160202606,0.107407234944,,-0.170882447726,0.0242415579162,0.978843789213,0.109892548649
1545310752338165904,,178,,1545310752,319304260,"""/world""","""vicon/palm/palm""",,,-2.97007916868,1.10156219242,0.10743086983,,-0.170923678328,0.0242261962628,0.978851734846,0.109760962052
1545310752348792248,,179,,1545310752,329123802,"""/world""","""vicon/palm/palm""",,,-2.97017947857,1.10161319694,0.107359924735,,-0.170861071654,0.0241709914087,0.978850424453,0.109882227481
1545310752359145341,,180,,1545310752,339125430,"""/world""","""vicon/palm/palm""",,,-2.97004229873,1.10156234488,0.107421305913,,-0.17059989105,0.0243260813388,0.978912838891,0.109697642614
1545310752368509482,,181,,1545310752,349625180,"""/world""","""vicon/palm/palm""",,,-2.97031848994,1.1017282648,0.107206389461,,-0.170069923664,0.0241692131314,0.979007729703,0.109708410722
1545310752378743887,,182,,1545310752,359080412,"""/world""","""vicon/palm/palm""",,,-2.97001459522,1.10155735604,0.107425232784,,-0.170601250191,0.0244780358564,0.978904698352,0.109734364436
1545310752389992572,,183,,1545310752,369251485,"""/world""","""vicon/palm/palm""",,,-2.97003878589,1.10152873615,0.107400668169,,-0.170367755032,0.0243806295179,0.978956828791,0.10965372913
1545310752399584203,,184,,1545310752,379422972,"""/world""","""vicon/palm/palm""",,,-2.97018895051,1.10161957322,0.107304109685,,-0.170600129003,0.0245189424793,0.978899223525,0.109775806193
1545310752409131843,,185,,1545310752,389131536,"""/world""","""vicon/palm/palm""",,,-2.97010276434,1.1015475669,0.107396288574,,-0.170654007607,0.0242756538323,0.978926713706,0.109500646167
1545310752419075592,,186,,1545310752,399093457,"""/world""","""vicon/palm/palm""",,,-2.96982696563,1.1014407629,0.107594035988,,-0.170844718499,0.0242043047732,0.978866195031,0.109759765022
1545310752429167726,,187,,1545310752,409344702,"""/world""","""vicon/palm/palm""",,,-2.97011727256,1.10164634131,0.107348628917,,-0.170681181911,0.0247533093944,0.978917074227,0.109437514607
1545310752440067850,,188,,1545310752,419319168,"""/world""","""vicon/palm/palm""",,,-2.97000893913,1.10159156871,0.107356583475,,-0.171642169209,0.0241108081208,0.978773382444,0.10936315879
1545310752449887852,,189,,1545310752,429711201,"""/world""","""vicon/palm/palm""",,,-2.96980973107,1.10135653679,0.107611581843,,-0.170937434276,0.0242813733431,0.97886636618,0.109596740977
1545310752458195930,,190,,1545310752,439413157,"""/world""","""vicon/palm/palm""",,,-2.96998443579,1.10150648699,0.107455859394,,-0.170739137792,0.0244431781885,0.978866656302,0.109866951567
1545310752468715662,,191,,1545310752,449149231,"""/world""","""vicon/palm/palm""",,,-2.9703409216,1.10174031685,0.107178545943,,-0.170382590731,0.0246396010387,0.978949949065,0.10963421027
1545310752478422994,,192,,1545310752,459786898,"""/world""","""vicon/palm/palm""",,,-2.96994510041,1.10150281486,0.107496823944,,-0.170682231447,0.0242397986182,0.978887341323,0.109816123723
1545310752488245233,,193,,1545310752,469114774,"""/world""","""vicon/palm/palm""",,,-2.97009268297,1.10156729985,0.10738412952,,-0.170638877065,0.0244404510688,0.978914547498,0.109596289544
1545310752498624733,,194,,1545310752,479045055,"""/world""","""vicon/palm/palm""",,,-2.97006963298,1.10160333003,0.107421210124,,-0.170618963176,0.0241357235311,0.978912994573,0.109708638266
1545310752507019545,,195,,1545310752,489025654,"""/world""","""vicon/palm/palm""",,,-2.97013435121,1.10158274719,0.107408965596,,-0.171021835869,0.0242669022125,0.978869743003,0.109437997723
1545310752517769033,,196,,1545310752,499365462,"""/world""","""vicon/palm/palm""",,,-2.97000813752,1.10159483644,0.107440341233,,-0.1708117419,0.0245456873392,0.97886315731,0.109762367516
1545310752528244961,,197,,1545310752,509148948,"""/world""","""vicon/palm/palm""",,,-2.96999971102,1.10150439694,0.107489804617,,-0.170955585901,0.0242665329424,0.978870548588,0.109534342268
1545310752538215340,,198,,1545310752,519148048,"""/world""","""vicon/palm/palm""",,,-2.96998408935,1.10156220395,0.107465113949,,-0.170571274612,0.0242615987552,0.978927465483,0.109625874802
1545310752551543757,,199,,1545310752,529358230,"""/world""","""vicon/palm/palm""",,,-2.97002129552,1.10155252968,0.107382750707,,-0.170320664612,0.0245904198867,0.978935974417,0.109866011345
1545310752562085155,,200,,1545310752,539856833,"""/world""","""vicon/palm/palm""",,,-2.96996906385,1.10152529049,0.10745508862,,-0.170500673889,0.0244210459297,0.978936036491,0.109623761925
1545310752572000424,,201,,1545310752,549927258,"""/world""","""vicon/palm/palm""",,,-2.9698617067,1.10146136991,0.107579001466,,-0.170727115683,0.0240979751226,0.978919900405,0.109486840105
1545310752581486989,,202,,1545310752,559275418,"""/world""","""vicon/palm/palm""",,,-2.97017091546,1.10164649049,0.107294604932,,-0.170433814422,0.0245302596231,0.978920830248,0.109838924666
1545310752591676379,,203,,1545310752,569771703,"""/world""","""vicon/palm/palm""",,,-2.96984464615,1.10143570338,0.107587442855,,-0.170794678346,0.0240790631018,0.978871969191,0.109813680845
1545310752603215463,,204,,1545310752,579792490,"""/world""","""vicon/palm/palm""",,,-2.97025941952,1.10168435159,0.107237077904,,-0.170352839941,0.0245585766319,0.978955809418,0.109646292437
1545310752611435451,,205,,1545310752,589154027,"""/world""","""vicon/palm/palm""",,,-2.97033299849,1.10179125434,0.107141069163,,-0.170060973857,0.0248346073545,0.979006699518,0.109582798594
1545310752620794436,,206,,1545310752,599297437,"""/world""","""vicon/palm/palm""",,,-2.96987104302,1.10149589317,0.107536307327,,-0.170845559391,0.0245606961648,0.978868107182,0.10966218939
1545310752629648090,,207,,1545310752,609084543,"""/world""","""vicon/palm/palm""",,,-2.96987316267,1.10140556052,0.107542174382,,-0.171390372308,0.0241681993625,0.978848236457,0.109075058585
1545310752637904201,,208,,1545310752,619477738,"""/world""","""vicon/palm/palm""",,,-2.97015449655,1.10161988455,0.107338370974,,-0.170578710036,0.0243761594216,0.978907936932,0.109763188481
1545310752647680664,,209,,1545310752,629238787,"""/world""","""vicon/palm/palm""",,,-2.97007061332,1.10155791416,0.107404954151,,-0.170745125137,0.0243910457452,0.978871662298,0.109824623284
1545310752658078765,,210,,1545310752,639252790,"""/world""","""vicon/palm/palm""",,,-2.97013528932,1.10167366597,0.107378538869,,-0.170581008401,0.0239544918753,0.978881954983,0.110083695888
1545310752668106353,,211,,1545310752,649162252,"""/world""","""vicon/palm/palm""",,,-2.96999371018,1.10154220614,0.107470575542,,-0.170573248531,0.0241038284406,0.978921264597,0.109712943905
1545310752678415945,,212,,1545310752,659190394,"""/world""","""vicon/palm/palm""",,,-2.97001922444,1.10150532685,0.107463342753,,-0.170785903167,0.0241860726914,0.97887899627,0.109741149206
1545310752689298617,,213,,1545310752,669599051,"""/world""","""vicon/palm/palm""",,,-2.96970064917,1.10135255775,0.107737152893,,-0.171146550465,0.0237554221607,0.978802752343,0.109953218175
1545310752698791300,,214,,1545310752,679180823,"""/world""","""vicon/palm/palm""",,,-2.96981141124,1.10146016074,0.107609264079,,-0.171049003627,0.0242627503788,0.978803852985,0.109984429285
1545310752709302406,,215,,1545310752,689389112,"""/world""","""vicon/palm/palm""",,,-2.97001174495,1.10156867682,0.107443132174,,-0.170725072373,0.0244328393998,0.978889787696,0.109684864805
1545310752724077548,,216,,1545310752,699821647,"""/world""","""vicon/palm/palm""",,,-2.97012779709,1.10164804547,0.1073934154,,-0.170610881332,0.0239639879319,0.978905770927,0.109823249356
1545310752729269768,,217,,1545310752,709269253,"""/world""","""vicon/palm/palm""",,,-2.96999627501,1.10155027303,0.107458307426,,-0.170635903779,0.0244404662572,0.978951586717,0.109269587782
1545310752738604249,,218,,1545310752,719302596,"""/world""","""vicon/palm/palm""",,,-2.97025785017,1.10169948459,0.107185041323,,-0.171078179144,0.0246583523715,0.978844648486,0.109486877794
1545310752750006276,,219,,1545310752,729030223,"""/world""","""vicon/palm/palm""",,,-2.96983621622,1.10139768467,0.107556788891,,-0.170603601592,0.0242571839269,0.97888508514,0.109954491684
1545310752757477906,,220,,1545310752,739079277,"""/world""","""vicon/palm/palm""",,,-2.97003588691,1.10155016856,0.107425653589,,-0.170646317131,0.0242670350082,0.978874153173,0.109983351976
1545310752767726696,,221,,1545310752,749013796,"""/world""","""vicon/palm/palm""",,,-2.97021864337,1.10170987992,0.107262876817,,-0.170301008956,0.0244714510868,0.978950223855,0.109796054775
1545310752777943805,,222,,1545310752,759119619,"""/world""","""vicon/palm/palm""",,,-2.96998402521,1.10150935199,0.107465334402,,-0.170811684666,0.0244121192249,0.978856902872,0.109847988225
1545310752790230795,,223,,1545310752,769224034,"""/world""","""vicon/palm/palm""",,,-2.97020449795,1.10168590435,0.107336421832,,-0.170796855949,0.0242841801748,0.978892757446,0.109579569317
1545310752798564547,,224,,1545310752,779240524,"""/world""","""vicon/palm/palm""",,,-2.97023017575,1.10173810885,0.107164893093,,-0.171945901315,0.0238366323528,0.978699070588,0.109610908254
1545310752810871844,,225,,1545310752,790180456,"""/world""","""vicon/palm/palm""",,,-2.96978101846,1.10132974852,0.107695749183,,-0.171381834526,0.0239521956282,0.978791093993,0.109647405075
1545310752818937888,,226,,1545310752,799852496,"""/world""","""vicon/palm/palm""",,,-2.96998068947,1.10155739511,0.107437622891,,-0.170561308597,0.0245763560666,0.978915828755,0.109675170138
1545310752828352697,,227,,1545310752,809888465,"""/world""","""vicon/palm/palm""",,,-2.97016640137,1.10165172472,0.107343924998,,-0.1706606598,0.0244238885738,0.978930944457,0.109419462842
1545310752837902968,,228,,1545310752,819186789,"""/world""","""vicon/palm/palm""",,,-2.97001663239,1.10158520517,0.107437995992,,-0.17061251605,0.0242756460539,0.978891038319,0.109883563263
1545310752847441096,,229,,1545310752,829279107,"""/world""","""vicon/palm/palm""",,,-2.97019989501,1.10163027845,0.107316161409,,-0.170600984968,0.0243290828154,0.978912218174,0.109700814792
1545310752858045237,,230,,1545310752,839157278,"""/world""","""vicon/palm/palm""",,,-2.97017821389,1.10160434094,0.107305790353,,-0.170377657697,0.0244997929034,0.978979614805,0.109408078778
1545310752867861976,,231,,1545310752,849131343,"""/world""","""vicon/palm/palm""",,,-2.97013419262,1.10160092481,0.107359726353,,-0.170358484132,0.0240428942789,0.978943504456,0.109861463685
1545310752878113106,,232,,1545310752,859771636,"""/world""","""vicon/palm/palm""",,,-2.96987779939,1.10148352645,0.107588534474,,-0.17101073367,0.0240449068523,0.978842094584,0.109751197235
1545310752892468758,,233,,1545310752,869374233,"""/world""","""vicon/palm/palm""",,,-2.97018134363,1.10171030007,0.107307222568,,-0.170596704815,0.0245555932041,0.978904189284,0.109728644165
1545310752903603259,,234,,1545310752,879195931,"""/world""","""vicon/palm/palm""",,,-2.97009942718,1.10165324575,0.107426924779,,-0.171761487967,0.0237510489024,0.978714316947,0.109782351631
1545310752909140202,,235,,1545310752,889200676,"""/world""","""vicon/palm/palm""",,,-2.96998326636,1.10160655185,0.107411314313,,-0.171662306484,0.0239864898757,0.978770786797,0.109382118045
1545310752918675000,,236,,1545310752,899407055,"""/world""","""vicon/palm/palm""",,,-2.9701407345,1.10168550173,0.107260801812,,-0.17008427776,0.0250113546981,0.979019111404,0.109395384279
1545310752928269061,,237,,1545310752,909249712,"""/world""","""vicon/palm/palm""",,,-2.97026282031,1.10171024893,0.1072543717,,-0.170522054845,0.0244201921024,0.978904881059,0.1098686346
1545310752938543614,,238,,1545310752,919115034,"""/world""","""vicon/palm/palm""",,,-2.97026016361,1.10169681631,0.107259681625,,-0.170591280154,0.0244625810503,0.978905491489,0.109746234546
1545310752947753769,,239,,1545310752,929041194,"""/world""","""vicon/palm/palm""",,,-2.97008519997,1.10157782288,0.107399476359,,-0.170547461501,0.0242120409474,0.978928227809,0.109667065466
1545310752958315487,,240,,1545310752,939198830,"""/world""","""vicon/palm/palm""",,,-2.97000752145,1.10159194467,0.107438437908,,-0.170641066501,0.0244128773968,0.978896464419,0.109760419956
1545310752971167723,,241,,1545310752,949123800,"""/world""","""vicon/palm/palm""",,,-2.97012930257,1.10167216825,0.107342457106,,-0.170609159766,0.0246479195266,0.97892624823,0.109491530235
1545310752979775704,,242,,1545310752,959163129,"""/world""","""vicon/palm/palm""",,,-2.96986378338,1.10148061077,0.107549317449,,-0.171864187179,0.0241233739745,0.97869682315,0.109696364341
1545310752989631813,,243,,1545310752,969759754,"""/world""","""vicon/palm/palm""",,,-2.96963256049,1.10133867689,0.107760918882,,-0.171189996483,0.0241597627578,0.978819634519,0.109646769439
1545310752998830098,,244,,1545310752,979716012,"""/world""","""vicon/palm/palm""",,,-2.96992165744,1.1015436984,0.107536105609,,-0.170956240315,0.0240292886732,0.97882422083,0.109998644987
1545310753009802178,,245,,1545310752,989167777,"""/world""","""vicon/palm/palm""",,,-2.97013170667,1.10163975768,0.107353992824,,-0.170917421999,0.0244896744742,0.97886972512,0.109551594898
1545310753018113071,,246,,1545310752,999295283,"""/world""","""vicon/palm/palm""",,,-2.97068056125,1.10201773469,0.106920847666,,-0.170422776242,0.0246332379718,0.978960156,0.109481934076
1545310753029095854,,247,,1545310753,9217664,"""/world""","""vicon/palm/palm""",,,-2.97024860947,1.10169005871,0.107138898771,,-0.170689726373,0.0248416717115,0.978885833215,0.109683335965
1545310753039344656,,248,,1545310753,19966029,"""/world""","""vicon/palm/palm""",,,-2.97042907384,1.10187982126,0.107065342386,,-0.170137950848,0.0244678580158,0.978955571272,0.110001777623
1545310753049907040,,249,,1545310753,29325078,"""/world""","""vicon/palm/palm""",,,-2.97002421526,1.10153544754,0.107461366286,,-0.170859410581,0.0241916087781,0.97885049614,0.109879634541
1545310753058928090,,250,,1545310753,39582376,"""/world""","""vicon/palm/palm""",,,-2.97012439716,1.10166330216,0.107353448622,,-0.170577841155,0.024452590977,0.978912926975,0.109703018657
1545310753069699506,,251,,1545310753,49123145,"""/world""","""vicon/palm/palm""",,,-2.97003277165,1.10160147308,0.107461298169,,-0.171014844441,0.0243401431897,0.978840331928,0.109695419233
1545310753079685965,,252,,1545310753,59213991,"""/world""","""vicon/palm/palm""",,,-2.96978658836,1.10139150244,0.107667705764,,-0.171344616227,0.0241982051529,0.978793819003,0.109627228546
1545310753088836713,,253,,1545310753,69524818,"""/world""","""vicon/palm/palm""",,,-2.96999149888,1.1015881172,0.107496456697,,-0.170793180637,0.0240227625898,0.978880377469,0.109753373213
1545310753098829255,,254,,1545310753,79382440,"""/world""","""vicon/palm/palm""",,,-2.97009769179,1.10157609781,0.107354625443,,-0.170707453514,0.0247728312837,0.978885434322,0.109674876871
1545310753110037670,,255,,1545310753,89491861,"""/world""","""vicon/palm/palm""",,,-2.97006163351,1.10162360757,0.107377207835,,-0.170299439934,0.0242689806874,0.978927853002,0.110042609708
1545310753120580861,,256,,1545310753,99432314,"""/world""","""vicon/palm/palm""",,,-2.96987244194,1.10141484112,0.107566024186,,-0.170786244949,0.024121715591,0.978878798106,0.10975654874
1545310753129879876,,257,,1545310753,109406856,"""/world""","""vicon/palm/palm""",,,-2.97003366651,1.1015032997,0.107437494451,,-0.170568622037,0.0242033362486,0.978930128487,0.109619100672
1545310753139795772,,258,,1545310753,119374533,"""/world""","""vicon/palm/palm""",,,-2.97013036962,1.10161344215,0.107352794987,,-0.170578222429,0.0243677378168,0.97890305684,0.109809328824
1545310753150294295,,259,,1545310753,129932776,"""/world""","""vicon/palm/palm""",,,-2.97006064613,1.10158494238,0.107397790626,,-0.170570725889,0.0243921983547,0.978915162926,0.109707574594
1545310753159610660,,260,,1545310753,139296535,"""/world""","""vicon/palm/palm""",,,-2.96993220905,1.10149724916,0.107546563467,,-0.171133189857,0.02425390791,0.978823728795,0.109678107337
1545310753169273397,,261,,1545310753,149750029,"""/world""","""vicon/palm/palm""",,,-2.97014620764,1.10160597892,0.107406146156,,-0.170889139612,0.0241582304647,0.978918165714,0.109236013745
1545310753178882236,,262,,1545310753,159478540,"""/world""","""vicon/palm/palm""",,,-2.97020823632,1.1017385478,0.107285007839,,-0.170733507413,0.0246416872272,0.978881292449,0.109700829485
1545310753188776718,,263,,1545310753,169223301,"""/world""","""vicon/palm/palm""",,,-2.9698660114,1.10145870164,0.107561365544,,-0.170908398014,0.0243967547451,0.978867910237,0.109602610164
1545310753198737484,,264,,1545310753,179812443,"""/world""","""vicon/palm/palm""",,,-2.9702819226,1.10175622077,0.107223786225,,-0.170546641823,0.0244162860101,0.978907811188,0.109805214522
1545310753208956285,,265,,1545310753,189297563,"""/world""","""vicon/palm/palm""",,,-2.97024270404,1.10173652269,0.107225936764,,-0.170356359308,0.0245541915512,0.978940361323,0.109779649727
1545310753221738509,,266,,1545310753,199290145,"""/world""","""vicon/palm/palm""",,,-2.97036276328,1.10174212971,0.107103391943,,-0.169916114248,0.024485044748,0.979003664117,0.109912794284
1545310753231360441,,267,,1545310753,209248157,"""/world""","""vicon/palm/palm""",,,-2.97034823316,1.10181484633,0.107100510572,,-0.170001091257,0.0246773337049,0.978985568591,0.109899566253
1545310753241070374,,268,,1545310753,219218681,"""/world""","""vicon/palm/palm""",,,-2.96997653099,1.10152584149,0.107442528631,,-0.170789985658,0.0246965812912,0.978843406287,0.109938372004
1545310753249464951,,269,,1545310753,229332698,"""/world""","""vicon/palm/palm""",,,-2.969801524,1.10140001314,0.107630450749,,-0.171128656815,0.0242530658264,0.978814981031,0.109763402477
1545310753259029560,,270,,1545310753,239069252,"""/world""","""vicon/palm/palm""",,,-2.96996183502,1.10147632461,0.107518629782,,-0.170793980512,0.024081336323,0.978905717066,0.109513024599
1545310753269664534,,271,,1545310753,249165539,"""/world""","""vicon/palm/palm""",,,-2.97004404358,1.10160442759,0.107483052023,,-0.171031554901,0.023988242802,0.978834344983,0.109800257362
1545310753280353300,,272,,1545310753,259802494,"""/world""","""vicon/palm/palm""",,,-2.9696830982,1.1013655316,0.107716776376,,-0.171040428952,0.0241873764261,0.978864595037,0.109472585921
1545310753289998889,,273,,1545310753,269454210,"""/world""","""vicon/palm/palm""",,,-2.96990683964,1.10147611236,0.107526272388,,-0.170727135801,0.0243000955429,0.978897752397,0.10964005112
1545310753302341133,,274,,1545310753,279565192,"""/world""","""vicon/palm/palm""",,,-2.97003285792,1.10155472857,0.107452318201,,-0.170782494283,0.0241946183658,0.978876153374,0.10976992504
1545310753308796497,,275,,1545310753,289378828,"""/world""","""vicon/palm/palm""",,,-2.97029806567,1.10171772833,0.107201943695,,-0.170153221897,0.0244041427873,0.978972179832,0.109844389973
1545310753319116956,,276,,1545310753,299125792,"""/world""","""vicon/palm/palm""",,,-2.97007159021,1.10152537492,0.107386049998,,-0.17057565572,0.0244499618149,0.978904369931,0.109783330125
1545310753328103932,,277,,1545310753,309750795,"""/world""","""vicon/palm/palm""",,,-2.96988311137,1.10141703262,0.10755159584,,-0.170676776822,0.0242047700397,0.978928099461,0.10946845686
1545310753338309978,,278,,1545310753,319280614,"""/world""","""vicon/palm/palm""",,,-2.96981539482,1.10139952741,0.10761696637,,-0.17111338146,0.0243521423756,0.978835567666,0.109581546433
1545310753348033387,,279,,1545310753,329206809,"""/world""","""vicon/palm/palm""",,,-2.96985751785,1.10147733139,0.107556785635,,-0.170833876426,0.0243507693786,0.978859602039,0.109803033621
1545310753358652142,,280,,1545310753,339192183,"""/world""","""vicon/palm/palm""",,,-2.97018652635,1.10165387704,0.107358468277,,-0.170921006154,0.0243386023214,0.97888551658,0.109438510238
1545310753368699115,,281,,1545310753,349385558,"""/world""","""vicon/palm/palm""",,,-2.97014275904,1.10167554137,0.107351083619,,-0.170984986501,0.0247073224543,0.978834178351,0.109714784325
1545310753378144740,,282,,1545310753,359294808,"""/world""","""vicon/palm/palm""",,,-2.96998723895,1.10151484664,0.107460477162,,-0.171046727818,0.0246384262166,0.978836238486,0.109615615143
1545310753388636044,,283,,1545310753,369226590,"""/world""","""vicon/palm/palm""",,,-2.97002534315,1.10156609016,0.107441126749,,-0.170835486862,0.0242881334594,0.97883472731,0.110035901479
1545310753398138677,,284,,1545310753,379179127,"""/world""","""vicon/palm/palm""",,,-2.97042822839,1.10177893643,0.107023611693,,-0.170296193481,0.024412116558,0.97897814896,0.109567508459
1545310753408911292,,285,,1545310753,389110120,"""/world""","""vicon/palm/palm""",,,-2.97023093433,1.10166287928,0.107243372932,,-0.170225691579,0.0244341832875,0.978980064378,0.109654996078
1545310753418023293,,286,,1545310753,399165656,"""/world""","""vicon/palm/palm""",,,-2.97027516351,1.10169097644,0.107207143017,,-0.170342118731,0.0245739832164,0.978895864843,0.110193319798
1545310753427584911,,287,,1545310753,409074395,"""/world""","""vicon/palm/palm""",,,-2.97001378393,1.1015981735,0.107436101853,,-0.170686684818,0.0244520043886,0.9788933588,0.109708464601
1545310753437859861,,288,,1545310753,419152924,"""/world""","""vicon/palm/palm""",,,-2.97007589856,1.10162260327,0.10741515945,,-0.170664035336,0.0242860811881,0.978928568378,0.109466119496
1545310753447838497,,289,,1545310753,429154476,"""/world""","""vicon/palm/palm""",,,-2.96982793753,1.10141150252,0.107613493781,,-0.171149867191,0.0243500652061,0.978835326387,0.109527170608
1545310753458406513,,290,,1545310753,439647999,"""/world""","""vicon/palm/palm""",,,-2.97011564192,1.10163276351,0.107438186962,,-0.171144411634,0.0241773853369,0.978845533181,0.109482722725
1545310753468157287,,291,,1545310753,449176839,"""/world""","""vicon/palm/palm""",,,-2.97015538245,1.1016749102,0.107341835363,,-0.170657099711,0.0244768201002,0.978914446467,0.109560695939
1545310753478090576,,292,,1545310753,459830953,"""/world""","""vicon/palm/palm""",,,-2.97004524217,1.1015416515,0.107417697708,,-0.17056392217,0.0242589070024,0.978904484293,0.10984290836
1545310753488221010,,293,,1545310753,469485355,"""/world""","""vicon/palm/palm""",,,-2.97003569066,1.1015122174,0.107361337367,,-0.170148400989,0.0247051555558,0.979008210294,0.109462784122
1545310753498289955,,294,,1545310753,479164351,"""/world""","""vicon/palm/palm""",,,-2.97005199888,1.10157364508,0.107354805415,,-0.170293199752,0.0246711348047,0.978946688637,0.109795000031
1545310753508052451,,295,,1545310753,489453377,"""/world""","""vicon/palm/palm""",,,-2.97011719373,1.10155747148,0.107391623807,,-0.170767351942,0.0243184796373,0.978906391777,0.109496114986
1545310753517952209,,296,,1545310753,499224950,"""/world""","""vicon/palm/palm""",,,-2.96984712023,1.10140953744,0.107611847101,,-0.171127652742,0.0242676498162,0.978865592116,0.109309469904
1545310753527575982,,297,,1545310753,509220734,"""/world""","""vicon/palm/palm""",,,-2.97003080393,1.10159602247,0.107492112998,,-0.171037285688,0.024069156236,0.978866427494,0.109487167049
1545310753537577930,,298,,1545310753,519024289,"""/world""","""vicon/palm/palm""",,,-2.9705413834,1.10194128791,0.106923305354,,-0.171058087703,0.0243684155379,0.978879133985,0.10927466314
1545310753547725359,,299,,1545310753,529097276,"""/world""","""vicon/palm/palm""",,,-2.96987013777,1.10153847851,0.107566506833,,-0.170785360135,0.0242152928997,0.97890186252,0.10953138321
1545310753557993398,,300,,1545310753,539287568,"""/world""","""vicon/palm/palm""",,,-2.96994943963,1.10148710017,0.107526130414,,-0.170930645125,0.0241723113927,0.978864576856,0.109647408069
1545310753570419986,,301,,1545310753,549415182,"""/world""","""vicon/palm/palm""",,,-2.97027787806,1.10175058029,0.107166737188,,-0.170000577419,0.0247737563914,0.978978164595,0.109944612951
1545310753582486530,,302,,1545310753,559202716,"""/world""","""vicon/palm/palm""",,,-2.96992981678,1.10139739441,0.107530377097,,-0.170885338837,0.0242691168281,0.978882995777,0.10953214833
1545310753590185827,,303,,1545310753,569359363,"""/world""","""vicon/palm/palm""",,,-2.96981308718,1.10138881521,0.107606841531,,-0.170914985558,0.0242430978919,0.978856821691,0.109725396082
1545310753599620614,,304,,1545310753,579317789,"""/world""","""vicon/palm/palm""",,,-2.9702407921,1.10172761681,0.107252463569,,-0.170219885978,0.0242263437502,0.978933009816,0.110129183138
1545310753611721390,,305,,1545310753,589668436,"""/world""","""vicon/palm/palm""",,,-2.97011959128,1.10162137073,0.10731386318,,-0.170203124758,0.0245793516543,0.978974968513,0.109703066596
1545310753619708742,,306,,1545310753,599228849,"""/world""","""vicon/palm/palm""",,,-2.97005413853,1.10160866388,0.107419354594,,-0.170548907581,0.0242302420972,0.978931053304,0.109635570721
1545310753628811198,,307,,1545310753,609356807,"""/world""","""vicon/palm/palm""",,,-2.96991908334,1.10152003236,0.107537484256,,-0.170905417109,0.0242775719867,0.978876694162,0.109555262432
1545310753639234567,,308,,1545310753,619186489,"""/world""","""vicon/palm/palm""",,,-2.97005915425,1.10162781477,0.107334932073,,-0.170927513776,0.0243823791341,0.978860203484,0.109644820478
1545310753649061467,,309,,1545310753,629494787,"""/world""","""vicon/palm/palm""",,,-2.97006448195,1.10155892497,0.107401505179,,-0.170535151826,0.0244317685823,0.978958882926,0.109363413514
1545310753659042426,,310,,1545310753,639247823,"""/world""","""vicon/palm/palm""",,,-2.96983754014,1.10148803096,0.10756382256,,-0.170952511734,0.0244110312063,0.978792254027,0.11020464484
1545310753670414412,,311,,1545310753,649205057,"""/world""","""vicon/palm/palm""",,,-2.9703151724,1.10168264378,0.107219220201,,-0.17041377353,0.0243758547565,0.978942483651,0.109711335787
1545310753679940218,,312,,1545310753,659252118,"""/world""","""vicon/palm/palm""",,,-2.9702285125,1.10164748623,0.107239801864,,-0.170398498009,0.0248595018243,0.978957826452,0.109489410784
1545310753688800259,,313,,1545310753,669126037,"""/world""","""vicon/palm/palm""",,,-2.96998987968,1.10155310316,0.107477699458,,-0.170812694178,0.0242784409187,0.978874717213,0.109717222055
1545310753698495135,,314,,1545310753,679358912,"""/world""","""vicon/palm/palm""",,,-2.97001681019,1.10159014217,0.107389387309,,-0.170346535614,0.024733354156,0.978976890395,0.109428365011
1545310753707956446,,315,,1545310753,689150865,"""/world""","""vicon/palm/palm""",,,-2.96986226051,1.10144270402,0.107600805823,,-0.171136419754,0.0241283372431,0.978813441884,0.109792509593
1545310753718842051,,316,,1545310753,699079576,"""/world""","""vicon/palm/palm""",,,-2.96987998358,1.10146371793,0.107511802902,,-0.170681655409,0.0246381111892,0.978902233214,0.109595409537
1545310753729106368,,317,,1545310753,709258058,"""/world""","""vicon/palm/palm""",,,-2.97005234739,1.10154572058,0.107455728022,,-0.170949727156,0.0242866479626,0.97888216625,0.109435159407
1545310753738481306,,318,,1545310753,719124404,"""/world""","""vicon/palm/palm""",,,-2.97006238037,1.10159547526,0.107414029463,,-0.170666488926,0.0244167809233,0.978929836575,0.109421869065
1545310753749044843,,319,,1545310753,729289308,"""/world""","""vicon/palm/palm""",,,-2.9699245144,1.10147963344,0.107523198325,,-0.170930142457,0.024285925116,0.978828705118,0.109942922818
1545310753758813882,,320,,1545310753,739958289,"""/world""","""vicon/palm/palm""",,,-2.97012119179,1.10162403898,0.107341894855,,-0.170619491674,0.0246893812324,0.97891303328,0.109584199548
1545310753768801285,,321,,1545310753,749196030,"""/world""","""vicon/palm/palm""",,,-2.96996771918,1.10148498177,0.107493150299,,-0.170824715088,0.0243829232741,0.978901736272,0.109433909243
1545310753779285992,,322,,1545310753,759178487,"""/world""","""vicon/palm/palm""",,,-2.96972494443,1.10138072,0.107624884964,,-0.170480928466,0.0243091375938,0.978937078294,0.109670030546
1545310753789356489,,323,,1545310753,769105679,"""/world""","""vicon/palm/palm""",,,-2.96995375103,1.10152776712,0.107497637673,,-0.170845116629,0.0243487312427,0.978876061266,0.109639144883
1545310753799737306,,324,,1545310753,779165747,"""/world""","""vicon/palm/palm""",,,-2.97000945661,1.10157915618,0.107441889263,,-0.170793018072,0.0244288413169,0.97884646893,0.109966208233
1545310753810157971,,325,,1545310753,789287306,"""/world""","""vicon/palm/palm""",,,-2.9699503723,1.10153548117,0.107496496008,,-0.170823459436,0.0243605363413,0.978866769354,0.109753167748
1545310753822655570,,326,,1545310753,799190387,"""/world""","""vicon/palm/palm""",,,-2.97003986548,1.10154838152,0.107415069517,,-0.170668523514,0.024408142005,0.978876074052,0.10990054292
1545310753829047863,,327,,1545310753,809068385,"""/world""","""vicon/palm/palm""",,,-2.97008298892,1.10159915378,0.107395452799,,-0.170768914962,0.0244262317764,0.978866086788,0.109829508876
1545310753838558641,,328,,1545310753,819031371,"""/world""","""vicon/palm/palm""",,,-2.9699224708,1.1014929024,0.107504951243,,-0.171498553111,0.0243158468548,0.978804341072,0.109265949738
1545310753848915954,,329,,1545310753,829206895,"""/world""","""vicon/palm/palm""",,,-2.96965990212,1.10137490018,0.10776345285,,-0.171190605441,0.0237643445376,0.978781769021,0.110069437948
1545310753860261043,,330,,1545310753,839330853,"""/world""","""vicon/palm/palm""",,,-2.97009970208,1.10161095462,0.107358329813,,-0.17063626493,0.0246681236108,0.97890657371,0.109620567025
1545310753869080391,,331,,1545310753,849412444,"""/world""","""vicon/palm/palm""",,,-2.97024773329,1.10165251893,0.107272925879,,-0.170384888088,0.0243297082092,0.97897421467,0.109483068192
1545310753878155467,,332,,1545310753,859024625,"""/world""","""vicon/palm/palm""",,,-2.9699052558,1.10142528596,0.107547146605,,-0.170908664707,0.0242407621701,0.978864992222,0.109662850497
1545310753889443114,,333,,1545310753,869367693,"""/world""","""vicon/palm/palm""",,,-2.97028635972,1.10175895645,0.107222656994,,-0.170229132041,0.0243189812066,0.978957415374,0.109877243515
1545310753899685966,,334,,1545310753,879119270,"""/world""","""vicon/palm/palm""",,,-2.97005167632,1.10156173709,0.107436266038,,-0.170867705275,0.0243315951466,0.978862937617,0.109724883833
1545310753909703789,,335,,1545310753,889214084,"""/world""","""vicon/palm/palm""",,,-2.97011245895,1.10165803943,0.107385284866,,-0.170730289988,0.0243294044936,0.978890040856,0.10969747522
1545310753919226465,,336,,1545310753,899254385,"""/world""","""vicon/palm/palm""",,,-2.96988882026,1.10150522437,0.107561794688,,-0.170797602609,0.0240406513246,0.978873055103,0.109807868668
1545310753928898653,,337,,1545310753,909260881,"""/world""","""vicon/palm/palm""",,,-2.96988840302,1.10150209793,0.107523763365,,-0.170747603156,0.0245131449436,0.978897248422,0.109565226114
1545310753938898966,,338,,1545310753,919179552,"""/world""","""vicon/palm/palm""",,,-2.96978457992,1.10137834498,0.107637566807,,-0.171051270128,0.0242080343347,0.97882388848,0.109814522731
1545310753950135391,,339,,1545310753,929357043,"""/world""","""vicon/palm/palm""",,,-2.97004153273,1.10156199068,0.107444404738,,-0.170553999682,0.0239581671634,0.97890819334,0.1098912573
1545310753959239539,,340,,1545310753,939463844,"""/world""","""vicon/palm/palm""",,,-2.9703120513,1.10172431799,0.107169763028,,-0.170193057203,0.0247128148245,0.978961173575,0.109811751172
1545310753970431818,,341,,1545310753,949403472,"""/world""","""vicon/palm/palm""",,,-2.97025616209,1.1017159438,0.107281641111,,-0.170724560236,0.0243716191912,0.978877509734,0.109808786745
1545310753979392813,,342,,1545310753,959102253,"""/world""","""vicon/palm/palm""",,,-2.96989648421,1.10146060157,0.107523547508,,-0.170647970408,0.0241934852515,0.978872926546,0.11000790491
1545310753988922390,,343,,1545310753,969344006,"""/world""","""vicon/palm/palm""",,,-2.96996824372,1.10147033839,0.107491190112,,-0.170804294937,0.0243092618535,0.97888441597,0.109636913444
1545310753999691277,,344,,1545310753,979198791,"""/world""","""vicon/palm/palm""",,,-2.97020460064,1.10167202107,0.107326623706,,-0.170667232628,0.0242716449979,0.97893053057,0.10944678741
1545310754009315011,,345,,1545310753,989183010,"""/world""","""vicon/palm/palm""",,,-2.97002954402,1.10160331893,0.107499988404,,-0.171443987997,0.0244204036982,0.97879569961,0.109405581616
1545310754018425656,,346,,1545310753,999125277,"""/world""","""vicon/palm/palm""",,,-2.97012216135,1.10163324086,0.107376668007,,-0.170719506695,0.0243628839569,0.978921122048,0.109429140213
1545310754028944870,,347,,1545310754,9311473,"""/world""","""vicon/palm/palm""",,,-2.97026946024,1.10167379551,0.107252936268,,-0.170318924878,0.0241090178461,0.978965427926,0.10971285254
1545310754039301274,,348,,1545310754,19098279,"""/world""","""vicon/palm/palm""",,,-2.97003826778,1.1015557729,0.107443585073,,-0.170853445021,0.02431748404,0.978859793107,0.109778257103
1545310754047480796,,349,,1545310754,29062772,"""/world""","""vicon/palm/palm""",,,-2.96993793915,1.10146967428,0.107499217933,,-0.170814162374,0.0244124817447,0.978865186621,0.109770210392
1545310754058157147,,350,,1545310754,39661259,"""/world""","""vicon/palm/palm""",,,-2.97034395819,1.1017032736,0.10721452067,,-0.170582104002,0.0242880463043,0.978914317741,0.10972053191
1545310754068532807,,351,,1545310754,49117372,"""/world""","""vicon/palm/palm""",,,-2.97006565854,1.10160256855,0.107422244241,,-0.170707291801,0.0241467586553,0.978912649039,0.109571803509
1545310754079196654,,352,,1545310754,59900468,"""/world""","""vicon/palm/palm""",,,-2.97043086125,1.10183790668,0.107084802501,,-0.170185332837,0.0245105713049,0.97897518871,0.109744085362
1545310754092063903,,353,,1545310754,69174387,"""/world""","""vicon/palm/palm""",,,-2.97021319349,1.10171731643,0.107258725893,,-0.170414265143,0.0244332637043,0.978928307648,0.109824233876
1545310754101420262,,354,,1545310754,79257148,"""/world""","""vicon/palm/palm""",,,-2.96992524664,1.10146407028,0.107518320635,,-0.171210284608,0.0247077432407,0.978801111611,0.109658332002
1545310754110468369,,355,,1545310754,89621209,"""/world""","""vicon/palm/palm""",,,-2.97002074658,1.10150628276,0.107451758084,,-0.170789072176,0.0244311461892,0.978907025612,0.109431472291
1545310754119900427,,356,,1545310754,99161529,"""/world""","""vicon/palm/palm""",,,-2.97007255581,1.10161249768,0.107359442202,,-0.170544862222,0.0246829875632,0.978937382706,0.109484249259
1545310754130168282,,357,,1545310754,109813212,"""/world""","""vicon/palm/palm""",,,-2.96999162402,1.10153984361,0.107455513289,,-0.170577832375,0.0242265759472,0.978896104841,0.109903102995
1545310754139581784,,358,,1545310754,119265524,"""/world""","""vicon/palm/palm""",,,-2.9701506209,1.10158627921,0.10732522205,,-0.170417241929,0.0244179846852,0.97894060414,0.109713350341
1545310754150286308,,359,,1545310754,129097296,"""/world""","""vicon/palm/palm""",,,-2.97022912132,1.10171644345,0.10721994283,,-0.170200202229,0.0247920324631,0.978962931001,0.109767144509
1545310754159788112,,360,,1545310754,139988560,"""/world""","""vicon/palm/palm""",,,-2.97042315518,1.10181927951,0.107046669538,,-0.169803309739,0.0248737256565,0.979017148503,0.109879737487
1545310754168996095,,361,,1545310754,149213411,"""/world""","""vicon/palm/palm""",,,-2.97018910898,1.10168621383,0.107268384,,-0.170147635729,0.0243887783648,0.978948558438,0.110066750099
1545310754179691800,,362,,1545310754,159187062,"""/world""","""vicon/palm/palm""",,,-2.96983521106,1.10143548149,0.107587426154,,-0.170992977092,0.0244025733434,0.978849487301,0.109633924537
1545310754191477678,,363,,1545310754,169280830,"""/world""","""vicon/palm/palm""",,,-2.97014282732,1.1016366125,0.107408441194,,-0.171007217958,0.0241805872798,0.978869898596,0.109478546887
1545310754200375468,,364,,1545310754,179263093,"""/world""","""vicon/palm/palm""",,,-2.97032624129,1.10176408018,0.10712067896,,-0.1709564767,0.0238624611603,0.978844806745,0.109851310093
1545310754210058411,,365,,1545310754,189680442,"""/world""","""vicon/palm/palm""",,,-2.97023800077,1.10165884237,0.107289436767,,-0.170584829854,0.0242606422382,0.978895481721,0.10989027677
1545310754220208976,,366,,1545310754,199331886,"""/world""","""vicon/palm/palm""",,,-2.97013178212,1.10165167164,0.107308308199,,-0.170306290981,0.0247593858322,0.978987215212,0.109392744349
1545310754229736459,,367,,1545310754,209214860,"""/world""","""vicon/palm/palm""",,,-2.97045444284,1.10183734932,0.107123688217,,-0.17030447785,0.0243351028222,0.978972419814,0.109622939381
1545310754237611731,,368,,1545310754,219248340,"""/world""","""vicon/palm/palm""",,,-2.97030613366,1.10171247974,0.107130281936,,-0.170693583832,0.0247186703052,0.978909933859,0.109489858751
1545310754248434004,,369,,1545310754,229293356,"""/world""","""vicon/palm/palm""",,,-2.97016126506,1.10161424411,0.107339801779,,-0.170458252069,0.0242365776834,0.978945661559,0.109644718606
1545310754258339874,,370,,1545310754,239259185,"""/world""","""vicon/palm/palm""",,,-2.96994242175,1.10156166109,0.107523423145,,-0.170894306506,0.0243075568946,0.978896001208,0.109393315615
1545310754268149063,,371,,1545310754,249271777,"""/world""","""vicon/palm/palm""",,,-2.97001194646,1.1015740147,0.107460019777,,-0.17069723864,0.0241315102958,0.978879681133,0.109884907048
1545310754277785403,,372,,1545310754,259108263,"""/world""","""vicon/palm/palm""",,,-2.97007158111,1.10156960115,0.107408327427,,-0.170871921135,0.0245900943467,0.978886407788,0.109450968364
1545310754289442271,,373,,1545310754,269534988,"""/world""","""vicon/palm/palm""",,,-2.97026012623,1.10169253239,0.107256779175,,-0.170511539797,0.0244015883577,0.978916186305,0.109788330305
1545310754298842165,,374,,1545310754,279277469,"""/world""","""vicon/palm/palm""",,,-2.97012272607,1.10163861336,0.107354454763,,-0.170650297333,0.0244308424714,0.978870689637,0.109971736945
1545310754309733364,,375,,1545310754,289072530,"""/world""","""vicon/palm/palm""",,,-2.97000532346,1.10154948498,0.107434127249,,-0.170622953391,0.0244448492592,0.978893850884,0.109804762294
1545310754322718970,,376,,1545310754,299395333,"""/world""","""vicon/palm/palm""",,,-2.97023030144,1.10167364489,0.107345013178,,-0.170501159872,0.0236883510287,0.978948246239,0.109674735893
1545310754330136564,,377,,1545310754,309283246,"""/world""","""vicon/palm/palm""",,,-2.97001527901,1.10154267086,0.1074274985,,-0.17069585621,0.0244649592208,0.978865567361,0.109939035278
1545310754340930701,,378,,1545310754,319879446,"""/world""","""vicon/palm/palm""",,,-2.96988710521,1.10146007869,0.107555452823,,-0.17098133271,0.0243629920173,0.978852787374,0.109631424035
1545310754349744558,,379,,1545310754,329416366,"""/world""","""vicon/palm/palm""",,,-2.97024592438,1.10168517811,0.107287778885,,-0.170691694492,0.0244099209545,0.978901067089,0.109641242429
1545310754359555736,,380,,1545310754,339152715,"""/world""","""vicon/palm/palm""",,,-2.97018610984,1.10165188017,0.107279994271,,-0.17033938937,0.0246911078009,0.978979982591,0.109421365879
1545310754369959456,,381,,1545310754,349983426,"""/world""","""vicon/palm/palm""",,,-2.96980540058,1.10141768014,0.107644589519,,-0.171129281941,0.0241378260249,0.978840803462,0.109557362575
1545310754378585047,,382,,1545310754,359282076,"""/world""","""vicon/palm/palm""",,,-2.96955190821,1.1011632037,0.107887141557,,-0.171457171144,0.0236194228972,0.978797309732,0.109546281485
1545310754388500234,,383,,1545310754,369074784,"""/world""","""vicon/palm/palm""",,,-2.97008242168,1.10159268764,0.107361956068,,-0.170387288142,0.0244139015945,0.978922754518,0.109919853238
1545310754399470962,,384,,1545310754,379201591,"""/world""","""vicon/palm/palm""",,,-2.96970913828,1.10135334391,0.107698057652,,-0.170986514354,0.0240767862783,0.978853085816,0.109683894259
1545310754409616159,,385,,1545310754,389188092,"""/world""","""vicon/palm/palm""",,,-2.97010316142,1.10167967433,0.107378662493,,-0.170573515235,0.024229454037,0.978889649724,0.10996664549
1545310754419826820,,386,,1545310754,399286066,"""/world""","""vicon/palm/palm""",,,-2.9702678052,1.10172416218,0.107289469561,,-0.170569193135,0.0241056263209,0.978928484273,0.109654419937
1545310754429568531,,387,,1545310754,409328774,"""/world""","""vicon/palm/palm""",,,-2.9699638084,1.10158051091,0.10746932508,,-0.171361551686,0.0241076804476,0.978811622992,0.109461614474
1545310754442124135,,388,,1545310754,419448264,"""/world""","""vicon/palm/palm""",,,-2.97009096202,1.10160403611,0.1073635314,,-0.170507735473,0.0244362891382,0.978898056728,0.109948053418
1545310754452120960,,389,,1545310754,429975070,"""/world""","""vicon/palm/palm""",,,-2.96986517121,1.10145100977,0.107548180476,,-0.170860502232,0.0244763796423,0.978864912036,0.109686278093
1545310754462209879,,390,,1545310754,439348991,"""/world""","""vicon/palm/palm""",,,-2.9701325864,1.10162235658,0.107371991758,,-0.170563564257,0.0241545057585,0.9789187423,0.109739356542
1545310754474394506,,391,,1545310754,449704336,"""/world""","""vicon/palm/palm""",,,-2.96987325767,1.10144141209,0.10757031425,,-0.171102912891,0.0244125737129,0.978829758403,0.109636323855
1545310754484409530,,392,,1545310754,459204871,"""/world""","""vicon/palm/palm""",,,-2.97023550153,1.10176884516,0.107186765537,,-0.1704546175,0.0241280725871,0.978940184158,0.109723175888
1545310754490051897,,393,,1545310754,469439525,"""/world""","""vicon/palm/palm""",,,-2.96982072225,1.10146797921,0.107610247589,,-0.170891406946,0.0240591985183,0.978846161471,0.10989756218
1545310754498760700,,394,,1545310754,479086387,"""/world""","""vicon/palm/palm""",,,-2.96997075543,1.10152296078,0.107473581117,,-0.170848881134,0.0245265743232,0.978870480281,0.109643466754
1545310754508875238,,395,,1545310754,489866749,"""/world""","""vicon/palm/palm""",,,-2.9700010808,1.10157387355,0.107452833723,,-0.170756662997,0.0245085339666,0.978906056346,0.109473406153
1545310754519378870,,396,,1545310754,500059866,"""/world""","""vicon/palm/palm""",,,-2.9700611196,1.10148460982,0.107394354422,,-0.170596551515,0.0244337415874,0.978894206124,0.109845082275
1545310754527686728,,397,,1545310754,509478695,"""/world""","""vicon/palm/palm""",,,-2.97010817309,1.10163221459,0.107393483736,,-0.170699796035,0.0241226211039,0.978863358364,0.11002819837
1545310754537696411,,398,,1545310754,519039618,"""/world""","""vicon/palm/palm""",,,-2.97016266548,1.10163287986,0.10731060672,,-0.170484428852,0.0245586651219,0.978926341099,0.109704832112
1545310754549364845,,399,,1545310754,529257385,"""/world""","""vicon/palm/palm""",,,-2.97012419331,1.1017334158,0.10731160137,,-0.170089247588,0.0244004706932,0.978979754477,0.109876772833
1545310754562165500,,400,,1545310754,539178387,"""/world""","""vicon/palm/palm""",,,-2.97005983698,1.10149512818,0.107416709566,,-0.171610826322,0.0238853437884,0.978708332248,0.11004187853
1545310754568789338,,401,,1545310754,549358926,"""/world""","""vicon/palm/palm""",,,-2.9700061486,1.10155498521,0.107445083826,,-0.170870443271,0.0245652610772,0.978852917248,0.109757942584
1545310754579277426,,402,,1545310754,559170573,"""/world""","""vicon/palm/palm""",,,-2.97016313693,1.10167043659,0.107344709848,,-0.170575033992,0.0242734537492,0.978922971685,0.109657524728
1545310754588353647,,403,,1545310754,569079557,"""/world""","""vicon/palm/palm""",,,-2.9698196482,1.10143228564,0.107613730509,,-0.171102363986,0.0243251548708,0.978831883585,0.109637637501
1545310754599406580,,404,,1545310754,579147065,"""/world""","""vicon/palm/palm""",,,-2.97023424184,1.10176714362,0.107289717302,,-0.170907572078,0.0246909327867,0.978859263646,0.109615243547
1545310754608564924,,405,,1545310754,589967767,"""/world""","""vicon/palm/palm""",,,-2.97002578976,1.10160139646,0.107379544267,,-0.17016844642,0.0245086115909,0.978982642789,0.109704206475
1545310754619636900,,406,,1545310754,599197036,"""/world""","""vicon/palm/palm""",,,-2.97031420616,1.10171567231,0.107196687786,,-0.170300478545,0.0244547862422,0.978936895638,0.109919355878
1545310754629571500,,407,,1545310754,609371791,"""/world""","""vicon/palm/palm""",,,-2.97025256322,1.10164426789,0.107274368549,,-0.170701937327,0.0245000243849,0.978889874891,0.109705105776
1545310754639368875,,408,,1545310754,619116037,"""/world""","""vicon/palm/palm""",,,-2.97022669757,1.10169861456,0.107232002439,,-0.170313997054,0.0246996161207,0.978919286849,0.110000460022
1545310754649094599,,409,,1545310754,629068503,"""/world""","""vicon/palm/palm""",,,-2.97011757192,1.10162327972,0.107363572098,,-0.170612034712,0.0244718793849,0.978922180041,0.109562886759
1545310754659169834,,410,,1545310754,639173256,"""/world""","""vicon/palm/palm""",,,-2.97004791846,1.1015812711,0.107475162086,,-0.171003046632,0.0239649469021,0.978821948545,0.109960140093
1545310754668793979,,411,,1545310754,649283937,"""/world""","""vicon/palm/palm""",,,-2.96997315859,1.10155328143,0.107486090036,,-0.171014494708,0.0245533712027,0.978849090645,0.109570216323
1545310754679769810,,412,,1545310754,659231086,"""/world""","""vicon/palm/palm""",,,-2.96997045218,1.10149106792,0.107513974278,,-0.171106533855,0.0242279081504,0.978804087703,0.109900502429
1545310754689260737,,413,,1545310754,669189647,"""/world""","""vicon/palm/palm""",,,-2.97006370037,1.10158366796,0.107381922833,,-0.170628122494,0.0245990359151,0.978889123073,0.109804444242
1545310754700519600,,414,,1545310754,679536875,"""/world""","""vicon/palm/palm""",,,-2.96975041663,1.10136145084,0.107684187473,,-0.170920208353,0.0238334101116,0.978865764855,0.109727231505
1545310754709757892,,415,,1545310754,689764334,"""/world""","""vicon/palm/palm""",,,-2.97025619501,1.10172164042,0.107211663953,,-0.170414117925,0.0248891337099,0.978924363153,0.109757235122
1545310754719432177,,416,,1545310754,699794578,"""/world""","""vicon/palm/palm""",,,-2.97019070269,1.10165003817,0.107293885416,,-0.170402875613,0.0243152695199,0.978903581137,0.110088175966
1545310754730019993,,417,,1545310754,709020258,"""/world""","""vicon/palm/palm""",,,-2.97019116673,1.1016279624,0.107292276538,,-0.170434725979,0.0242553902024,0.978886831136,0.110200962137
1545310754739467064,,418,,1545310754,719035975,"""/world""","""vicon/palm/palm""",,,-2.96996513981,1.10146192588,0.107455444797,,-0.171393122317,0.024455385071,0.97882939071,0.109175801556
1545310754749338581,,419,,1545310754,729226339,"""/world""","""vicon/palm/palm""",,,-2.97000025117,1.10154313654,0.107484732046,,-0.170889745422,0.0241923880911,0.978862799973,0.109722568765
1545310754759951456,,420,,1545310754,739193851,"""/world""","""vicon/palm/palm""",,,-2.97002165814,1.10158690605,0.107470524446,,-0.170833767653,0.024096928264,0.978861763176,0.109839931129
1545310754769130943,,421,,1545310754,749201660,"""/world""","""vicon/palm/palm""",,,-2.97014328823,1.1016716433,0.10737533125,,-0.1707478239,0.0242743270914,0.97890346398,0.109562520441
1545310754778962290,,422,,1545310754,759071005,"""/world""","""vicon/palm/palm""",,,-2.969908198,1.10145158312,0.10755796158,,-0.171004117111,0.0241498846407,0.978838951438,0.109766489202
1545310754789206463,,423,,1545310754,769078905,"""/world""","""vicon/palm/palm""",,,-2.9703475487,1.10175003721,0.107203893409,,-0.170426221286,0.0243934522195,0.978964318775,0.109493037
1545310754801556412,,424,,1545310754,779932857,"""/world""","""vicon/palm/palm""",,,-2.97012533688,1.10158019247,0.107368017443,,-0.170755034954,0.0244610290544,0.978886580068,0.109660564739
1545310754809193319,,425,,1545310754,789096352,"""/world""","""vicon/palm/palm""",,,-2.96997409032,1.10145264372,0.107503942029,,-0.170722172667,0.0239778788007,0.978886351322,0.109820363704
1545310754818504995,,426,,1545310754,799059368,"""/world""","""vicon/palm/palm""",,,-2.97034406648,1.10175134654,0.107148171565,,-0.170365532622,0.0249807814911,0.978956212296,0.109527531961
1545310754828829142,,427,,1545310754,809055212,"""/world""","""vicon/palm/palm""",,,-2.96997839072,1.10145839974,0.10746727823,,-0.170602651043,0.0242468159816,0.978900739534,0.109818803088
1545310754839566574,,428,,1545310754,819742247,"""/world""","""vicon/palm/palm""",,,-2.96984757717,1.10141509432,0.107612720943,,-0.170849216454,0.0238023505539,0.978862637632,0.109872334972
1545310754849244880,,429,,1545310754,829295068,"""/world""","""vicon/palm/palm""",,,-2.97005417809,1.10161245651,0.107407000208,,-0.170715867153,0.0245441463098,0.978898346746,0.10959792116
1545310754859916482,,430,,1545310754,839277025,"""/world""","""vicon/palm/palm""",,,-2.9699973615,1.10163680002,0.107461572163,,-0.170962311469,0.0245210358255,0.978834430291,0.109789639471
1545310754868525673,,431,,1545310754,849182482,"""/world""","""vicon/palm/palm""",,,-2.96963646358,1.10137479034,0.107807679611,,-0.171461418791,0.0238185001893,0.978770640968,0.109734649465
1545310754878857143,,432,,1545310754,859242115,"""/world""","""vicon/palm/palm""",,,-2.97007069936,1.10159746763,0.107375532558,,-0.171215483673,0.0242293757724,0.978835575778,0.109449125588
1545310754889977429,,433,,1545310754,869087417,"""/world""","""vicon/palm/palm""",,,-2.97027315933,1.10167565107,0.107254096445,,-0.170329565797,0.0242191543768,0.978961529488,0.109706861044
1545310754905538017,,434,,1545310754,879294553,"""/world""","""vicon/palm/palm""",,,-2.97018314208,1.10156282949,0.107234513576,,-0.170755085396,0.0241602538742,0.978886274109,0.109729874263
1545310754909511583,,435,,1545310754,889182163,"""/world""","""vicon/palm/palm""",,,-2.97014693869,1.10159982261,0.107319097622,,-0.170282375118,0.0244280070162,0.978978948189,0.109578301687
1545310754920554463,,436,,1545310754,899292114,"""/world""","""vicon/palm/palm""",,,-2.97016365975,1.10163782276,0.107294780762,,-0.170386048496,0.0246488749301,0.978950004707,0.109626254736
1545310754931584474,,437,,1545310754,910011803,"""/world""","""vicon/palm/palm""",,,-2.96996531436,1.10150117355,0.107520728076,,-0.171050925419,0.024124822986,0.978832797051,0.109753948657
1545310754940471659,,438,,1545310754,919179476,"""/world""","""vicon/palm/palm""",,,-2.96983712241,1.10148331165,0.107622853852,,-0.17131973259,0.0243313666397,0.978832585364,0.109289997949
1545310754947745632,,439,,1545310754,929093070,"""/world""","""vicon/palm/palm""",,,-2.96972619231,1.10140430135,0.107685355391,,-0.170947796598,0.0239793093003,0.978868644192,0.109626734791
1545310754957702803,,440,,1545310754,939970971,"""/world""","""vicon/palm/palm""",,,-2.96993840961,1.10154401056,0.107532437716,,-0.171002816858,0.0242709263651,0.978855319094,0.109595725472
1545310754968200595,,441,,1545310754,949237776,"""/world""","""vicon/palm/palm""",,,-2.97039244472,1.10173663934,0.10712990573,,-0.170064089465,0.0244517880481,0.978995166659,0.109766931244
1545310754979739401,,442,,1545310754,959309251,"""/world""","""vicon/palm/palm""",,,-2.97043713772,1.101840044,0.107039686088,,-0.169711887205,0.0248244226114,0.979054456606,0.109699564188
1545310754989286665,,443,,1545310754,969116332,"""/world""","""vicon/palm/palm""",,,-2.97020493987,1.10162728141,0.107225022852,,-0.170166710878,0.0248631660292,0.978960330437,0.109826157699
1545310755000642385,,444,,1545310754,979092188,"""/world""","""vicon/palm/palm""",,,-2.97006282604,1.10155708212,0.107361768905,,-0.170310229179,0.0245141898501,0.978941630977,0.109848820988
1545310755008543254,,445,,1545310754,989312207,"""/world""","""vicon/palm/palm""",,,-2.97022335401,1.10167359476,0.107270515326,,-0.170291791431,0.0243589196942,0.978960433068,0.109744336029
1545310755018439331,,446,,1545310754,999381736,"""/world""","""vicon/palm/palm""",,,-2.96976054066,1.10145171944,0.10765553185,,-0.171823184056,0.0237983240833,0.978714320908,0.109675481495
1545310755028919931,,447,,1545310755,9302328,"""/world""","""vicon/palm/palm""",,,-2.97003175507,1.10164278906,0.107489155259,,-0.171126185409,0.0243215150979,0.978878496924,0.109184160164
1545310755039333649,,448,,1545310755,19979983,"""/world""","""vicon/palm/palm""",,,-2.96994616147,1.1015832738,0.107482708552,,-0.171484217355,0.0240087532972,0.978742580599,0.109907706215
1545310755048099915,,449,,1545310755,29084709,"""/world""","""vicon/palm/palm""",,,-2.97029446171,1.10173506993,0.1072680739,,-0.170785611924,0.0243756535124,0.978891364642,0.109589226228
1545310755058735418,,450,,1545310755,39360553,"""/world""","""vicon/palm/palm""",,,-2.97007381502,1.10161723817,0.107295852176,,-0.171259738807,0.0238909259791,0.978802644368,0.109748389049
1545310755069447674,,451,,1545310755,49122598,"""/world""","""vicon/palm/palm""",,,-2.9701343967,1.10162285905,0.10731729098,,-0.170374411475,0.0246211340046,0.978953138474,0.109622590493
1545310755078896246,,452,,1545310755,59198225,"""/world""","""vicon/palm/palm""",,,-2.96998147606,1.10149926715,0.10746334585,,-0.170608725378,0.0242315179803,0.978886704593,0.109937782098
1545310755090914718,,453,,1545310755,69119109,"""/world""","""vicon/palm/palm""",,,-2.97010851955,1.1016019686,0.107365574007,,-0.170548469943,0.0243273408693,0.978896193022,0.109925625641
1545310755099849410,,454,,1545310755,79218758,"""/world""","""vicon/palm/palm""",,,-2.9700303679,1.10158122167,0.107455823773,,-0.170723591352,0.024250430745,0.978926870851,0.109396313881
1545310755110459851,,455,,1545310755,89495805,"""/world""","""vicon/palm/palm""",,,-2.96966833698,1.10139375829,0.10775744376,,-0.171180121009,0.0238472334009,0.978809333144,0.109822424766
1545310755119526893,,456,,1545310755,99177989,"""/world""","""vicon/palm/palm""",,,-2.96998440761,1.10159787338,0.107476100484,,-0.170840472702,0.0243894478328,0.978875122578,0.109645711816
1545310755128453868,,457,,1545310755,109111791,"""/world""","""vicon/palm/palm""",,,-2.97001370063,1.10152412759,0.10750769453,,-0.171180645697,0.0242722157041,0.978861537541,0.109261779255
1545310755139829107,,458,,1545310755,119245883,"""/world""","""vicon/palm/palm""",,,-2.96988518099,1.10147240643,0.107504455125,,-0.170378997721,0.0243395154754,0.978945166205,0.109749472376
1545310755149239303,,459,,1545310755,129208087,"""/world""","""vicon/palm/palm""",,,-2.96998278568,1.10156855804,0.107455608408,,-0.170574162406,0.024208999621,0.978872039925,0.110126785618
1545310755158706816,,460,,1545310755,139185306,"""/world""","""vicon/palm/palm""",,,-2.97010363696,1.10155849783,0.107346400592,,-0.170488426992,0.0245327371634,0.978904195746,0.109901849936
1545310755168651982,,461,,1545310755,149217743,"""/world""","""vicon/palm/palm""",,,-2.96986151759,1.10142266729,0.107555640301,,-0.171503288162,0.024098820984,0.978784803856,0.109481398952
1545310755179165369,,462,,1545310755,159234641,"""/world""","""vicon/palm/palm""",,,-2.9702268896,1.10167408125,0.107274998984,,-0.170479365289,0.0244872098211,0.978933104273,0.109668317783
1545310755189551952,,463,,1545310755,169218924,"""/world""","""vicon/palm/palm""",,,-2.96945117533,1.10119384438,0.107950715372,,-0.171801959258,0.0239483648976,0.978716818791,0.109653778913
1545310755199473287,,464,,1545310755,179113925,"""/world""","""vicon/palm/palm""",,,-2.97008310256,1.10163517895,0.107416896881,,-0.17095253222,0.0242585587068,0.978809799814,0.110082377538
1545310755209258998,,465,,1545310755,189153129,"""/world""","""vicon/palm/palm""",,,-2.96996302904,1.10157320056,0.107493830829,,-0.170907238869,0.0243367084329,0.978846786473,0.109806233593
1545310755220788749,,466,,1545310755,199309365,"""/world""","""vicon/palm/palm""",,,-2.97007743313,1.10162851649,0.107434819668,,-0.17075747091,0.0241175616181,0.97890900306,0.109532611942
1545310755229956482,,467,,1545310755,209221555,"""/world""","""vicon/palm/palm""",,,-2.97001133701,1.10149668084,0.107432203516,,-0.170608971115,0.0244541261646,0.97891108232,0.109670723529
1545310755239942086,,468,,1545310755,219399850,"""/world""","""vicon/palm/palm""",,,-2.96990868561,1.10147419416,0.107488947271,,-0.171002511148,0.023873578287,0.978853296137,0.109701495349
1545310755249488957,,469,,1545310755,229245386,"""/world""","""vicon/palm/palm""",,,-2.96995382712,1.10149710102,0.107481738704,,-0.170841000956,0.0245109419757,0.978857839816,0.10977201623
1545310755259532106,,470,,1545310755,239336396,"""/world""","""vicon/palm/palm""",,,-2.97009307407,1.10164060689,0.107396196038,,-0.170805626784,0.0245307501983,0.978906405225,0.109388893233
1545310755269489514,,471,,1545310755,249261196,"""/world""","""vicon/palm/palm""",,,-2.9695715812,1.10124890439,0.107831264361,,-0.171566269329,0.0242097282911,0.97876478629,0.109537196441
1545310755281301469,,472,,1545310755,259204825,"""/world""","""vicon/palm/palm""",,,-2.9699172924,1.10152670365,0.10757112036,,-0.170987902795,0.0239074621293,0.978844567439,0.109794731877
1545310755290633669,,473,,1545310755,269220774,"""/world""","""vicon/palm/palm""",,,-2.97016368482,1.10170958231,0.107312620556,,-0.17114085373,0.0241072964197,0.978820630424,0.109726113117
1545310755300852872,,474,,1545310755,279271167,"""/world""","""vicon/palm/palm""",,,-2.97012968336,1.10158380348,0.107325266099,,-0.170400135664,0.0245983532669,0.978951525737,0.109602121506
1545310755309401119,,475,,1545310755,289349083,"""/world""","""vicon/palm/palm""",,,-2.96999918379,1.10154765104,0.107442936991,,-0.170750012824,0.0244982857108,0.97886642344,0.109839847864
1545310755319884301,,476,,1545310755,299214592,"""/world""","""vicon/palm/palm""",,,-2.97002012967,1.10154949985,0.107438361313,,-0.170467348686,0.0241331777844,0.978927858542,0.109812205755
1545310755328344184,,477,,1545310755,309111460,"""/world""","""vicon/palm/palm""",,,-2.97066201849,1.10199187002,0.106914618006,,-0.169863135437,0.0247428769284,0.979046813626,0.109552005869
1545310755338432041,,478,,1545310755,319189687,"""/world""","""vicon/palm/palm""",,,-2.97014848542,1.10165602476,0.107365707369,,-0.17070670652,0.0242430526916,0.978891768258,0.109737873049
1545310755349372427,,479,,1545310755,329221083,"""/world""","""vicon/palm/palm""",,,-2.96966031265,1.10131554801,0.107793336449,,-0.171483761823,0.0239268805861,0.978797018561,0.109440487353
1545310755361334412,,480,,1545310755,339320877,"""/world""","""vicon/palm/palm""",,,-2.96984267969,1.10146899368,0.107549544509,,-0.170640362379,0.0244085310132,0.978901183352,0.109720388134
1545310755369267267,,481,,1545310755,349239248,"""/world""","""vicon/palm/palm""",,,-2.96984438471,1.1014629231,0.10757724205,,-0.170764881238,0.0242828766056,0.978908359526,0.109490277605
1545310755379595055,,482,,1545310755,359133945,"""/world""","""vicon/palm/palm""",,,-2.97026685137,1.10171873715,0.107255933695,,-0.170417845343,0.0243138618795,0.978938823352,0.109751420233
1545310755388116761,,483,,1545310755,369086324,"""/world""","""vicon/palm/palm""",,,-2.97003229282,1.1015763198,0.107419110462,,-0.170698637132,0.02454362599,0.978897613264,0.109631420912
1545310755398695057,,484,,1545310755,379076117,"""/world""","""vicon/palm/palm""",,,-2.97014910937,1.10155823466,0.107375828616,,-0.170770544721,0.0241115959657,0.978860780063,0.109943736745
1545310755408991894,,485,,1545310755,389094080,"""/world""","""vicon/palm/palm""",,,-2.97004854072,1.10154564396,0.107417830337,,-0.170616325345,0.0243730117138,0.978921075715,0.109588107692
1545310755418970528,,486,,1545310755,399181146,"""/world""","""vicon/palm/palm""",,,-2.97009271954,1.10162146484,0.1073683165,,-0.171107129742,0.0239335261137,0.978839695691,0.109646644359
1545310755428756986,,487,,1545310755,409073532,"""/world""","""vicon/palm/palm""",,,-2.97019620646,1.10168235639,0.107296835667,,-0.170630770746,0.0246386177267,0.97891042465,0.109601364515
1545310755438361190,,488,,1545310755,419843106,"""/world""","""vicon/palm/palm""",,,-2.97002617967,1.10154219779,0.107429952344,,-0.170734912751,0.0244354277872,0.978873094471,0.109817869029
1545310755449742801,,489,,1545310755,429122179,"""/world""","""vicon/palm/palm""",,,-2.9702735047,1.1017166194,0.107266946942,,-0.170584101703,0.024280129714,0.978905483387,0.109797969665
1545310755462616712,,490,,1545310755,439301432,"""/world""","""vicon/palm/palm""",,,-2.97006838049,1.10162775932,0.107369336447,,-0.170456914917,0.0244713947324,0.978899419907,0.11000689389
1545310755469719560,,491,,1545310755,449247922,"""/world""","""vicon/palm/palm""",,,-2.97003932234,1.10153398683,0.107428589883,,-0.170889811252,0.024575757657,0.978866674945,0.109602633306
1545310755479149224,,492,,1545310755,459124137,"""/world""","""vicon/palm/palm""",,,-2.97030850005,1.10174864256,0.10709970119,,-0.171046268211,0.0243501522606,0.978848329829,0.10957276763
1545310755489298562,,493,,1545310755,469020622,"""/world""","""vicon/palm/palm""",,,-2.9702457174,1.10162762938,0.107305617293,,-0.170675661136,0.0241667178403,0.978900805681,0.109722381866
1545310755500173472,,494,,1545310755,479106325,"""/world""","""vicon/palm/palm""",,,-2.97004520993,1.10152096901,0.107437271705,,-0.171013681078,0.024414793401,0.978806051879,0.109986142551
1545310755509315558,,495,,1545310755,489100458,"""/world""","""vicon/palm/palm""",,,-2.96960527143,1.10133701047,0.107780589221,,-0.170989706107,0.0239263026516,0.978855626674,0.109689172555
1545310755519184544,,496,,1545310755,499962598,"""/world""","""vicon/palm/palm""",,,-2.97006599294,1.10152296095,0.107431544942,,-0.170908758524,0.0243591651107,0.978868547955,0.10960471322
1545310755530077702,,497,,1545310755,509181271,"""/world""","""vicon/palm/palm""",,,-2.97001651572,1.10161112834,0.107426389394,,-0.170672221888,0.0245295373055,0.97889647532,0.109685847225
1545310755542161112,,498,,1545310755,519093685,"""/world""","""vicon/palm/palm""",,,-2.96987643345,1.10146756583,0.107625129718,,-0.17124175129,0.0238659715006,0.978807424396,0.109739254444
1545310755549276695,,499,,1545310755,529078591,"""/world""","""vicon/palm/palm""",,,-2.97009711594,1.10160836061,0.107389041708,,-0.170684818506,0.0243204363099,0.978885986813,0.109806347408
1545310755557894885,,500,,1545310755,539381037,"""/world""","""vicon/palm/palm""",,,-2.97003866212,1.10157457793,0.107404655386,,-0.170593357582,0.0243973975965,0.978868573267,0.11008628257
1545310755568131624,,501,,1545310755,549190472,"""/world""","""vicon/palm/palm""",,,-2.97014092902,1.10166932221,0.107365075128,,-0.17074191129,0.0243750376989,0.978893235852,0.109640731799
1545310755578172025,,502,,1545310755,559172928,"""/world""","""vicon/palm/palm""",,,-2.97022966487,1.10169015904,0.107265897164,,-0.170466260244,0.0246291818952,0.978954667874,0.109464221392
1545310755587765564,,503,,1545310755,569006390,"""/world""","""vicon/palm/palm""",,,-2.97008231796,1.10159313531,0.107393961043,,-0.170667600218,0.0243618400513,0.978888561425,0.109800980402
1545310755598059320,,504,,1545310755,579236604,"""/world""","""vicon/palm/palm""",,,-2.97014977394,1.10160714864,0.107305730121,,-0.170402849202,0.0246100444059,0.978931769431,0.10977160606
1545310755612124624,,505,,1545310755,589188801,"""/world""","""vicon/palm/palm""",,,-2.97016816197,1.10166494494,0.107355173099,,-0.170472534507,0.0240121134245,0.978945028909,0.109677544472
1545310755626564407,,506,,1545310755,599325579,"""/world""","""vicon/palm/palm""",,,-2.969964973,1.10153771485,0.107492251009,,-0.171013097857,0.0244261539058,0.978815219197,0.10990291186
1545310755630662322,,507,,1545310755,609160343,"""/world""","""vicon/palm/palm""",,,-2.97009312737,1.10165064626,0.107413008842,,-0.171428630114,0.0237068446042,0.978769509466,0.109820114896
1545310755638829371,,508,,1545310755,619493365,"""/world""","""vicon/palm/palm""",,,-2.97020428748,1.10167896415,0.107323544619,,-0.170828685861,0.0244407374506,0.978876498728,0.109640369746
1545310755648721728,,509,,1545310755,629575855,"""/world""","""vicon/palm/palm""",,,-2.97003764838,1.10158060393,0.107455905035,,-0.170908762301,0.0243152935902,0.978875452882,0.109552769068
1545310755659144301,,510,,1545310755,639187044,"""/world""","""vicon/palm/palm""",,,-2.97011244917,1.10162294125,0.107403555298,,-0.17073649634,0.0241604652108,0.978903050094,0.109609029074
1545310755668552763,,511,,1545310755,649110071,"""/world""","""vicon/palm/palm""",,,-2.97013347201,1.10162496489,0.107349929146,,-0.170598993247,0.0244900103649,0.97892274693,0.109574077401
1545310755684222120,,512,,1545310755,660106324,"""/world""","""vicon/palm/palm""",,,-2.96991245425,1.10152454793,0.107524453449,,-0.170666165992,0.0241112396485,0.978878624454,0.109947016766
1545310755689888017,,513,,1545310755,669181704,"""/world""","""vicon/palm/palm""",,,-2.96997968758,1.10149153647,0.107498118603,,-0.170835815953,0.0241719220218,0.978881373409,0.109645332624
1545310755698697828,,514,,1545310755,679280503,"""/world""","""vicon/palm/palm""",,,-2.96979259693,1.10140733949,0.107607729134,,-0.171011490595,0.0244949419407,0.978838961099,0.109678421485
1545310755708489866,,515,,1545310755,689145974,"""/world""","""vicon/palm/palm""",,,-2.9699500154,1.1015286804,0.107503074409,,-0.171401121621,0.0238244793396,0.978787816395,0.10967433687
1545310755718847349,,516,,1545310755,699758462,"""/world""","""vicon/palm/palm""",,,-2.97007374432,1.10159626506,0.107401899064,,-0.170615703857,0.0242755106584,0.978896055291,0.10983393881
1545310755728692790,,517,,1545310755,709091609,"""/world""","""vicon/palm/palm""",,,-2.9698179322,1.1014071995,0.107628418371,,-0.171202360614,0.0242887415112,0.978822476436,0.109573575185
1545310755739526148,,518,,1545310755,719327313,"""/world""","""vicon/palm/palm""",,,-2.96987595101,1.10152454119,0.107550517224,,-0.170732284815,0.0243013494771,0.978908840019,0.10953270867
1545310755749561230,,519,,1545310755,730018711,"""/world""","""vicon/palm/palm""",,,-2.97008606094,1.10162076569,0.107391619593,,-0.170728779236,0.024511089227,0.978903421682,0.109539862444
1545310755759323450,,520,,1545310755,739252171,"""/world""","""vicon/palm/palm""",,,-2.96984555748,1.10141558509,0.107572588075,,-0.170913649355,0.0243938904099,0.978856193944,0.109699654291
1545310755769657499,,521,,1545310755,749161743,"""/world""","""vicon/palm/palm""",,,-2.97020111633,1.10167225085,0.107282329352,,-0.170421362369,0.0245180917528,0.978934600297,0.109738191923
1545310755780256479,,522,,1545310755,760104945,"""/world""","""vicon/palm/palm""",,,-2.96994072891,1.10147545922,0.10748532756,,-0.170442422286,0.0241808772961,0.978932601918,0.109798118198
1545310755791154314,,523,,1545310755,769267538,"""/world""","""vicon/palm/palm""",,,-2.97017736984,1.101644062,0.107264929951,,-0.170710662999,0.0239641049679,0.978856887976,0.110103515268
1545310755799091058,,524,,1545310755,779030752,"""/world""","""vicon/palm/palm""",,,-2.96996660587,1.10149365658,0.10748419814,,-0.170874606311,0.0244715348727,0.978869357838,0.109625695827
1545310755808518909,,525,,1545310755,789191954,"""/world""","""vicon/palm/palm""",,,-2.96985766201,1.10147129003,0.107584931156,,-0.170871736803,0.0241284905644,0.978871771725,0.109684638965
1545310755819110842,,526,,1545310755,799052749,"""/world""","""vicon/palm/palm""",,,-2.97016140753,1.10168265798,0.107366724516,,-0.17066368277,0.024200260744,0.978934179552,0.109435491808
1545310755829667851,,527,,1545310755,809330086,"""/world""","""vicon/palm/palm""",,,-2.96994438298,1.10155496415,0.107499390529,,-0.170980031219,0.0245578545995,0.978846325463,0.109647671336
1545310755838814400,,528,,1545310755,819094047,"""/world""","""vicon/palm/palm""",,,-2.96988698392,1.10147981161,0.107605748053,,-0.171220077584,0.0239603687387,0.978801116523,0.109808743076
1545310755852746168,,529,,1545310755,829270636,"""/world""","""vicon/palm/palm""",,,-2.96979303292,1.10140409111,0.1076479286,,-0.170895444481,0.0239080774379,0.978867587142,0.109733302746
1545310755861484825,,530,,1545310755,839253483,"""/world""","""vicon/palm/palm""",,,-2.97013627109,1.10161658543,0.107342204579,,-0.171182888963,0.0239179551978,0.978809420592,0.109801949467
1545310755871348884,,531,,1545310755,849238928,"""/world""","""vicon/palm/palm""",,,-2.97019904205,1.10163851703,0.107287657005,,-0.170639129465,0.0247178965837,0.978903464596,0.109632659756
1545310755880320522,,532,,1545310755,859322917,"""/world""","""vicon/palm/palm""",,,-2.96998549305,1.10149828924,0.107478598269,,-0.170686243731,0.0240964872373,0.978874894958,0.109952287494
1545310755888809128,,533,,1545310755,869420149,"""/world""","""vicon/palm/palm""",,,-2.96996747874,1.10154409251,0.107449634132,,-0.17057220929,0.0245296067771,0.978909799212,0.109722490016
1545310755899264123,,534,,1545310755,879470180,"""/world""","""vicon/palm/palm""",,,-2.96996150107,1.10158619954,0.107520007764,,-0.171162928315,0.0242874847503,0.978795618009,0.109874966308
1545310755910793257,,535,,1545310755,889282640,"""/world""","""vicon/palm/palm""",,,-2.97016772652,1.10177187235,0.1073300977,,-0.170766603717,0.0245464254792,0.978876150342,0.109716554549
1545310755922047417,,536,,1545310755,900053090,"""/world""","""vicon/palm/palm""",,,-2.97005025172,1.10162373105,0.107372760459,,-0.171299415172,0.0243350885707,0.978785615601,0.109740751406
1545310755930791077,,537,,1545310755,909455255,"""/world""","""vicon/palm/palm""",,,-2.96980512318,1.10134780847,0.107636583258,,-0.171130887823,0.0242172683103,0.978849794847,0.109456942572
1545310755939444567,,538,,1545310755,919569686,"""/world""","""vicon/palm/palm""",,,-2.96999504094,1.10149578134,0.107463630013,,-0.170895765488,0.0244280453602,0.978840775617,0.109857379944
1545310755949301920,,539,,1545310755,929028764,"""/world""","""vicon/palm/palm""",,,-2.96997929104,1.10153779054,0.107515528425,,-0.170773939086,0.0238926256604,0.978890664054,0.109719970815
1545310755959091441,,540,,1545310755,939174521,"""/world""","""vicon/palm/palm""",,,-2.97012380994,1.1015981763,0.107371495145,,-0.170752423005,0.0243132130305,0.978852464402,0.110001502918
1545310755970005569,,541,,1545310755,949704130,"""/world""","""vicon/palm/palm""",,,-2.97008606393,1.10156590348,0.107369330915,,-0.170492000869,0.0244625869528,0.978922176351,0.109751683939
1545310755978886908,,542,,1545310755,959207790,"""/world""","""vicon/palm/palm""",,,-2.97041941141,1.10182033566,0.107140171623,,-0.171005519625,0.0239969536881,0.978844685016,0.109746713333
1545310755989029125,,543,,1545310755,969062468,"""/world""","""vicon/palm/palm""",,,-2.96990504011,1.10155728649,0.107536701743,,-0.170832129189,0.0241814708737,0.978847111287,0.109954412502
1545310755999532895,,544,,1545310755,979100756,"""/world""","""vicon/palm/palm""",,,-2.96990419238,1.10152348748,0.107561126311,,-0.171242307944,0.0244718319726,0.97882145417,0.109479506148
1545310756012141810,,545,,1545310755,989582819,"""/world""","""vicon/palm/palm""",,,-2.97015821714,1.10170751602,0.107343027965,,-0.17087184991,0.0245878553985,0.978855791343,0.109725056527
1545310756019233211,,546,,1545310755,999904764,"""/world""","""vicon/palm/palm""",,,-2.96998242031,1.10156161478,0.107466098265,,-0.170821556517,0.0244693437439,0.978866912317,0.109730647571
1545310756028457156,,547,,1545310756,10089226,"""/world""","""vicon/palm/palm""",,,-2.97003497926,1.10151563583,0.107444254882,,-0.171085214472,0.0245308699636,0.97880630431,0.109846731632
1545310756038698489,,548,,1545310756,19052059,"""/world""","""vicon/palm/palm""",,,-2.97011657456,1.10158904911,0.107352719607,,-0.170441259198,0.0244243663889,0.978948300272,0.109605898036
1545310756048151641,,549,,1545310756,29083768,"""/world""","""vicon/palm/palm""",,,-2.97032644882,1.10177024477,0.10719924471,,-0.170508737443,0.0245953282486,0.978916859304,0.109743441058
1545310756060692239,,550,,1545310756,39163234,"""/world""","""vicon/palm/palm""",,,-2.9701512531,1.10162897404,0.107340069039,,-0.170516068375,0.0244006939203,0.978943120383,0.109541059045
1545310756069437929,,551,,1545310756,49027520,"""/world""","""vicon/palm/palm""",,,-2.96992015539,1.10149253128,0.107559504564,,-0.171280099046,0.0243870536115,0.978810529394,0.109536965607
1545310756082780903,,552,,1545310756,59231147,"""/world""","""vicon/palm/palm""",,,-2.96989361179,1.10146235929,0.10760546346,,-0.171429776807,0.0241835706591,0.97878183614,0.109604305462
1545310756090486957,,553,,1545310756,69281228,"""/world""","""vicon/palm/palm""",,,-2.97004472958,1.10160480461,0.107469713666,,-0.171072554863,0.0241845244205,0.97882667568,0.109761690619
1545310756101691813,,554,,1545310756,80150695,"""/world""","""vicon/palm/palm""",,,-2.9700823789,1.10162320702,0.107407502326,,-0.170639595832,0.0242606792541,0.978923732366,0.109553064713
1545310756110358241,,555,,1545310756,89246344,"""/world""","""vicon/palm/palm""",,,-2.97020482713,1.10168073955,0.107298557804,,-0.170722587689,0.0245299296128,0.978871689932,0.109828481078
1545310756118670043,,556,,1545310756,99333246,"""/world""","""vicon/palm/palm""",,,-2.97024196729,1.10169925155,0.107260912804,,-0.170374519242,0.0243226594624,0.978920603673,0.109979012249
1545310756129000514,,557,,1545310756,109242961,"""/world""","""vicon/palm/palm""",,,-2.96995186774,1.10145612316,0.107562381823,,-0.170960150915,0.0237415165392,0.978860219341,0.109734398357
1545310756141370710,,558,,1545310756,119166090,"""/world""","""vicon/palm/palm""",,,-2.97002228269,1.10149089427,0.107465018591,,-0.170561630066,0.0239732384856,0.978936723407,0.109621648186
1545310756151222285,,559,,1545310756,129486363,"""/world""","""vicon/palm/palm""",,,-2.97005629273,1.10154514012,0.107442939515,,-0.170798379863,0.0241809165622,0.978887281717,0.109648923399
1545310756160860677,,560,,1545310756,139097822,"""/world""","""vicon/palm/palm""",,,-2.96991512825,1.1014453779,0.107509472571,,-0.170797626384,0.0244867700706,0.978878282968,0.109662555351
1545310756170472152,,561,,1545310756,149404256,"""/world""","""vicon/palm/palm""",,,-2.96962841595,1.10136808937,0.10776989759,,-0.171003647397,0.0239137188734,0.97886222773,0.10961124828
1545310756180806773,,562,,1545310756,160030403,"""/world""","""vicon/palm/palm""",,,-2.96959685243,1.10128860729,0.107835735035,,-0.171460562382,0.0238940480965,0.978799194937,0.109464542222
1545310756190759861,,563,,1545310756,169101727,"""/world""","""vicon/palm/palm""",,,-2.97000261886,1.10148001519,0.107528128881,,-0.171464367469,0.0242165336123,0.978757105764,0.109763646554
1545310756201190667,,564,,1545310756,180029914,"""/world""","""vicon/palm/palm""",,,-2.97016134144,1.10168143624,0.107316715326,,-0.170591105948,0.0244661997921,0.97886717332,0.110086950339
1545310756208637673,,565,,1545310756,190075463,"""/world""","""vicon/palm/palm""",,,-2.9701603721,1.10158183913,0.107340479593,,-0.170468242579,0.0242439207551,0.97894335918,0.109648119435
1545310756218447068,,566,,1545310756,199089655,"""/world""","""vicon/palm/palm""",,,-2.97002304731,1.10158342321,0.107380569888,,-0.17112365591,0.0240658313175,0.978807190046,0.109881822269
1545310756229194360,,567,,1545310756,209228205,"""/world""","""vicon/palm/palm""",,,-2.96987010094,1.10144131205,0.107564037762,,-0.170886321032,0.0241257903895,0.978818912719,0.11013331751
1545310756240513194,,568,,1545310756,219958901,"""/world""","""vicon/palm/palm""",,,-2.97016551858,1.1016431327,0.107298694826,,-0.170320579754,0.0244369722928,0.978932875113,0.10992797879
1545310756248702388,,569,,1545310756,229198464,"""/world""","""vicon/palm/palm""",,,-2.97003340936,1.10146343195,0.107451406874,,-0.170831184991,0.0242976873416,0.978881222933,0.109626091851
1545310756259072049,,570,,1545310756,239011157,"""/world""","""vicon/palm/palm""",,,-2.96988345417,1.10147642391,0.107559708567,,-0.170561952331,0.0239251284009,0.978932030515,0.109673553241
1545310756271149578,,571,,1545310756,249025573,"""/world""","""vicon/palm/palm""",,,-2.97006644138,1.10160977887,0.107430795874,,-0.170942817137,0.0243273767066,0.978841528344,0.109799792353
1545310756281365289,,572,,1545310756,259169346,"""/world""","""vicon/palm/palm""",,,-2.96976887216,1.10141591929,0.107673174745,,-0.171330202067,0.0242707206623,0.978802098746,0.10955978034
1545310756291165490,,573,,1545310756,269364726,"""/world""","""vicon/palm/palm""",,,-2.9701531842,1.10165721322,0.107330182534,,-0.170621746954,0.0246680635001,0.978939925709,0.109344995136
1545310756304185660,,574,,1545310756,279367549,"""/world""","""vicon/palm/palm""",,,-2.97015419083,1.1015328605,0.107385070984,,-0.17100102157,0.0243678041628,0.978870977134,0.109437063497
1545310756311519574,,575,,1545310756,289314960,"""/world""","""vicon/palm/palm""",,,-2.97034146919,1.10171856593,0.107209818187,,-0.170550113945,0.0243438506509,0.97889745314,0.109908197171
1545310756320326217,,576,,1545310756,300026006,"""/world""","""vicon/palm/palm""",,,-2.97028453408,1.10167306373,0.10719031006,,-0.170415846469,0.0248815901943,0.978912858213,0.109858826528
1545310756329608140,,577,,1545310756,309234627,"""/world""","""vicon/palm/palm""",,,-2.9701737203,1.10157559939,0.107313157373,,-0.170725050725,0.0246395583754,0.978870635082,0.109809512303
1545310756339816915,,578,,1545310756,319151863,"""/world""","""vicon/palm/palm""",,,-2.96999422208,1.10148527116,0.107489050859,,-0.17080100548,0.0240222189966,0.978856459582,0.109954449916
1545310756349629169,,579,,1545310756,329277111,"""/world""","""vicon/palm/palm""",,,-2.97011481857,1.10165425681,0.10735343977,,-0.170612012337,0.0244956004131,0.978889042296,0.109853309822
1545310756359786635,,580,,1545310756,339072308,"""/world""","""vicon/palm/palm""",,,-2.97004711866,1.10159433823,0.107472599763,,-0.17096534715,0.023992406596,0.978839487313,0.109856600061
1545310756369972021,,581,,1545310756,349152347,"""/world""","""vicon/palm/palm""",,,-2.96989298936,1.10150710863,0.107541713317,,-0.170928629068,0.0242862464429,0.97881996675,0.110022973468
1545310756378822067,,582,,1545310756,359113713,"""/world""","""vicon/palm/palm""",,,-2.96995993891,1.10158862316,0.107481580665,,-0.170838954787,0.0244573026858,0.978856201738,0.109801767703
1545310756389199109,,583,,1545310756,369222359,"""/world""","""vicon/palm/palm""",,,-2.96990424044,1.10145434138,0.107514733916,,-0.170682818547,0.0243037938415,0.978877615007,0.109887742244
1545310756399307286,,584,,1545310756,379122155,"""/world""","""vicon/palm/palm""",,,-2.97020695458,1.1016528347,0.107306800672,,-0.170527545999,0.0240858292909,0.978931157627,0.109699669602
1545310756408888003,,585,,1545310756,389047517,"""/world""","""vicon/palm/palm""",,,-2.97051614775,1.10182094536,0.107025678866,,-0.170070964183,0.0245785255162,0.978983876295,0.109828653725
1545310756419194918,,586,,1545310756,399055983,"""/world""","""vicon/palm/palm""",,,-2.9703838603,1.1017631983,0.107062995008,,-0.170640163986,0.0246407081731,0.978875592529,0.109896971239
1545310756431698069,,587,,1545310756,409089811,"""/world""","""vicon/palm/palm""",,,-2.97011841438,1.10158604087,0.10736718028,,-0.17085472373,0.0245788550626,0.978852925896,0.109779290978
1545310756441345773,,588,,1545310756,419289122,"""/world""","""vicon/palm/palm""",,,-2.97006241258,1.10162123422,0.107423878863,,-0.17075223677,0.0243719135093,0.978910759664,0.109468753917
1545310756449103539,,589,,1545310756,429179203,"""/world""","""vicon/palm/palm""",,,-2.96982470972,1.10149101068,0.107631397366,,-0.17210105819,0.0238761158826,0.978652196359,0.109777208116
